-- Archive import for Euro 2024. Generated by scripts/generate_archive_import.py
-- Run after supabase/schema.sql and supabase/seed_players.sql.

begin;

insert into public.competitions (id, name, year, status) values
  ('euro-2024', 'Euro 2024', 2024, 'archived')
on conflict (id) do update set name = excluded.name, year = excluded.year, status = excluded.status;

insert into public.matches (id, external_id, competition_id, league, home_team, away_team, home_logo, away_logo, handicap, handicap_is_manual, kickoff_at, display_time, display_date, stadium, status, home_goals, away_goals, home_scorers, away_scorers, live_time_text, is_hot, last_synced_at, odds_updated_at, match_type, match_group) values
  ('euro2024_001', 'euro2024_1', 'euro-2024', 'EURO', 'Germany', 'Scotland', 'https://flagcdn.com/de.svg', 'https://flagcdn.com/gb-sct.svg', -1.5, true, '2024-06-15T02:00:00+07:00', '02:00', '15 Jun 2024', 'Euro 2024', 'FINISHED', 5, 1, '{}', '{}', null, false, now(), null, 'group', 'A'),
  ('euro2024_002', 'euro2024_2', 'euro-2024', 'EURO', 'Hungary', 'Switzerland', 'https://flagcdn.com/hu.svg', 'https://flagcdn.com/ch.svg', 0.25, true, '2024-06-15T20:00:00+07:00', '20:00', '15 Jun 2024', 'Euro 2024', 'FINISHED', 1, 3, '{}', '{}', null, false, now(), null, 'group', 'A'),
  ('euro2024_003', 'euro2024_3', 'euro-2024', 'EURO', 'Spain', 'Croatia', 'https://flagcdn.com/es.svg', 'https://flagcdn.com/hr.svg', -0.5, true, '2024-06-15T23:00:00+07:00', '23:00', '15 Jun 2024', 'Euro 2024', 'FINISHED', 3, 0, '{}', '{}', null, false, now(), null, 'group', 'B'),
  ('euro2024_004', 'euro2024_4', 'euro-2024', 'EURO', 'Italy', 'Albania', 'https://flagcdn.com/it.svg', 'https://flagcdn.com/al.svg', -1.25, true, '2024-06-16T02:00:00+07:00', '02:00', '16 Jun 2024', 'Euro 2024', 'FINISHED', 2, 1, '{}', '{}', null, false, now(), null, 'group', 'B'),
  ('euro2024_005', 'euro2024_5', 'euro-2024', 'EURO', 'Poland', 'Netherlands', 'https://flagcdn.com/pl.svg', 'https://flagcdn.com/nl.svg', 1.0, true, '2024-06-16T20:00:00+07:00', '20:00', '16 Jun 2024', 'Euro 2024', 'FINISHED', 1, 2, '{}', '{}', null, false, now(), null, 'group', 'D'),
  ('euro2024_006', 'euro2024_6', 'euro-2024', 'EURO', 'Slovenia', 'Denmark', 'https://flagcdn.com/si.svg', 'https://flagcdn.com/dk.svg', 0.75, true, '2024-06-16T23:00:00+07:00', '23:00', '16 Jun 2024', 'Euro 2024', 'FINISHED', 1, 1, '{}', '{}', null, false, now(), null, 'group', 'C'),
  ('euro2024_007', 'euro2024_7', 'euro-2024', 'EURO', 'Serbia', 'England', 'https://flagcdn.com/rs.svg', 'https://flagcdn.com/gb-eng.svg', 1.0, true, '2024-06-17T02:00:00+07:00', '02:00', '17 Jun 2024', 'Euro 2024', 'FINISHED', 0, 1, '{}', '{}', null, false, now(), null, 'group', 'C'),
  ('euro2024_008', 'euro2024_8', 'euro-2024', 'EURO', 'Romania', 'Ukraine', 'https://flagcdn.com/ro.svg', 'https://flagcdn.com/ua.svg', 0.5, true, '2024-06-17T20:00:00+07:00', '20:00', '17 Jun 2024', 'Euro 2024', 'FINISHED', 3, 0, '{}', '{}', null, false, now(), null, 'group', 'E'),
  ('euro2024_009', 'euro2024_9', 'euro-2024', 'EURO', 'Belgium', 'Slovakia', 'https://flagcdn.com/be.svg', 'https://flagcdn.com/sk.svg', -1.0, true, '2024-06-17T23:00:00+07:00', '23:00', '17 Jun 2024', 'Euro 2024', 'FINISHED', 0, 1, '{}', '{}', null, false, now(), null, 'group', 'E'),
  ('euro2024_010', 'euro2024_10', 'euro-2024', 'EURO', 'Austria', 'France', 'https://flagcdn.com/at.svg', 'https://flagcdn.com/fr.svg', 1.0, true, '2024-06-18T02:00:00+07:00', '02:00', '18 Jun 2024', 'Euro 2024', 'FINISHED', 0, 1, '{}', '{}', null, false, now(), null, 'group', 'D'),
  ('euro2024_011', 'euro2024_11', 'euro-2024', 'EURO', 'Turkey', 'Georgia', 'https://flagcdn.com/tr.svg', 'https://flagcdn.com/ge.svg', -0.75, true, '2024-06-18T23:00:00+07:00', '23:00', '18 Jun 2024', 'Euro 2024', 'FINISHED', 3, 1, '{}', '{}', null, false, now(), null, 'group', 'F'),
  ('euro2024_012', 'euro2024_12', 'euro-2024', 'EURO', 'Portugal', 'Czech Republic', 'https://flagcdn.com/pt.svg', 'https://flagcdn.com/cz.svg', -1.0, true, '2024-06-19T02:00:00+07:00', '02:00', '19 Jun 2024', 'Euro 2024', 'FINISHED', 2, 1, '{}', '{}', null, false, now(), null, 'group', 'F'),
  ('euro2024_013', 'euro2024_13', 'euro-2024', 'EURO', 'Croatia', 'Albania', 'https://flagcdn.com/hr.svg', 'https://flagcdn.com/al.svg', -1.25, true, '2024-06-19T20:00:00+07:00', '20:00', '19 Jun 2024', 'Euro 2024', 'FINISHED', 2, 2, '{}', '{}', null, false, now(), null, 'group', 'B'),
  ('euro2024_014', 'euro2024_14', 'euro-2024', 'EURO', 'Germany', 'Hungary', 'https://flagcdn.com/de.svg', 'https://flagcdn.com/hu.svg', -1.75, true, '2024-06-19T23:00:00+07:00', '23:00', '19 Jun 2024', 'Euro 2024', 'FINISHED', 2, 0, '{}', '{}', null, false, now(), null, 'group', 'A'),
  ('euro2024_015', 'euro2024_15', 'euro-2024', 'EURO', 'Scotland', 'Switzerland', 'https://flagcdn.com/gb-sct.svg', 'https://flagcdn.com/ch.svg', 0.5, true, '2024-06-20T02:00:00+07:00', '02:00', '20 Jun 2024', 'Euro 2024', 'FINISHED', 1, 1, '{}', '{}', null, false, now(), null, 'group', 'A'),
  ('euro2024_016', 'euro2024_16', 'euro-2024', 'EURO', 'Slovenia', 'Serbia', 'https://flagcdn.com/si.svg', 'https://flagcdn.com/rs.svg', 0.75, true, '2024-06-20T20:00:00+07:00', '20:00', '20 Jun 2024', 'Euro 2024', 'FINISHED', 1, 1, '{}', '{}', null, false, now(), null, 'group', 'C'),
  ('euro2024_017', 'euro2024_17', 'euro-2024', 'EURO', 'Denmark', 'England', 'https://flagcdn.com/dk.svg', 'https://flagcdn.com/gb-eng.svg', 0.75, true, '2024-06-20T23:00:00+07:00', '23:00', '20 Jun 2024', 'Euro 2024', 'FINISHED', 1, 1, '{}', '{}', null, false, now(), null, 'group', 'C'),
  ('euro2024_018', 'euro2024_18', 'euro-2024', 'EURO', 'Spain', 'Italy', 'https://flagcdn.com/es.svg', 'https://flagcdn.com/it.svg', -0.25, true, '2024-06-21T02:00:00+07:00', '02:00', '21 Jun 2024', 'Euro 2024', 'FINISHED', 1, 0, '{}', '{}', null, false, now(), null, 'group', 'B'),
  ('euro2024_019', 'euro2024_19', 'euro-2024', 'EURO', 'Slovakia', 'Ukraine', 'https://flagcdn.com/sk.svg', 'https://flagcdn.com/ua.svg', 0.25, true, '2024-06-21T20:00:00+07:00', '20:00', '21 Jun 2024', 'Euro 2024', 'FINISHED', 1, 2, '{}', '{}', null, false, now(), null, 'group', 'E'),
  ('euro2024_020', 'euro2024_20', 'euro-2024', 'EURO', 'Poland', 'Austria', 'https://flagcdn.com/pl.svg', 'https://flagcdn.com/at.svg', 0.25, true, '2024-06-21T23:00:00+07:00', '23:00', '21 Jun 2024', 'Euro 2024', 'FINISHED', 1, 3, '{}', '{}', null, false, now(), null, 'group', 'D'),
  ('euro2024_021', 'euro2024_21', 'euro-2024', 'EURO', 'Netherlands', 'France', 'https://flagcdn.com/nl.svg', 'https://flagcdn.com/fr.svg', 0.25, true, '2024-06-22T02:00:00+07:00', '02:00', '22 Jun 2024', 'Euro 2024', 'FINISHED', 0, 0, '{}', '{}', null, false, now(), null, 'group', 'D'),
  ('euro2024_022', 'euro2024_22', 'euro-2024', 'EURO', 'Georgia', 'Czech Republic', 'https://flagcdn.com/ge.svg', 'https://flagcdn.com/cz.svg', 0.75, true, '2024-06-22T20:00:00+07:00', '20:00', '22 Jun 2024', 'Euro 2024', 'FINISHED', 1, 1, '{}', '{}', null, false, now(), null, 'group', 'F'),
  ('euro2024_023', 'euro2024_23', 'euro-2024', 'EURO', 'Turkey', 'Portugal', 'https://flagcdn.com/tr.svg', 'https://flagcdn.com/pt.svg', 1.0, true, '2024-06-22T23:00:00+07:00', '23:00', '22 Jun 2024', 'Euro 2024', 'FINISHED', 0, 3, '{}', '{}', null, false, now(), null, 'group', 'F'),
  ('euro2024_024', 'euro2024_24', 'euro-2024', 'EURO', 'Belgium', 'Romania', 'https://flagcdn.com/be.svg', 'https://flagcdn.com/ro.svg', -1.25, true, '2024-06-23T02:00:00+07:00', '02:00', '23 Jun 2024', 'Euro 2024', 'FINISHED', 2, 0, '{}', '{}', null, false, now(), null, 'group', 'E'),
  ('euro2024_025', 'euro2024_25', 'euro-2024', 'EURO', 'Switzerland', 'Germany', 'https://flagcdn.com/ch.svg', 'https://flagcdn.com/de.svg', 0.75, true, '2024-06-24T02:00:00+07:00', '02:00', '24 Jun 2024', 'Euro 2024', 'FINISHED', 1, 1, '{}', '{}', null, false, now(), null, 'group', 'A'),
  ('euro2024_026', 'euro2024_26', 'euro-2024', 'EURO', 'Scotland', 'Hungary', 'https://flagcdn.com/gb-sct.svg', 'https://flagcdn.com/hu.svg', 0.0, true, '2024-06-24T02:00:00+07:00', '02:00', '24 Jun 2024', 'Euro 2024', 'FINISHED', 0, 1, '{}', '{}', null, false, now(), null, 'group', 'A'),
  ('euro2024_027', 'euro2024_27', 'euro-2024', 'EURO', 'Albania', 'Spain', 'https://flagcdn.com/al.svg', 'https://flagcdn.com/es.svg', 1.25, true, '2024-06-25T02:00:00+07:00', '02:00', '25 Jun 2024', 'Euro 2024', 'FINISHED', 0, 1, '{}', '{}', null, false, now(), null, 'group', 'B'),
  ('euro2024_028', 'euro2024_28', 'euro-2024', 'EURO', 'Croatia', 'Italy', 'https://flagcdn.com/hr.svg', 'https://flagcdn.com/it.svg', 0.25, true, '2024-06-25T02:00:00+07:00', '02:00', '25 Jun 2024', 'Euro 2024', 'FINISHED', 1, 1, '{}', '{}', null, false, now(), null, 'group', 'B'),
  ('euro2024_029', 'euro2024_29', 'euro-2024', 'EURO', 'Netherlands', 'Austria', 'https://flagcdn.com/nl.svg', 'https://flagcdn.com/at.svg', -0.25, true, '2024-06-25T23:00:00+07:00', '23:00', '25 Jun 2024', 'Euro 2024', 'FINISHED', 2, 3, '{}', '{}', null, false, now(), null, 'group', 'D'),
  ('euro2024_030', 'euro2024_30', 'euro-2024', 'EURO', 'France', 'Poland', 'https://flagcdn.com/fr.svg', 'https://flagcdn.com/pl.svg', -1.75, true, '2024-06-25T23:00:00+07:00', '23:00', '25 Jun 2024', 'Euro 2024', 'FINISHED', 1, 1, '{}', '{}', null, false, now(), null, 'group', 'D'),
  ('euro2024_031', 'euro2024_31', 'euro-2024', 'EURO', 'England', 'Slovenia', 'https://flagcdn.com/gb-eng.svg', 'https://flagcdn.com/si.svg', -1.5, true, '2024-06-26T02:00:00+07:00', '02:00', '26 Jun 2024', 'Euro 2024', 'FINISHED', 0, 0, '{}', '{}', null, false, now(), null, 'group', 'C'),
  ('euro2024_032', 'euro2024_32', 'euro-2024', 'EURO', 'Denmark', 'Serbia', 'https://flagcdn.com/dk.svg', 'https://flagcdn.com/rs.svg', -0.25, true, '2024-06-26T02:00:00+07:00', '02:00', '26 Jun 2024', 'Euro 2024', 'FINISHED', 0, 0, '{}', '{}', null, false, now(), null, 'group', 'C'),
  ('euro2024_033', 'euro2024_33', 'euro-2024', 'EURO', 'Slovakia', 'Romania', 'https://flagcdn.com/sk.svg', 'https://flagcdn.com/ro.svg', 0.0, true, '2024-06-26T23:00:00+07:00', '23:00', '26 Jun 2024', 'Euro 2024', 'FINISHED', 1, 1, '{}', '{}', null, false, now(), null, 'group', 'E'),
  ('euro2024_034', 'euro2024_34', 'euro-2024', 'EURO', 'Ukraine', 'Belgium', 'https://flagcdn.com/ua.svg', 'https://flagcdn.com/be.svg', 0.75, true, '2024-06-26T23:00:00+07:00', '23:00', '26 Jun 2024', 'Euro 2024', 'FINISHED', 0, 0, '{}', '{}', null, false, now(), null, 'group', 'E'),
  ('euro2024_035', 'euro2024_35', 'euro-2024', 'EURO', 'Georgia', 'Portugal', 'https://flagcdn.com/ge.svg', 'https://flagcdn.com/pt.svg', 1.25, true, '2024-06-27T02:00:00+07:00', '02:00', '27 Jun 2024', 'Euro 2024', 'FINISHED', 2, 0, '{}', '{}', null, false, now(), null, 'group', 'F'),
  ('euro2024_036', 'euro2024_36', 'euro-2024', 'EURO', 'Czech Republic', 'Turkey', 'https://flagcdn.com/cz.svg', 'https://flagcdn.com/tr.svg', 0.0, true, '2024-06-27T02:00:00+07:00', '02:00', '27 Jun 2024', 'Euro 2024', 'FINISHED', 1, 2, '{}', '{}', null, false, now(), null, 'group', 'F'),
  ('euro2024_037', 'euro2024_37', 'euro-2024', 'EURO', 'Switzerland', 'Italy', 'https://flagcdn.com/ch.svg', 'https://flagcdn.com/it.svg', 0.25, true, '2024-06-29T23:00:00+07:00', '23:00', '29 Jun 2024', 'Euro 2024', 'FINISHED', 2, 0, '{}', '{}', null, false, now(), null, 'r16', null),
  ('euro2024_038', 'euro2024_38', 'euro-2024', 'EURO', 'Germany', 'Denmark', 'https://flagcdn.com/de.svg', 'https://flagcdn.com/dk.svg', -0.75, true, '2024-06-30T02:00:00+07:00', '02:00', '30 Jun 2024', 'Euro 2024', 'FINISHED', 2, 0, '{}', '{}', null, false, now(), null, 'r16', null),
  ('euro2024_039', 'euro2024_39', 'euro-2024', 'EURO', 'England', 'Slovakia', 'https://flagcdn.com/gb-eng.svg', 'https://flagcdn.com/sk.svg', -1.25, true, '2024-06-30T23:00:00+07:00', '23:00', '30 Jun 2024', 'Euro 2024', 'FINISHED', 1, 1, '{}', '{}', null, false, now(), null, 'r16', null),
  ('euro2024_040', 'euro2024_40', 'euro-2024', 'EURO', 'Spain', 'Georgia', 'https://flagcdn.com/es.svg', 'https://flagcdn.com/ge.svg', -1.75, true, '2024-07-01T02:00:00+07:00', '02:00', '1 Jul 2024', 'Euro 2024', 'FINISHED', 4, 1, '{}', '{}', null, false, now(), null, 'r16', null),
  ('euro2024_041', 'euro2024_41', 'euro-2024', 'EURO', 'France', 'Belgium', 'https://flagcdn.com/fr.svg', 'https://flagcdn.com/be.svg', -0.5, true, '2024-07-01T23:00:00+07:00', '23:00', '1 Jul 2024', 'Euro 2024', 'FINISHED', 1, 0, '{}', '{}', null, false, now(), null, 'r16', null),
  ('euro2024_042', 'euro2024_42', 'euro-2024', 'EURO', 'Portugal', 'Slovenia', 'https://flagcdn.com/pt.svg', 'https://flagcdn.com/si.svg', -1.5, true, '2024-07-02T02:00:00+07:00', '02:00', '2 Jul 2024', 'Euro 2024', 'FINISHED', 0, 0, '{}', '{}', null, false, now(), null, 'r16', null),
  ('euro2024_043', 'euro2024_43', 'euro-2024', 'EURO', 'Romania', 'Netherlands', 'https://flagcdn.com/ro.svg', 'https://flagcdn.com/nl.svg', 1.25, true, '2024-07-02T23:00:00+07:00', '23:00', '2 Jul 2024', 'Euro 2024', 'FINISHED', 0, 3, '{}', '{}', null, false, now(), null, 'r16', null),
  ('euro2024_044', 'euro2024_44', 'euro-2024', 'EURO', 'Austria', 'Turkey', 'https://flagcdn.com/at.svg', 'https://flagcdn.com/tr.svg', -0.5, true, '2024-07-03T02:00:00+07:00', '02:00', '3 Jul 2024', 'Euro 2024', 'FINISHED', 1, 2, '{}', '{}', null, false, now(), null, 'r16', null),
  ('euro2024_045', 'euro2024_45', 'euro-2024', 'EURO', 'Spain', 'Germany', 'https://flagcdn.com/es.svg', 'https://flagcdn.com/de.svg', 0.0, true, '2024-07-05T23:00:00+07:00', '23:00', '5 Jul 2024', 'Euro 2024', 'FINISHED', 1, 1, '{}', '{}', null, false, now(), null, 'qf', null),
  ('euro2024_046', 'euro2024_46', 'euro-2024', 'EURO', 'Portugal', 'France', 'https://flagcdn.com/pt.svg', 'https://flagcdn.com/fr.svg', 0.25, true, '2024-07-06T02:00:00+07:00', '02:00', '6 Jul 2024', 'Euro 2024', 'FINISHED', 0, 0, '{}', '{}', null, false, now(), null, 'qf', null),
  ('euro2024_047', 'euro2024_47', 'euro-2024', 'EURO', 'England', 'Switzerland', 'https://flagcdn.com/gb-eng.svg', 'https://flagcdn.com/ch.svg', -0.25, true, '2024-07-06T23:00:00+07:00', '23:00', '6 Jul 2024', 'Euro 2024', 'FINISHED', 1, 1, '{}', '{}', null, false, now(), null, 'qf', null),
  ('euro2024_048', 'euro2024_48', 'euro-2024', 'EURO', 'Netherlands', 'Turkey', 'https://flagcdn.com/nl.svg', 'https://flagcdn.com/tr.svg', -1.0, true, '2024-07-07T02:00:00+07:00', '02:00', '7 Jul 2024', 'Euro 2024', 'FINISHED', 2, 1, '{}', '{}', null, false, now(), null, 'qf', null),
  ('euro2024_049', 'euro2024_49', 'euro-2024', 'EURO', 'Spain', 'France', 'https://flagcdn.com/es.svg', 'https://flagcdn.com/fr.svg', 0.0, true, '2024-07-10T02:00:00+07:00', '02:00', '10 Jul 2024', 'Euro 2024', 'FINISHED', 2, 1, '{}', '{}', null, false, now(), null, 'sf', null),
  ('euro2024_050', 'euro2024_50', 'euro-2024', 'EURO', 'Netherlands', 'England', 'https://flagcdn.com/nl.svg', 'https://flagcdn.com/gb-eng.svg', 0.0, true, '2024-07-11T02:00:00+07:00', '02:00', '11 Jul 2024', 'Euro 2024', 'FINISHED', 1, 2, '{}', '{}', null, false, now(), null, 'sf', null),
  ('euro2024_051', 'euro2024_51', 'euro-2024', 'EURO', 'Spain', 'England', 'https://flagcdn.com/es.svg', 'https://flagcdn.com/gb-eng.svg', -0.25, true, '2024-07-15T02:00:00+07:00', '02:00', '15 Jul 2024', 'Euro 2024', 'FINISHED', 2, 1, '{}', '{}', null, false, now(), null, 'group', 'F')
on conflict (id) do update set
  external_id = excluded.external_id,
  competition_id = excluded.competition_id,
  league = excluded.league,
  home_team = excluded.home_team,
  away_team = excluded.away_team,
  home_logo = excluded.home_logo,
  away_logo = excluded.away_logo,
  handicap = excluded.handicap,
  handicap_is_manual = excluded.handicap_is_manual,
  kickoff_at = excluded.kickoff_at,
  display_time = excluded.display_time,
  display_date = excluded.display_date,
  stadium = excluded.stadium,
  status = excluded.status,
  home_goals = excluded.home_goals,
  away_goals = excluded.away_goals,
  home_scorers = excluded.home_scorers,
  away_scorers = excluded.away_scorers,
  live_time_text = excluded.live_time_text,
  is_hot = excluded.is_hot,
  last_synced_at = excluded.last_synced_at,
  odds_updated_at = excluded.odds_updated_at,
  match_type = excluded.match_type,
  match_group = excluded.match_group;

insert into public.predictions (id, competition_id, match_id, player_id, choice, hope_star) values
  ('14050c78-6058-5090-bba6-f3f7baa2bb39', 'euro-2024', 'euro2024_001', 'huy', 'AWAY', false),
  ('8f43f91d-c2b0-5242-b6b0-597f2b22bd27', 'euro-2024', 'euro2024_001', 'tien', 'AWAY', false),
  ('76b38824-ffcf-5691-98ea-f134e78ac11b', 'euro-2024', 'euro2024_001', 'lam', 'AWAY', false),
  ('201d0b5f-d8b7-5fc9-aeab-be205a797312', 'euro-2024', 'euro2024_001', 'tai', 'HOME', false),
  ('f63d4e8d-d203-561d-b0b5-cd4acbc00abc', 'euro-2024', 'euro2024_001', 'tang', 'HOME', false),
  ('ee1809a6-1aa2-5e56-9bc6-0b03e635e9f7', 'euro-2024', 'euro2024_001', 'tuc', 'HOME', false),
  ('cee8eec2-6f2a-5a39-8095-017f9590eddf', 'euro-2024', 'euro2024_001', 'co', 'HOME', false),
  ('e980936c-d499-5e71-bf8a-741db472f0f5', 'euro-2024', 'euro2024_001', 'thuong', 'HOME', false),
  ('c321f5a5-7d1b-546c-afdd-fdc279e3b58f', 'euro-2024', 'euro2024_001', 'tan', 'HOME', false),
  ('a61d513a-3990-5140-8373-fbcf5f91fb5d', 'euro-2024', 'euro2024_001', 'long', 'HOME', false),
  ('575327b8-86d3-568c-85f2-f4206c14dcf2', 'euro-2024', 'euro2024_002', 'huy', 'HOME', false),
  ('d35668c6-dbc2-55e3-8437-a35cff6d3bd0', 'euro-2024', 'euro2024_002', 'tien', 'AWAY', false),
  ('f8121364-5064-5c20-a920-fb44a7da9f59', 'euro-2024', 'euro2024_002', 'lam', 'AWAY', false),
  ('0ac831d3-5be9-551c-b2fb-bdd056f321e4', 'euro-2024', 'euro2024_002', 'tai', 'AWAY', false),
  ('63e8ac4a-a171-5cd6-991a-81978b5246f4', 'euro-2024', 'euro2024_002', 'tang', 'AWAY', false),
  ('57577f16-8515-5bfb-a906-25aee0c637be', 'euro-2024', 'euro2024_002', 'tuc', 'AWAY', false),
  ('c01a7498-1273-53aa-a1e1-40d45618f37a', 'euro-2024', 'euro2024_002', 'co', 'HOME', false),
  ('b8a75275-801c-5dfd-b7b5-e151098108d2', 'euro-2024', 'euro2024_002', 'thuong', 'AWAY', false),
  ('db90b1df-8c12-546d-9fe5-95c2bacd3fe1', 'euro-2024', 'euro2024_002', 'tan', 'AWAY', false),
  ('6bc19c2e-cdb5-5550-b14d-c0e3d4999b34', 'euro-2024', 'euro2024_002', 'long', 'HOME', false),
  ('4adc325e-c587-5736-ae6d-172527fc820d', 'euro-2024', 'euro2024_003', 'huy', 'AWAY', false),
  ('17654b2b-2403-53d8-8959-79f5a9edc1a1', 'euro-2024', 'euro2024_003', 'tien', 'HOME', false),
  ('8cfec5c0-ce74-5834-aaa1-ca98d81a967b', 'euro-2024', 'euro2024_003', 'lam', 'HOME', false),
  ('69681488-5168-5db3-ad41-277bfdbaa745', 'euro-2024', 'euro2024_003', 'tai', 'AWAY', false),
  ('3960c81f-cc7d-55e2-989c-142d56f107c4', 'euro-2024', 'euro2024_003', 'tang', 'HOME', false),
  ('10cc0654-8979-5942-961d-7f274b87bfed', 'euro-2024', 'euro2024_003', 'tuc', 'AWAY', false),
  ('dfee7f88-8f13-5cf0-9f7a-e475cb7092c0', 'euro-2024', 'euro2024_003', 'co', 'HOME', false),
  ('e8c80f81-891b-5e74-9f5e-a8dab5598d1e', 'euro-2024', 'euro2024_003', 'thuong', 'HOME', false),
  ('d604e7e4-3888-5c8b-be1a-0c6fc67fd75d', 'euro-2024', 'euro2024_003', 'tan', 'HOME', false),
  ('e26ef08e-319b-5525-bbd9-1b9dc0792015', 'euro-2024', 'euro2024_003', 'long', 'HOME', false),
  ('497f7712-9138-5590-be29-218d650daab2', 'euro-2024', 'euro2024_004', 'huy', 'HOME', false),
  ('b78e153b-1fc1-5b0e-9534-b2a1297444f1', 'euro-2024', 'euro2024_004', 'tien', 'HOME', false),
  ('3d2b9a11-4ae5-55ec-b515-8fb28ccab0f7', 'euro-2024', 'euro2024_004', 'lam', 'HOME', false),
  ('876ed123-9ea5-53a2-a12e-379bc5730b40', 'euro-2024', 'euro2024_004', 'tai', 'HOME', false),
  ('d28530e1-8605-5ede-b3e6-6215121367be', 'euro-2024', 'euro2024_004', 'tang', 'HOME', false),
  ('cd8be715-bd17-55d8-b7fe-4513130884fc', 'euro-2024', 'euro2024_004', 'tuc', 'HOME', false),
  ('23603f2d-4449-5fc3-8f31-2b214c8e6659', 'euro-2024', 'euro2024_004', 'co', 'HOME', false),
  ('7cbdd6ca-e712-5957-bc0e-a6961ecbb796', 'euro-2024', 'euro2024_004', 'thuong', 'HOME', false),
  ('bc7ed254-6070-5cec-b4aa-aa2a4511aa85', 'euro-2024', 'euro2024_004', 'tan', 'HOME', false),
  ('cb2e5892-16c9-5ce0-90e8-45a2a65e082f', 'euro-2024', 'euro2024_004', 'long', 'HOME', false),
  ('2d6db704-e12e-5632-a418-8b027cea9ac5', 'euro-2024', 'euro2024_005', 'huy', 'HOME', false),
  ('2f675301-89b4-56ce-a08e-48c2830175c2', 'euro-2024', 'euro2024_005', 'tien', 'AWAY', false),
  ('3f0be01b-708a-53e0-b9e8-dc8421936de1', 'euro-2024', 'euro2024_005', 'lam', 'AWAY', false),
  ('c63cf1a6-ba00-56d1-a90d-2d7bc91d386c', 'euro-2024', 'euro2024_005', 'tai', 'HOME', false),
  ('9a61509a-78cf-5068-97fe-a6883af14676', 'euro-2024', 'euro2024_005', 'tang', 'AWAY', false),
  ('1a819a8b-e791-5527-9bf8-89fe50bcaf54', 'euro-2024', 'euro2024_005', 'tuc', 'AWAY', false),
  ('95841569-bf5f-5c64-b062-4358e8db1ddc', 'euro-2024', 'euro2024_005', 'co', 'AWAY', false),
  ('d8016285-aa1c-5bd9-9ae7-e56aeb7ec200', 'euro-2024', 'euro2024_005', 'thuong', 'AWAY', false),
  ('465d6f70-92ef-593e-8fc2-4fa347d7016d', 'euro-2024', 'euro2024_005', 'tan', 'AWAY', false),
  ('c4e7e4df-a881-5ba2-ad48-17fd7840a8c5', 'euro-2024', 'euro2024_005', 'long', 'AWAY', false),
  ('e98f4d7b-5447-52a8-9c97-7b38270524cf', 'euro-2024', 'euro2024_006', 'huy', 'HOME', false),
  ('6b3bceb3-4313-55a1-a56e-d930293882bf', 'euro-2024', 'euro2024_006', 'tien', 'AWAY', false),
  ('38d77242-de96-58ec-b8e9-5968880bf24b', 'euro-2024', 'euro2024_006', 'lam', 'AWAY', false),
  ('81d8051f-aec8-55e5-a52f-f33f57a65617', 'euro-2024', 'euro2024_006', 'tai', 'AWAY', false),
  ('e04dfeee-31ce-5801-b53a-e640cd51b99e', 'euro-2024', 'euro2024_006', 'tang', 'AWAY', false),
  ('3debe1a6-0226-5be4-b8f2-c4075846ddb4', 'euro-2024', 'euro2024_006', 'tuc', 'AWAY', false),
  ('ddcd2c1d-ea12-5736-89e2-dac5e7c7bc1a', 'euro-2024', 'euro2024_006', 'co', 'HOME', false),
  ('c4af9217-0434-5723-ba68-ad9cfdfef90e', 'euro-2024', 'euro2024_006', 'thuong', 'AWAY', false),
  ('f4dc0565-59d4-57a1-aa7a-b442f406d182', 'euro-2024', 'euro2024_006', 'tan', 'AWAY', false),
  ('5659be7a-eda6-55da-bd3f-9d6228946222', 'euro-2024', 'euro2024_006', 'long', 'AWAY', false),
  ('c44527b4-7986-53c7-b8a9-4fca39158d22', 'euro-2024', 'euro2024_007', 'huy', 'AWAY', false),
  ('b422a53c-06fa-51af-a56e-317762c9489a', 'euro-2024', 'euro2024_007', 'tien', 'AWAY', false),
  ('5374ff55-cfe2-517f-9c23-092fab8c2ee9', 'euro-2024', 'euro2024_007', 'lam', 'AWAY', false),
  ('7926d21a-e416-5da5-9f51-cbba886add22', 'euro-2024', 'euro2024_007', 'tai', 'AWAY', false),
  ('67ceaa47-a854-5865-b838-6b26b053365d', 'euro-2024', 'euro2024_007', 'tang', 'AWAY', false),
  ('e9da631e-e4bb-5aa7-b834-974f0fc071fa', 'euro-2024', 'euro2024_007', 'tuc', 'AWAY', false),
  ('ca8672b4-89d4-575f-8f33-e435897ca50c', 'euro-2024', 'euro2024_007', 'co', 'AWAY', false),
  ('6471b3ef-d882-5489-92ac-2bf55502e3d8', 'euro-2024', 'euro2024_007', 'thuong', 'AWAY', false),
  ('45323d93-f042-5f38-9fa9-ab21d4432ced', 'euro-2024', 'euro2024_007', 'tan', 'AWAY', false),
  ('7807d510-62f1-500c-89b4-2af19b20844b', 'euro-2024', 'euro2024_007', 'long', 'AWAY', false),
  ('2ea76d60-dddd-5a2f-a035-133a082fc436', 'euro-2024', 'euro2024_008', 'huy', 'HOME', false),
  ('7af32764-9767-5c3d-bcd0-45070e59b095', 'euro-2024', 'euro2024_008', 'tien', 'AWAY', false),
  ('93ff0c98-c529-52dc-967e-5d3d018e1fd8', 'euro-2024', 'euro2024_008', 'lam', 'HOME', false),
  ('78b0454b-f069-5190-9605-68d5a9bb2a9c', 'euro-2024', 'euro2024_008', 'tai', 'AWAY', false),
  ('0677e264-e10a-5331-981e-4f214a5ab60a', 'euro-2024', 'euro2024_008', 'tang', 'AWAY', false),
  ('510c9dce-1bab-543d-8a49-b4114f22fc5b', 'euro-2024', 'euro2024_008', 'tuc', 'AWAY', false),
  ('51e9eeda-e104-5ef6-95d8-fc160816c17e', 'euro-2024', 'euro2024_008', 'co', 'AWAY', false),
  ('5db0f0e4-3922-5899-b6ec-d48e6cd8ac97', 'euro-2024', 'euro2024_008', 'thuong', 'AWAY', false),
  ('f911841e-5ad6-582c-8342-9f3b781dbb88', 'euro-2024', 'euro2024_008', 'tan', 'HOME', false),
  ('3df473f3-4674-53b9-b52b-67c79352396a', 'euro-2024', 'euro2024_008', 'long', 'AWAY', false),
  ('3b8f901c-3bda-5833-8169-b4eb3db05b6b', 'euro-2024', 'euro2024_009', 'huy', 'HOME', false),
  ('82af0938-c5a2-5a29-bb2c-f7122e3b5fde', 'euro-2024', 'euro2024_009', 'tien', 'HOME', false),
  ('0e23bf3e-b0ba-5e32-a924-c572df7fd503', 'euro-2024', 'euro2024_009', 'lam', 'HOME', false),
  ('252df706-b514-5d77-a52f-cd018a2a8acf', 'euro-2024', 'euro2024_009', 'tai', 'HOME', false),
  ('c7779c5c-82cd-5bbf-9fab-e3c074018e9d', 'euro-2024', 'euro2024_009', 'tang', 'HOME', false),
  ('8ba10646-6e8e-51e4-99d7-9bf37c007b54', 'euro-2024', 'euro2024_009', 'tuc', 'HOME', false),
  ('3704c4bb-1da0-58c5-87fb-da5e8ac5b9a6', 'euro-2024', 'euro2024_009', 'co', 'HOME', false),
  ('4941f35f-1b38-5324-8a17-f0d2e4401d41', 'euro-2024', 'euro2024_009', 'thuong', 'HOME', false),
  ('befccbf7-be53-5eb1-8514-26d6e796db48', 'euro-2024', 'euro2024_009', 'tan', 'HOME', false),
  ('b2203caf-a792-574a-9221-74dd5cbbe365', 'euro-2024', 'euro2024_009', 'long', 'HOME', false),
  ('2e1badb3-a392-56db-b7c8-abee38926f97', 'euro-2024', 'euro2024_010', 'huy', 'AWAY', false),
  ('4454aff8-b850-5607-8dbd-8b03b21479ea', 'euro-2024', 'euro2024_010', 'tien', 'AWAY', false),
  ('92c4f2c9-37ea-557d-86d0-d80ba842daf7', 'euro-2024', 'euro2024_010', 'lam', 'AWAY', false),
  ('f230a4a9-9c5b-5523-910a-da0ab0776068', 'euro-2024', 'euro2024_010', 'tai', 'AWAY', false),
  ('6d294eb6-a8d6-5715-872b-90921a41d023', 'euro-2024', 'euro2024_010', 'tang', 'AWAY', false),
  ('65020412-64a7-5ac6-95d2-d1cc5ce53cdd', 'euro-2024', 'euro2024_010', 'tuc', 'AWAY', false),
  ('80d3f267-38a8-5363-b48c-f458bb91e4b6', 'euro-2024', 'euro2024_010', 'co', 'AWAY', false),
  ('d2e6c304-6c36-536e-984d-5979e3af4ccf', 'euro-2024', 'euro2024_010', 'thuong', 'AWAY', false),
  ('277f5564-6e38-571d-b920-7e8c6f0e456c', 'euro-2024', 'euro2024_010', 'tan', 'AWAY', false),
  ('fc95304b-36b7-5dcd-a5d1-1b59ea6e7be6', 'euro-2024', 'euro2024_010', 'long', 'AWAY', false),
  ('8e066db4-f45f-519d-8075-a99949577fce', 'euro-2024', 'euro2024_011', 'huy', 'HOME', false),
  ('9997afc7-54e4-5b87-ac5d-430b51cb0256', 'euro-2024', 'euro2024_011', 'tien', 'HOME', false),
  ('99ee8d72-c824-57f5-9c81-363c6dd9dc02', 'euro-2024', 'euro2024_011', 'lam', 'HOME', false),
  ('289f72d2-98a6-594d-b95e-02328c122732', 'euro-2024', 'euro2024_011', 'tai', 'HOME', false),
  ('9213b0cf-a81d-5a0c-8961-b51e0dbc4427', 'euro-2024', 'euro2024_011', 'tang', 'HOME', false),
  ('2b10b8c7-ce7c-51b5-a26f-4ee6083e5e7b', 'euro-2024', 'euro2024_011', 'tuc', 'HOME', false),
  ('2d6ad61a-d903-57fc-b573-109456390e05', 'euro-2024', 'euro2024_011', 'co', 'HOME', false),
  ('2233da68-6eb4-570f-9d2a-11766bc574f2', 'euro-2024', 'euro2024_011', 'thuong', 'HOME', false),
  ('d19c7600-7e4a-57c7-8d77-19b5089eeadb', 'euro-2024', 'euro2024_011', 'tan', 'HOME', false),
  ('c162da37-1dd9-5ff9-a1ca-19b85f29781e', 'euro-2024', 'euro2024_011', 'long', 'HOME', false),
  ('47fa2a68-312f-5328-a0b1-3f5bfe2254c8', 'euro-2024', 'euro2024_012', 'huy', 'HOME', false),
  ('89b7f713-d13f-5820-8075-c9575814393d', 'euro-2024', 'euro2024_012', 'tien', 'AWAY', false),
  ('8c0fcd26-53fc-5a57-a196-68dca1b6762d', 'euro-2024', 'euro2024_012', 'lam', 'HOME', false),
  ('285201ef-5c02-5d2c-8364-14afbfe89c8e', 'euro-2024', 'euro2024_012', 'tai', 'HOME', false),
  ('7c8ee84e-550e-5259-9f7c-1885b105085d', 'euro-2024', 'euro2024_012', 'tang', 'AWAY', false),
  ('97cde622-41e1-5190-8eef-888e2ceb127a', 'euro-2024', 'euro2024_012', 'tuc', 'HOME', false),
  ('05fdc15a-0483-5512-8669-846619841fdf', 'euro-2024', 'euro2024_012', 'co', 'HOME', false),
  ('f39c1951-3bca-5be3-a264-f26903febe4c', 'euro-2024', 'euro2024_012', 'thuong', 'AWAY', false),
  ('b5bb84c1-c43d-5b5b-8c6d-609ab0b48ed3', 'euro-2024', 'euro2024_012', 'tan', 'HOME', false),
  ('45b8cab6-a6fc-54a1-aa92-95ac7d1ff208', 'euro-2024', 'euro2024_012', 'long', 'AWAY', false),
  ('350ce7b9-6728-54f1-8220-d84b822c8164', 'euro-2024', 'euro2024_013', 'huy', 'HOME', false),
  ('80a4cbd4-fb3a-54be-a6ab-e16fac42fc25', 'euro-2024', 'euro2024_013', 'tien', 'AWAY', false),
  ('9b4c0a9c-1b57-5d0a-8641-a066d1610a4f', 'euro-2024', 'euro2024_013', 'lam', 'HOME', false),
  ('843f32c2-a505-5f79-94ce-8482d018c6d2', 'euro-2024', 'euro2024_013', 'tai', 'HOME', false),
  ('dca71419-349f-50be-a645-5bb5e8dbacb7', 'euro-2024', 'euro2024_013', 'tang', 'HOME', false),
  ('36b5b43d-a41d-5b7e-afc2-a34dcbac83f8', 'euro-2024', 'euro2024_013', 'tuc', 'HOME', false),
  ('48cdec46-23c0-5875-a918-75c7b34c350a', 'euro-2024', 'euro2024_013', 'co', 'HOME', false),
  ('5919b9b9-dc35-517f-bc27-c91f526609c0', 'euro-2024', 'euro2024_013', 'thuong', 'HOME', false),
  ('a73fa5df-d911-55bc-9809-eaf0233c2376', 'euro-2024', 'euro2024_013', 'tan', 'AWAY', false),
  ('ac17b161-7aba-5aee-a5f3-4c3983a88aa7', 'euro-2024', 'euro2024_013', 'long', 'HOME', false),
  ('bd4b5b7d-df20-5f9b-96fb-079e6c826ae0', 'euro-2024', 'euro2024_014', 'huy', 'HOME', false),
  ('f8bb5172-bc5f-50c6-bb78-bb0778881c5d', 'euro-2024', 'euro2024_014', 'tien', 'HOME', false),
  ('41c6ffe3-4d7d-5048-8f84-891eb2f892a9', 'euro-2024', 'euro2024_014', 'lam', 'HOME', false),
  ('d1a85cdc-b039-5159-85ba-61ad6150d9c6', 'euro-2024', 'euro2024_014', 'tai', 'HOME', false),
  ('5a936956-6bc6-51c6-96b2-4f6e7a99c2f3', 'euro-2024', 'euro2024_014', 'tang', 'HOME', false),
  ('b9abf80f-3f82-5064-87d5-11cfaf693c2f', 'euro-2024', 'euro2024_014', 'tuc', 'HOME', false),
  ('cd8dda15-13bf-5664-a4d2-cacf0ac1d3a6', 'euro-2024', 'euro2024_014', 'co', 'HOME', false),
  ('e9ef5758-04e5-57c2-bfae-410efd14715b', 'euro-2024', 'euro2024_014', 'thuong', 'HOME', false),
  ('5ff81037-03bb-5d9a-9824-85f88cb6b4d7', 'euro-2024', 'euro2024_014', 'tan', 'AWAY', false),
  ('27735fb5-b0ec-5ca2-b6a2-20d052322c39', 'euro-2024', 'euro2024_014', 'long', 'HOME', false),
  ('ceabdb2c-c1d4-5e67-bf4c-d3ba2e23297a', 'euro-2024', 'euro2024_015', 'huy', 'HOME', false),
  ('ca6a126e-173f-585b-ac57-01e4927c225a', 'euro-2024', 'euro2024_015', 'tien', 'AWAY', false),
  ('f0cecc1c-23a1-5ef2-a850-bf41d737e63c', 'euro-2024', 'euro2024_015', 'lam', 'AWAY', false),
  ('6aebdf4f-c55c-538c-9e33-d2c94397d9ca', 'euro-2024', 'euro2024_015', 'tai', 'AWAY', false),
  ('ca58ee99-2433-5bbe-b72c-695f9c4b8e86', 'euro-2024', 'euro2024_015', 'tang', 'AWAY', false),
  ('5b679c86-c64f-519d-bdb5-8cc140e875f2', 'euro-2024', 'euro2024_015', 'tuc', 'HOME', false),
  ('e64c52f5-bd56-5be1-9fee-387f74346d46', 'euro-2024', 'euro2024_015', 'co', 'AWAY', false),
  ('831c5531-c318-557f-a9f2-0c0f1d9a9353', 'euro-2024', 'euro2024_015', 'thuong', 'AWAY', false),
  ('5e5de46c-493c-58d9-a321-943592b5fd9b', 'euro-2024', 'euro2024_015', 'tan', 'AWAY', false),
  ('961d12dd-a0bd-562e-909a-50637f569fd7', 'euro-2024', 'euro2024_015', 'long', 'AWAY', false),
  ('58752636-185c-5be0-a735-b5b29c21bb41', 'euro-2024', 'euro2024_016', 'huy', 'AWAY', false),
  ('a4dbb1c8-a8b5-561e-abf2-e8a05d933572', 'euro-2024', 'euro2024_016', 'tien', 'AWAY', false),
  ('067a4e69-d948-5434-82b9-eabbc10bab58', 'euro-2024', 'euro2024_016', 'lam', 'HOME', false),
  ('38d173ef-05d1-50e7-a1f6-aa2f9b6a1101', 'euro-2024', 'euro2024_016', 'tai', 'AWAY', false),
  ('e0eb71b6-cf0c-525e-a245-22f0ce4e7495', 'euro-2024', 'euro2024_016', 'tang', 'HOME', false),
  ('b028f4ab-19b6-519b-8661-4f49f81cb74e', 'euro-2024', 'euro2024_016', 'tuc', 'HOME', false),
  ('f0a6be73-a1cf-5087-8d15-d64af619156e', 'euro-2024', 'euro2024_016', 'co', 'HOME', false),
  ('bc44b6ab-8b0d-528c-8430-04e139e4df0f', 'euro-2024', 'euro2024_016', 'thuong', 'HOME', false),
  ('1a9a65c4-3bf1-51dd-824b-77383556137e', 'euro-2024', 'euro2024_016', 'tan', 'HOME', false),
  ('375f75d9-2f71-5e9c-8649-e63ca6d684f0', 'euro-2024', 'euro2024_016', 'long', 'AWAY', false),
  ('0f2b7342-1ce1-5ec4-8790-351a50adbbbd', 'euro-2024', 'euro2024_017', 'huy', 'AWAY', false),
  ('cd86e7b7-8272-5a0c-8346-d5ac26d1c450', 'euro-2024', 'euro2024_017', 'tien', 'AWAY', false),
  ('393a8bd8-0208-5e4e-a509-3e71ea494289', 'euro-2024', 'euro2024_017', 'lam', 'AWAY', false),
  ('6f4e07b9-8d18-55df-9765-61510e77c6a7', 'euro-2024', 'euro2024_017', 'tai', 'AWAY', false),
  ('640621b2-e896-5ac1-afb1-34fb9f13027c', 'euro-2024', 'euro2024_017', 'tang', 'AWAY', false),
  ('34445e26-afda-5095-b91d-2f7b514585bb', 'euro-2024', 'euro2024_017', 'tuc', 'AWAY', false),
  ('ad568c03-fe88-5bca-a628-a9f9742052b1', 'euro-2024', 'euro2024_017', 'co', 'AWAY', false),
  ('9486732d-a6b0-56e4-a64d-baddfb8a3c6c', 'euro-2024', 'euro2024_017', 'thuong', 'AWAY', false),
  ('7865f0e4-b640-5568-9504-aee95d2f9a0b', 'euro-2024', 'euro2024_017', 'tan', 'AWAY', false),
  ('c0a81d34-7be7-5e59-9a97-cd25d0b87da5', 'euro-2024', 'euro2024_017', 'long', 'HOME', false),
  ('77cbb783-146b-5fac-9d4d-2803138d1751', 'euro-2024', 'euro2024_018', 'huy', 'AWAY', false),
  ('fd13835d-572c-587c-9771-6e82468ba399', 'euro-2024', 'euro2024_018', 'tien', 'HOME', false),
  ('2278f1f5-57fa-5550-8988-3f26b7c65e8b', 'euro-2024', 'euro2024_018', 'lam', 'HOME', false),
  ('1996ffba-00f3-5291-9a3a-014bcae00918', 'euro-2024', 'euro2024_018', 'tai', 'AWAY', false),
  ('9e16b2e7-218c-5c04-90a7-38654cb6e56f', 'euro-2024', 'euro2024_018', 'tang', 'AWAY', false),
  ('b55dcfe9-f27b-59ea-9601-4cc8986910ce', 'euro-2024', 'euro2024_018', 'tuc', 'HOME', false),
  ('0f0e8742-6fd6-559d-83d5-6bc03a25f4f6', 'euro-2024', 'euro2024_018', 'co', 'AWAY', false),
  ('66c6a70a-d72a-553b-908e-d81bb7165b83', 'euro-2024', 'euro2024_018', 'thuong', 'HOME', false),
  ('ed2f7e37-58a2-5445-b093-f48496ccf828', 'euro-2024', 'euro2024_018', 'tan', 'HOME', false),
  ('c43628b3-d888-5a60-a2bd-117afddd0b15', 'euro-2024', 'euro2024_018', 'long', 'AWAY', false),
  ('904789b1-f305-51bd-ac42-5a3f452e622f', 'euro-2024', 'euro2024_019', 'huy', 'HOME', false),
  ('a48f33a5-991a-5343-ad41-5dd6a030877e', 'euro-2024', 'euro2024_019', 'tien', 'HOME', false),
  ('4d3b686b-e511-520f-998f-2b80c2615c4e', 'euro-2024', 'euro2024_019', 'lam', 'HOME', false),
  ('9b6c5849-72f1-5763-ab77-209e4b8f5ea9', 'euro-2024', 'euro2024_019', 'tai', 'AWAY', false),
  ('b8e20574-be31-5d02-a621-604f0e7ada20', 'euro-2024', 'euro2024_019', 'tang', 'HOME', false),
  ('a8283c53-4d1c-56e3-acd1-91059f77d03a', 'euro-2024', 'euro2024_019', 'tuc', 'HOME', false),
  ('7fdb3afc-1304-5228-bfda-5572b2fe2d77', 'euro-2024', 'euro2024_019', 'co', 'HOME', false),
  ('2c0e63a6-c157-5d04-8da4-3776ece55ce8', 'euro-2024', 'euro2024_019', 'thuong', 'HOME', false),
  ('23e9b68c-acf0-5315-b71f-c928a014bf6d', 'euro-2024', 'euro2024_019', 'tan', 'HOME', false),
  ('dd056b42-a8b4-5496-ab13-bc6cc4f9bfae', 'euro-2024', 'euro2024_019', 'long', 'HOME', false),
  ('8d3cee13-b4b9-5ca4-bdbb-71e4aabc431d', 'euro-2024', 'euro2024_020', 'huy', 'AWAY', false),
  ('62df4ddb-073c-5227-9e14-4c7eaa17916c', 'euro-2024', 'euro2024_020', 'tien', 'HOME', false),
  ('73a5f3a3-86b0-5791-9271-f4b02da1051a', 'euro-2024', 'euro2024_020', 'lam', 'HOME', false),
  ('6ff9f284-c67a-51c0-9168-bf1063ffc744', 'euro-2024', 'euro2024_020', 'tai', 'HOME', false),
  ('dcf542ff-780f-5204-b950-90ae87a09ee1', 'euro-2024', 'euro2024_020', 'tang', 'HOME', false),
  ('2a7c5e60-4706-51b6-b91b-5f35ec59640e', 'euro-2024', 'euro2024_020', 'tuc', 'HOME', false),
  ('c8abfd49-acac-573d-99f5-34e15e9712d0', 'euro-2024', 'euro2024_020', 'co', 'HOME', false),
  ('1ad6a5bf-5cce-52c4-b0bd-4d6fee1cf16d', 'euro-2024', 'euro2024_020', 'thuong', 'HOME', false),
  ('2e63688e-be02-5653-a029-58ef78972ccd', 'euro-2024', 'euro2024_020', 'tan', 'HOME', false),
  ('92ae082d-8e14-5cba-bb19-60eb444e6b31', 'euro-2024', 'euro2024_020', 'long', 'HOME', false),
  ('21570105-0b97-561d-b78f-5427b46531b4', 'euro-2024', 'euro2024_021', 'huy', 'HOME', false),
  ('f6520286-8009-5573-aef5-71810dd3a580', 'euro-2024', 'euro2024_021', 'tien', 'AWAY', false),
  ('b82202b1-fa02-50d2-a459-d9a9d087ca27', 'euro-2024', 'euro2024_021', 'lam', 'AWAY', false),
  ('1e1b821a-339d-58ad-8249-c7a58ef6762e', 'euro-2024', 'euro2024_021', 'tai', 'AWAY', false),
  ('e95e101a-670f-590e-8969-1f116f1eb0d8', 'euro-2024', 'euro2024_021', 'tang', 'AWAY', false),
  ('5e06e4a6-67d6-59d7-ab46-538cb4a066cc', 'euro-2024', 'euro2024_021', 'tuc', 'AWAY', false),
  ('fde96ec1-f7bf-5805-b4b9-b16148ff6f52', 'euro-2024', 'euro2024_021', 'co', 'AWAY', false),
  ('68c88f26-2d4b-5196-8a3d-3fd0a3230a62', 'euro-2024', 'euro2024_021', 'thuong', 'HOME', false),
  ('fdcba992-08f1-5dff-987d-9f5b3f8f1a4a', 'euro-2024', 'euro2024_021', 'tan', 'AWAY', false),
  ('2aacf0cd-9a16-5de0-8912-363cb1ab00a0', 'euro-2024', 'euro2024_021', 'long', 'AWAY', false),
  ('9364b28f-6c37-582d-9c56-c72205bcc3cb', 'euro-2024', 'euro2024_022', 'huy', 'HOME', false),
  ('107b4b9f-e3f6-57df-a933-1976b7dba849', 'euro-2024', 'euro2024_022', 'tien', 'AWAY', false),
  ('7f3c2e12-6ac2-5f82-b2ca-20f4c02ae0ae', 'euro-2024', 'euro2024_022', 'lam', 'AWAY', false),
  ('e9d17349-dabe-5aa5-b7d7-38a96aaa9643', 'euro-2024', 'euro2024_022', 'tai', 'AWAY', false),
  ('ba0b28ca-89f6-5795-ae4d-59d8edde333e', 'euro-2024', 'euro2024_022', 'tang', 'HOME', false),
  ('9dd0d75e-0eb9-50b1-bf6d-4b55e8275ee5', 'euro-2024', 'euro2024_022', 'tuc', 'AWAY', false),
  ('3e39cb99-af2a-5b4e-97d9-a741dac2459e', 'euro-2024', 'euro2024_022', 'co', 'HOME', false),
  ('ad2f22d6-02d0-5ef7-9420-178b5ac4f57b', 'euro-2024', 'euro2024_022', 'thuong', 'AWAY', false),
  ('3985c414-2776-5260-8760-cd5834d17f00', 'euro-2024', 'euro2024_022', 'tan', 'AWAY', false),
  ('b58750d3-e3cf-5675-a982-5cf40488a1a8', 'euro-2024', 'euro2024_022', 'long', 'AWAY', false),
  ('4f3251b9-422e-55d0-8d04-f2df7c3a9cd2', 'euro-2024', 'euro2024_023', 'huy', 'AWAY', false),
  ('74c8eab6-7188-514d-8a85-2fff96763fb2', 'euro-2024', 'euro2024_023', 'tien', 'AWAY', false),
  ('398f8c8c-c296-57fa-a0e0-e9d6d46f241f', 'euro-2024', 'euro2024_023', 'lam', 'AWAY', false),
  ('2f7d6aa6-6580-5ab4-ab27-eee2f31c1d32', 'euro-2024', 'euro2024_023', 'tai', 'HOME', false),
  ('919f68c5-3bca-5ae5-b37a-0a23c7daffd8', 'euro-2024', 'euro2024_023', 'tang', 'AWAY', false),
  ('289510e5-d2b7-5d56-9fec-66a883f53df2', 'euro-2024', 'euro2024_023', 'tuc', 'AWAY', false),
  ('dd171bc9-2639-5fdd-9f4f-79b2b784361b', 'euro-2024', 'euro2024_023', 'co', 'AWAY', false),
  ('e6d12184-ee0b-54aa-8490-bf90742b8145', 'euro-2024', 'euro2024_023', 'thuong', 'HOME', false),
  ('d108669f-8121-54a5-b867-603162f929b0', 'euro-2024', 'euro2024_023', 'tan', 'AWAY', false),
  ('07af1282-9f50-5d1f-b78e-0a9568de6da9', 'euro-2024', 'euro2024_023', 'long', 'HOME', false),
  ('73d5977d-c2a6-5642-808f-9ec64aa0ed64', 'euro-2024', 'euro2024_024', 'huy', 'AWAY', false),
  ('09cc9ba7-680b-533a-9879-f4b8e7414c54', 'euro-2024', 'euro2024_024', 'tien', 'AWAY', false),
  ('b9830548-05da-5d43-aa3b-81fee7d3e49b', 'euro-2024', 'euro2024_024', 'lam', 'AWAY', false),
  ('6af0e7b2-2a68-544d-8f0f-c7282f8599af', 'euro-2024', 'euro2024_024', 'tai', 'AWAY', false),
  ('fbd56504-5780-5141-9c0f-63d75f9c0819', 'euro-2024', 'euro2024_024', 'tang', 'HOME', false),
  ('82371d2c-4dbb-5507-a370-74801e9a2afc', 'euro-2024', 'euro2024_024', 'tuc', 'AWAY', false),
  ('429f333c-e171-56d3-9286-5cf9a3132fe3', 'euro-2024', 'euro2024_024', 'co', 'AWAY', false),
  ('dcb7114b-ba9a-5f80-8d9d-1920398b860a', 'euro-2024', 'euro2024_024', 'thuong', 'AWAY', false),
  ('1f27102b-3f71-5687-99a7-178a66e12c14', 'euro-2024', 'euro2024_024', 'tan', 'AWAY', false),
  ('d6a7b735-7559-558f-be29-cf5966fff21e', 'euro-2024', 'euro2024_024', 'long', 'HOME', false),
  ('4dcb665f-9849-5865-a3c9-8554dcff8926', 'euro-2024', 'euro2024_025', 'huy', 'AWAY', false),
  ('e51e8db8-08ab-50b0-9c2f-a412d3dfceb7', 'euro-2024', 'euro2024_025', 'tien', 'AWAY', false),
  ('f815badf-f7dd-573c-8b53-4f70a98d6dac', 'euro-2024', 'euro2024_025', 'lam', 'AWAY', false),
  ('f7caa699-7e9b-5f62-afa5-5d8d240b2f9c', 'euro-2024', 'euro2024_025', 'tai', 'AWAY', false),
  ('fec7b748-e89c-5bcd-b1d4-b2299f53104f', 'euro-2024', 'euro2024_025', 'tang', 'AWAY', false),
  ('49178c0f-cd04-54d2-a119-d548a48fcb05', 'euro-2024', 'euro2024_025', 'tuc', 'AWAY', false),
  ('6367e436-a238-561d-988c-016fd5697619', 'euro-2024', 'euro2024_025', 'co', 'HOME', false),
  ('c60c140d-7017-5b6b-9bdc-9193c558d199', 'euro-2024', 'euro2024_025', 'thuong', 'AWAY', false),
  ('83007061-1844-555c-a221-fed44ea2ea4f', 'euro-2024', 'euro2024_025', 'tan', 'AWAY', false),
  ('9fe4e59a-54dc-5cbb-b191-a2cc40213838', 'euro-2024', 'euro2024_025', 'long', 'AWAY', false),
  ('31daa1b5-da40-5af1-b7cf-36230f1692be', 'euro-2024', 'euro2024_026', 'huy', 'HOME', false),
  ('590c8f3c-416d-5d54-ad7b-2b74bb1636b5', 'euro-2024', 'euro2024_026', 'tien', 'AWAY', false),
  ('4b6e35d3-427e-5dde-b4b7-81b71ccd0d57', 'euro-2024', 'euro2024_026', 'lam', 'AWAY', false),
  ('2e58f6eb-bac2-5a67-b086-cd543f0b43ce', 'euro-2024', 'euro2024_026', 'tai', 'HOME', false),
  ('75eadf4e-c3d1-5eb1-ab18-d33e13cbc832', 'euro-2024', 'euro2024_026', 'tang', 'HOME', false),
  ('ee4bde96-c7df-590b-a4ef-384d40c89196', 'euro-2024', 'euro2024_026', 'tuc', 'AWAY', false),
  ('6aed8ebf-e8a8-54c6-bfe0-8f7d27c1e673', 'euro-2024', 'euro2024_026', 'co', 'HOME', false),
  ('36adda6e-0a09-599a-b661-19de2887ee93', 'euro-2024', 'euro2024_026', 'thuong', 'AWAY', false),
  ('08995aeb-68c9-59e7-a32c-f21c05336b27', 'euro-2024', 'euro2024_026', 'tan', 'AWAY', false),
  ('a0e8afc8-eb15-5a13-9de1-de127154c269', 'euro-2024', 'euro2024_026', 'long', 'AWAY', false),
  ('9c37fc83-a8d5-56f5-8b7f-7066def54d24', 'euro-2024', 'euro2024_027', 'huy', 'AWAY', false),
  ('28f9d40c-8636-52f8-87fa-564f8755b3ff', 'euro-2024', 'euro2024_027', 'tien', 'HOME', false),
  ('237e9dfe-e861-5504-ba6d-a037a4b4d156', 'euro-2024', 'euro2024_027', 'lam', 'HOME', false),
  ('e0365d6b-3df9-5ec9-a810-95d385305381', 'euro-2024', 'euro2024_027', 'tai', 'HOME', false),
  ('9b34b891-0b96-50ab-bfc4-e3b93139ecf2', 'euro-2024', 'euro2024_027', 'tang', 'AWAY', false),
  ('e213234b-a8b5-5cbb-b225-edad27d64744', 'euro-2024', 'euro2024_027', 'tuc', 'AWAY', false),
  ('33810785-85af-5708-a4e2-335755d8eb05', 'euro-2024', 'euro2024_027', 'co', 'HOME', false),
  ('e6d56461-e530-5a64-9d07-018faee92e89', 'euro-2024', 'euro2024_027', 'thuong', 'AWAY', false),
  ('07c881ed-609a-5cf6-b01f-5581ae322979', 'euro-2024', 'euro2024_027', 'tan', 'AWAY', false),
  ('3f0af8ba-b2f0-59b2-9983-6ced2ad7d03f', 'euro-2024', 'euro2024_027', 'long', 'HOME', false),
  ('68e53ab4-1060-5d49-bef6-efaa2e056e2e', 'euro-2024', 'euro2024_028', 'huy', 'AWAY', false),
  ('c5d0ce43-21fb-5a48-afc2-075c9b7eaacc', 'euro-2024', 'euro2024_028', 'tien', 'AWAY', false),
  ('4305fa36-320b-5e87-9982-d35b44dc927f', 'euro-2024', 'euro2024_028', 'lam', 'HOME', false),
  ('027fee69-3f9e-59c7-a71e-2191f0787b42', 'euro-2024', 'euro2024_028', 'tai', 'HOME', false),
  ('e632cae4-7652-5e7d-9630-f916537aadc0', 'euro-2024', 'euro2024_028', 'tang', 'HOME', false),
  ('68b7f2bc-93f1-53b3-8770-1fdf7ef4ff7b', 'euro-2024', 'euro2024_028', 'tuc', 'AWAY', false),
  ('0880e29a-a504-5802-9f05-367b8026977e', 'euro-2024', 'euro2024_028', 'co', 'HOME', false),
  ('bf01f934-aaa0-5685-a73f-622477c45d7a', 'euro-2024', 'euro2024_028', 'thuong', 'HOME', false),
  ('95548254-d2dd-5c61-8d0a-0f37f280b33f', 'euro-2024', 'euro2024_028', 'tan', 'AWAY', false),
  ('668419cb-bd23-555a-b0b9-d9312266aae6', 'euro-2024', 'euro2024_028', 'long', 'AWAY', false),
  ('3895245b-7425-5455-a2f2-015fb11e570f', 'euro-2024', 'euro2024_029', 'huy', 'AWAY', false),
  ('28dad7f1-4a38-5297-934a-d46e13362820', 'euro-2024', 'euro2024_029', 'tien', 'HOME', false),
  ('a94cb3c4-e128-5a8b-a39e-37d1d04b5798', 'euro-2024', 'euro2024_029', 'lam', 'AWAY', false),
  ('cd76fbf9-4130-5859-868d-caf91202ad58', 'euro-2024', 'euro2024_029', 'tai', 'AWAY', false),
  ('83c7dfc2-cf18-5ff0-a0bb-6ef90bb6aa1c', 'euro-2024', 'euro2024_029', 'tang', 'HOME', false),
  ('aab5ceae-097c-57bd-b212-cd9faabe32d5', 'euro-2024', 'euro2024_029', 'tuc', 'HOME', false),
  ('39da9652-a1d8-5a80-af89-042e14ab76e0', 'euro-2024', 'euro2024_029', 'co', 'HOME', false),
  ('7c6b0baa-e3ae-5d2c-a2b2-f2d27cc4ef13', 'euro-2024', 'euro2024_029', 'thuong', 'HOME', false),
  ('7a0e3ed8-fbd4-5507-a249-946c916f4288', 'euro-2024', 'euro2024_029', 'tan', 'AWAY', false),
  ('9cf50643-d2aa-507c-aec3-c5730b954ea5', 'euro-2024', 'euro2024_029', 'long', 'HOME', false),
  ('8177f23b-17ad-548d-a30b-43e54970f18c', 'euro-2024', 'euro2024_030', 'huy', 'HOME', false),
  ('15b597ac-222f-5d8b-b24e-940b93bfbb3b', 'euro-2024', 'euro2024_030', 'tien', 'AWAY', false),
  ('aa45fce7-d5b9-52e4-9c8a-8dd4d19fc7aa', 'euro-2024', 'euro2024_030', 'lam', 'HOME', false),
  ('a4388d8b-ccaf-5703-9188-66bcb28d341e', 'euro-2024', 'euro2024_030', 'tai', 'AWAY', false),
  ('cfef3595-c3df-59da-9015-82bf77af80e9', 'euro-2024', 'euro2024_030', 'tang', 'AWAY', false),
  ('72eb3cc4-5a49-535b-a445-e30ef6c25569', 'euro-2024', 'euro2024_030', 'tuc', 'HOME', false),
  ('7a2b5e96-3ad3-5d74-9fcb-1b1f6de2c502', 'euro-2024', 'euro2024_030', 'co', 'AWAY', false),
  ('7a3403e0-a649-5afe-83e8-643ccef97d3a', 'euro-2024', 'euro2024_030', 'thuong', 'AWAY', false),
  ('56f44900-9d5f-507c-adc7-3499719070a8', 'euro-2024', 'euro2024_030', 'tan', 'AWAY', false),
  ('ace7799e-ae7f-5e4a-a090-9e3b4f283383', 'euro-2024', 'euro2024_030', 'long', 'AWAY', false),
  ('196a2bd8-ee6b-567c-9681-0b291d51b0f8', 'euro-2024', 'euro2024_031', 'huy', 'HOME', false),
  ('93bc8bed-e431-5774-880b-8969b0fd6cf0', 'euro-2024', 'euro2024_031', 'tien', 'HOME', false),
  ('f3718a29-9045-54ec-9c6f-471257d047ab', 'euro-2024', 'euro2024_031', 'lam', 'HOME', false),
  ('1c1fbd4b-9bbb-5dab-9e72-f999c385b8ab', 'euro-2024', 'euro2024_031', 'tai', 'AWAY', false),
  ('d351e1d7-25b6-5848-88a2-5c665f8d027f', 'euro-2024', 'euro2024_031', 'tang', 'AWAY', false),
  ('4cbfc628-d617-5574-837e-05917221863d', 'euro-2024', 'euro2024_031', 'tuc', 'HOME', false),
  ('0af36d37-de86-5b12-a2c5-b103f5ae286f', 'euro-2024', 'euro2024_031', 'co', 'AWAY', false),
  ('6866b511-18e0-53d2-a377-a5f208e48de5', 'euro-2024', 'euro2024_031', 'thuong', 'AWAY', false),
  ('63a294c9-d733-59de-b5c7-85fdcac48a77', 'euro-2024', 'euro2024_031', 'tan', 'AWAY', false),
  ('983a4581-02f9-5a86-8dc4-457ba281012b', 'euro-2024', 'euro2024_031', 'long', 'HOME', false),
  ('4a0f9aa3-c2e8-576b-b13d-01fbaa0e6580', 'euro-2024', 'euro2024_032', 'huy', 'HOME', false),
  ('c6d57be1-c4ac-52b5-b1ea-2156277ff96b', 'euro-2024', 'euro2024_032', 'tien', 'HOME', false),
  ('cacf3882-3cbb-5d96-b2fc-afddd3fdb13f', 'euro-2024', 'euro2024_032', 'lam', 'AWAY', false),
  ('5044719f-36db-5886-91fe-6777cfecbc42', 'euro-2024', 'euro2024_032', 'tai', 'AWAY', false),
  ('d0d94821-c56f-5326-afc6-5d4616c9a591', 'euro-2024', 'euro2024_032', 'tang', 'HOME', false),
  ('46f927ae-e2fd-5d87-a652-435086067649', 'euro-2024', 'euro2024_032', 'tuc', 'HOME', false),
  ('35c992e7-0cb8-5982-b463-832bb336a83a', 'euro-2024', 'euro2024_032', 'co', 'HOME', false),
  ('65a79305-6969-546a-a4bf-deedf33607e9', 'euro-2024', 'euro2024_032', 'thuong', 'HOME', false),
  ('1f021b61-0106-50fb-b23f-e36f588afba2', 'euro-2024', 'euro2024_032', 'tan', 'HOME', false),
  ('3ef25c41-6e89-5ccf-8037-044b741bca2e', 'euro-2024', 'euro2024_032', 'long', 'AWAY', false),
  ('e70a078b-d230-5778-95d6-55f3c465b9ed', 'euro-2024', 'euro2024_033', 'huy', 'AWAY', false),
  ('e4fee323-9135-5171-b350-5b588297fbab', 'euro-2024', 'euro2024_033', 'tien', 'AWAY', false),
  ('309f4853-8005-5ff1-9ebb-5b70b6a82f50', 'euro-2024', 'euro2024_033', 'lam', 'AWAY', false),
  ('d2150fee-c5c2-59e9-a4f7-c05414716b20', 'euro-2024', 'euro2024_033', 'tai', 'HOME', false),
  ('bc6e97dd-bb0f-5758-90a3-e2eccc5ce491', 'euro-2024', 'euro2024_033', 'tang', 'HOME', false),
  ('80b2e49a-47a4-58b2-bb79-eba11574db04', 'euro-2024', 'euro2024_033', 'tuc', 'AWAY', false),
  ('067f2a37-2d22-531e-912a-d5ae7146d2fd', 'euro-2024', 'euro2024_033', 'co', 'AWAY', false),
  ('0c2211bd-a900-54d4-863f-4e835991bb36', 'euro-2024', 'euro2024_033', 'thuong', 'AWAY', false),
  ('9ea91fbc-21b5-5b51-aa8c-436d1344b6ba', 'euro-2024', 'euro2024_033', 'tan', 'AWAY', false),
  ('461b0a81-3aaa-5627-8331-affef843f5a3', 'euro-2024', 'euro2024_033', 'long', 'HOME', false),
  ('ecf072d8-03d7-5121-8c94-349cb533ce7e', 'euro-2024', 'euro2024_034', 'huy', 'AWAY', false),
  ('f422ce88-57e2-59ab-990b-336f0dc608f8', 'euro-2024', 'euro2024_034', 'tien', 'AWAY', false),
  ('be1244a7-b5e6-5869-9cc7-3b761a4c73e1', 'euro-2024', 'euro2024_034', 'lam', 'AWAY', false),
  ('5b914dd0-8d04-5d78-83bf-a87413b30e70', 'euro-2024', 'euro2024_034', 'tai', 'AWAY', false),
  ('db5a9b0f-1a1a-5890-99c3-49a3ef5c0db2', 'euro-2024', 'euro2024_034', 'tang', 'AWAY', false),
  ('8da553db-ca01-5303-8edc-f317c137d3a0', 'euro-2024', 'euro2024_034', 'tuc', 'AWAY', false),
  ('ea2451b6-788c-545b-b279-08566447a38a', 'euro-2024', 'euro2024_034', 'co', 'AWAY', false),
  ('6a18a4c0-61ba-5d9f-a9d6-89e4e2ee0ac4', 'euro-2024', 'euro2024_034', 'thuong', 'AWAY', false),
  ('530ca39c-0d66-51a3-8419-ed9a4c77415e', 'euro-2024', 'euro2024_034', 'tan', 'AWAY', false),
  ('3a8977c3-7e39-55a9-a805-15c5fe57e57c', 'euro-2024', 'euro2024_034', 'long', 'AWAY', false),
  ('f6fe16bb-1bc6-59db-8ec7-7ffda265260f', 'euro-2024', 'euro2024_035', 'huy', 'AWAY', false),
  ('6c0f2b55-1cd9-5e5c-afb8-a8ff6bcfe6c6', 'euro-2024', 'euro2024_035', 'tien', 'HOME', false),
  ('a9c46d0f-d4d2-578c-afba-845927cb9fea', 'euro-2024', 'euro2024_035', 'lam', 'AWAY', false),
  ('f427ad55-1cfc-5792-a931-4fb98a673a76', 'euro-2024', 'euro2024_035', 'tai', 'AWAY', false),
  ('067f4d48-4ce7-5d48-b99c-3dc6b0ea73db', 'euro-2024', 'euro2024_035', 'tang', 'HOME', false),
  ('49749f87-78ff-55e6-bbca-de632e1ea022', 'euro-2024', 'euro2024_035', 'tuc', 'AWAY', false),
  ('8bfca8c2-fc44-5be8-ba6d-1602217849c7', 'euro-2024', 'euro2024_035', 'co', 'AWAY', false),
  ('587bee1e-a3fe-5a31-a02f-7b4f31c23314', 'euro-2024', 'euro2024_035', 'thuong', 'HOME', false),
  ('fd5bd169-b112-5b87-bc75-f5dab4505a79', 'euro-2024', 'euro2024_035', 'tan', 'AWAY', false),
  ('9df874c3-e9ea-5702-bcbe-939b9fe46861', 'euro-2024', 'euro2024_035', 'long', 'HOME', false),
  ('e8f120ef-5faf-5cb8-a19f-6e1338a90fb1', 'euro-2024', 'euro2024_036', 'huy', 'AWAY', false),
  ('ca26091a-3746-5efe-897a-3bff69f5cf53', 'euro-2024', 'euro2024_036', 'tien', 'AWAY', false),
  ('aa4daa6e-79e9-5b9c-85ea-4c9b603fe395', 'euro-2024', 'euro2024_036', 'lam', 'AWAY', false),
  ('e88b7a76-0518-5016-bb7d-342c3db30eba', 'euro-2024', 'euro2024_036', 'tai', 'AWAY', false),
  ('e1263672-8832-5768-a624-c6bd01cb9755', 'euro-2024', 'euro2024_036', 'tang', 'HOME', false),
  ('164b97c3-5751-5f75-8151-5f5f53c8bddb', 'euro-2024', 'euro2024_036', 'tuc', 'AWAY', false),
  ('b318597e-6c98-57eb-93ab-1cb2061ed8a0', 'euro-2024', 'euro2024_036', 'co', 'AWAY', false),
  ('99c46519-a193-5e32-9b01-1115d9c3696f', 'euro-2024', 'euro2024_036', 'thuong', 'AWAY', false),
  ('d2af1f6f-ccbd-50ff-9ecc-6a35eb7b80e6', 'euro-2024', 'euro2024_036', 'tan', 'AWAY', false),
  ('10410eed-849f-56cb-9a27-80d18b742e7e', 'euro-2024', 'euro2024_036', 'long', 'HOME', false),
  ('a91daa41-5c4a-5572-811e-7c29601901b2', 'euro-2024', 'euro2024_037', 'huy', 'HOME', false),
  ('1f675f41-0599-5514-9dc7-29dc96b78bde', 'euro-2024', 'euro2024_037', 'tien', 'AWAY', false),
  ('2b772222-5ba4-5fc5-bd45-87dd2865f94c', 'euro-2024', 'euro2024_037', 'lam', 'AWAY', true),
  ('78887f66-1534-510b-adfd-ab29fd9817fc', 'euro-2024', 'euro2024_037', 'tai', 'AWAY', false),
  ('8b1a5ee8-0ac5-51d6-a667-c4e71955f2d6', 'euro-2024', 'euro2024_037', 'tang', 'HOME', false),
  ('4ab0f65f-d07c-5243-9d5e-3292ec6d5905', 'euro-2024', 'euro2024_037', 'tuc', 'HOME', false),
  ('661bd928-8db1-5a4e-996e-5355ce528ec4', 'euro-2024', 'euro2024_037', 'co', 'AWAY', true),
  ('f92f02af-16d7-5d8f-947a-9ef10ab2de21', 'euro-2024', 'euro2024_037', 'thuong', 'HOME', false),
  ('20a6e9b5-5c7e-5f29-8d37-dfb136ac9a5e', 'euro-2024', 'euro2024_037', 'tan', 'HOME', false),
  ('9b8e7e9b-80ba-53c3-be55-f775fe29190f', 'euro-2024', 'euro2024_037', 'long', 'HOME', false),
  ('7fb75ee2-e9b9-5013-9b81-2756f0a3d26d', 'euro-2024', 'euro2024_038', 'huy', 'HOME', false),
  ('443b958e-8826-55ec-bada-f504d6a18ec1', 'euro-2024', 'euro2024_038', 'tien', 'HOME', false),
  ('c64ff26e-024d-584a-95c8-5ee2cb175993', 'euro-2024', 'euro2024_038', 'lam', 'HOME', true),
  ('1db249c4-4380-555c-b437-d836b324f4e4', 'euro-2024', 'euro2024_038', 'tai', 'HOME', false),
  ('8a2e4937-b0bd-5e22-8790-97bcb2993cad', 'euro-2024', 'euro2024_038', 'tang', 'HOME', false),
  ('7ec7820d-a05e-5f58-8797-a5cfd91b6ab7', 'euro-2024', 'euro2024_038', 'tuc', 'HOME', false),
  ('83cdd6a5-bc55-564b-a2d2-6b103252c60a', 'euro-2024', 'euro2024_038', 'co', 'HOME', true),
  ('909fa812-2e72-5376-ab1b-0021835bf8d5', 'euro-2024', 'euro2024_038', 'thuong', 'HOME', false),
  ('cb0857dd-6f7e-51f9-b0c9-16beb4dd1943', 'euro-2024', 'euro2024_038', 'tan', 'HOME', false),
  ('c82ee3e8-9222-5aca-8471-4f08c74b1890', 'euro-2024', 'euro2024_038', 'long', 'HOME', false),
  ('de787862-a770-55e1-96a5-be1a2d968b72', 'euro-2024', 'euro2024_039', 'huy', 'AWAY', false),
  ('d60d35a6-f5f2-51a3-8202-cf4aee1230f6', 'euro-2024', 'euro2024_039', 'tien', 'HOME', false),
  ('3c2cf263-5b1a-56c4-ad42-47519a007975', 'euro-2024', 'euro2024_039', 'lam', 'HOME', false),
  ('d1d84dcf-254f-568f-a3c9-7ee8690ff949', 'euro-2024', 'euro2024_039', 'tai', 'AWAY', false),
  ('a9253c73-84ca-52b5-8a55-7faaa3b03023', 'euro-2024', 'euro2024_039', 'tang', 'AWAY', false),
  ('be2574e7-d245-53f1-a04c-e45003abe687', 'euro-2024', 'euro2024_039', 'tuc', 'AWAY', false),
  ('7d81c50b-c345-5d18-b875-f9236cb9fe07', 'euro-2024', 'euro2024_039', 'co', 'AWAY', false),
  ('dc4ee77d-7f9c-557e-8459-e45467554d85', 'euro-2024', 'euro2024_039', 'thuong', 'AWAY', false),
  ('f583f91e-bb09-599f-8c02-ab42907db22a', 'euro-2024', 'euro2024_039', 'tan', 'AWAY', false),
  ('450bceca-f575-597f-8e52-9f2289669863', 'euro-2024', 'euro2024_039', 'long', 'AWAY', true),
  ('9f05b03a-f448-582e-a0d7-5b47e6075c6c', 'euro-2024', 'euro2024_040', 'huy', 'HOME', false),
  ('f0c1fa3b-74f8-5fcf-99f8-2873a3816aba', 'euro-2024', 'euro2024_040', 'tien', 'HOME', false),
  ('3dba03dd-a157-5b23-bd56-c0f863d55ffb', 'euro-2024', 'euro2024_040', 'lam', 'HOME', false),
  ('08ca9cdb-9060-5b82-8577-ec3965bc9359', 'euro-2024', 'euro2024_040', 'tai', 'AWAY', false),
  ('8bf39a5e-c55a-52e2-9378-53cf6ae040d2', 'euro-2024', 'euro2024_040', 'tang', 'HOME', false),
  ('f85096ce-3a44-5b53-8dd1-4204cd78df50', 'euro-2024', 'euro2024_040', 'tuc', 'HOME', false),
  ('adb58bf5-8407-5174-b66a-b1fe5222fc57', 'euro-2024', 'euro2024_040', 'co', 'HOME', false),
  ('85156cdc-49d9-5cf7-9cfa-a99d7b6cd088', 'euro-2024', 'euro2024_040', 'thuong', 'HOME', true),
  ('7344814c-b6f6-59ae-9619-c59838f233d6', 'euro-2024', 'euro2024_040', 'tan', 'HOME', false),
  ('5b8197a7-39e6-58aa-b697-9bc5e9775c3e', 'euro-2024', 'euro2024_040', 'long', 'HOME', true),
  ('c46e4a61-4a43-55ab-830c-171e3e2c0f69', 'euro-2024', 'euro2024_041', 'huy', 'HOME', false),
  ('f58a6ddc-2b8d-5b57-8b45-cd3c522a1eaf', 'euro-2024', 'euro2024_041', 'tien', 'HOME', false),
  ('1158b9ad-c8d6-5f05-9563-13f15e9c8d57', 'euro-2024', 'euro2024_041', 'lam', 'HOME', false),
  ('ef18cde8-5d30-560a-a6ce-e44af3bc5100', 'euro-2024', 'euro2024_041', 'tai', 'HOME', false),
  ('a149b7f2-fafd-515a-9cb6-a9314e6404f6', 'euro-2024', 'euro2024_041', 'tang', 'HOME', false),
  ('178b94b3-c4bf-5b0b-97f1-a83ef795b948', 'euro-2024', 'euro2024_041', 'tuc', 'HOME', false),
  ('09888183-8318-5857-aca1-17d309006637', 'euro-2024', 'euro2024_041', 'co', 'HOME', false),
  ('736966c6-a616-549d-ac4e-256e836a88d1', 'euro-2024', 'euro2024_041', 'thuong', 'AWAY', false),
  ('c069a95e-b570-5acb-afed-4cdc0960fc3b', 'euro-2024', 'euro2024_041', 'tan', 'HOME', false),
  ('216d5fac-26ff-5644-a509-5288dc0c0984', 'euro-2024', 'euro2024_041', 'long', 'HOME', true),
  ('aae0a571-68fa-5409-a746-995a81e86cfd', 'euro-2024', 'euro2024_042', 'huy', 'HOME', false),
  ('2164a3a3-4067-5f38-a889-26d48b1782ca', 'euro-2024', 'euro2024_042', 'tien', 'AWAY', false),
  ('f72f27f1-5023-56b8-88c5-d04a976f0433', 'euro-2024', 'euro2024_042', 'lam', 'HOME', false),
  ('9e1e74ca-6cbc-5dcc-bcf2-c56021aa4059', 'euro-2024', 'euro2024_042', 'tai', 'AWAY', false),
  ('1fe275a8-4ec3-5e9b-a580-66ca1a6a4b7b', 'euro-2024', 'euro2024_042', 'tang', 'AWAY', false),
  ('d12d44fc-4c28-5c5a-92d1-ed03cf2c0fa1', 'euro-2024', 'euro2024_042', 'tuc', 'HOME', false),
  ('ecbc925e-b503-558b-b8e8-d627a54b957d', 'euro-2024', 'euro2024_042', 'co', 'AWAY', false),
  ('41b01686-bd91-5c2c-a511-9d9a237bdfc2', 'euro-2024', 'euro2024_042', 'thuong', 'AWAY', false),
  ('5d576377-79a4-519b-b9b9-d3d43ad7d840', 'euro-2024', 'euro2024_042', 'tan', 'AWAY', false),
  ('dc79ee4a-e31c-57ec-ab4a-821712a85aaa', 'euro-2024', 'euro2024_042', 'long', 'AWAY', false),
  ('106268ec-68a7-500f-b828-7e1158b65504', 'euro-2024', 'euro2024_043', 'huy', 'HOME', false),
  ('208160aa-b305-5d88-bf28-cbc3d8c67889', 'euro-2024', 'euro2024_043', 'tien', 'HOME', false),
  ('1ff3913b-fd9a-5c54-94c9-123ed5930dc7', 'euro-2024', 'euro2024_043', 'lam', 'HOME', false),
  ('c3aaa67d-7384-5842-a007-0b383129db0a', 'euro-2024', 'euro2024_043', 'tai', 'HOME', false),
  ('f85ac3ff-bed9-5c48-93f1-c9cddb226a5d', 'euro-2024', 'euro2024_043', 'tang', 'HOME', false),
  ('61f5fb4f-20bc-5607-9eb2-9f2baaaa9321', 'euro-2024', 'euro2024_043', 'tuc', 'HOME', false),
  ('1a6a0b59-937d-586c-a080-c4e870507036', 'euro-2024', 'euro2024_043', 'co', 'HOME', false),
  ('7f76d062-51f2-5eb1-98df-7064a8e36e1e', 'euro-2024', 'euro2024_043', 'thuong', 'HOME', true),
  ('dea400f8-4d36-59ee-89b3-d5bc84f1c8c5', 'euro-2024', 'euro2024_043', 'tan', 'HOME', false),
  ('344cbd23-efba-5692-b671-94087d9ad7d3', 'euro-2024', 'euro2024_043', 'long', 'AWAY', false),
  ('7c6ca8f3-cc2f-5859-82f7-d003f06c2e4e', 'euro-2024', 'euro2024_044', 'huy', 'HOME', false),
  ('b91d219e-218b-5c8f-bef5-856f4fa62a7f', 'euro-2024', 'euro2024_044', 'tien', 'HOME', false),
  ('e7c1bdd0-7355-546c-8dc0-e5deb97d874f', 'euro-2024', 'euro2024_044', 'lam', 'HOME', false),
  ('603a623c-8cbd-599f-9d8d-26c5bb03f77f', 'euro-2024', 'euro2024_044', 'tai', 'HOME', false),
  ('0d05137b-6ff1-5a40-be51-b9c1258256b3', 'euro-2024', 'euro2024_044', 'tang', 'HOME', false),
  ('fda2fbcd-1c67-587d-bd6c-c1658a417f49', 'euro-2024', 'euro2024_044', 'tuc', 'HOME', false),
  ('d1834a98-7b40-502f-9a08-ec65e906c329', 'euro-2024', 'euro2024_044', 'co', 'HOME', false),
  ('31839583-7e25-5e3a-a482-ceb56034f137', 'euro-2024', 'euro2024_044', 'thuong', 'AWAY', true),
  ('f8fb02cd-454f-5db5-8d7c-ce8e8eba8fd3', 'euro-2024', 'euro2024_044', 'tan', 'HOME', false),
  ('4f434ae2-81dc-51a0-985c-f0ad28dba02a', 'euro-2024', 'euro2024_044', 'long', 'AWAY', false),
  ('59c5c9b2-a55f-58d1-8c2b-c519ce260447', 'euro-2024', 'euro2024_045', 'huy', 'AWAY', false),
  ('3c357dbf-637a-5788-8173-d4e530f30c9c', 'euro-2024', 'euro2024_045', 'tien', 'AWAY', false),
  ('7af62e5e-2015-5f72-ada2-b85470bfb203', 'euro-2024', 'euro2024_045', 'lam', 'HOME', false),
  ('97e393f1-7bfe-5f07-b692-68e2def4d120', 'euro-2024', 'euro2024_045', 'tai', 'AWAY', false),
  ('377887d0-d4de-592e-a914-0bf11891d046', 'euro-2024', 'euro2024_045', 'tang', 'HOME', false),
  ('54f67824-86cf-579f-b692-6ffeb0513d1c', 'euro-2024', 'euro2024_045', 'tuc', 'AWAY', false),
  ('3f817e05-e17e-5a86-97b0-b51c60446773', 'euro-2024', 'euro2024_045', 'co', 'AWAY', false),
  ('7396396a-5dcf-5c6e-8e6d-54a0615abb8b', 'euro-2024', 'euro2024_045', 'thuong', 'HOME', false),
  ('a084b33e-5142-59e9-a0fe-e85da8c23c41', 'euro-2024', 'euro2024_045', 'tan', 'HOME', false),
  ('7dbad762-59b1-5ab9-ab0c-3967fde1837d', 'euro-2024', 'euro2024_045', 'long', 'HOME', false),
  ('5dbb1010-bb90-5656-8dd6-37a2a129d188', 'euro-2024', 'euro2024_046', 'huy', 'HOME', false),
  ('4e8a866d-aa77-5001-85a8-84848181f45c', 'euro-2024', 'euro2024_046', 'tien', 'AWAY', false),
  ('9264cb4d-8131-57be-87a9-d5afebae20da', 'euro-2024', 'euro2024_046', 'lam', 'HOME', false),
  ('bf063b31-571f-5a12-bf44-94fd02135f4b', 'euro-2024', 'euro2024_046', 'tai', 'AWAY', false),
  ('5f344c70-37a0-51b3-9b9e-6d905d289618', 'euro-2024', 'euro2024_046', 'tang', 'AWAY', false),
  ('9db16275-4ff5-5de6-b06a-3b9f088cfa7c', 'euro-2024', 'euro2024_046', 'tuc', 'HOME', false),
  ('4bbfde0b-c6fb-53a6-acd5-82fd74d63ca1', 'euro-2024', 'euro2024_046', 'co', 'AWAY', false),
  ('0e17b3c2-29ea-5916-9ab0-d600cf8f9d8a', 'euro-2024', 'euro2024_046', 'thuong', 'AWAY', false),
  ('f667c828-6b8b-546d-aab8-ed08318f485c', 'euro-2024', 'euro2024_046', 'tan', 'AWAY', false),
  ('7611fccd-7615-582f-921e-1f850eb4e93e', 'euro-2024', 'euro2024_046', 'long', 'AWAY', false),
  ('139a5b52-7b66-55c1-b916-3457a1d84e8f', 'euro-2024', 'euro2024_047', 'huy', 'AWAY', false),
  ('c5a83c70-eb0d-53f7-9936-3fce916cc124', 'euro-2024', 'euro2024_047', 'tien', 'HOME', false),
  ('0ee9034a-da97-5c8c-8033-1428d20fa923', 'euro-2024', 'euro2024_047', 'lam', 'HOME', false),
  ('40679576-0e2f-56db-b087-2276b1d040ac', 'euro-2024', 'euro2024_047', 'tai', 'HOME', false),
  ('11aa3c00-746b-547b-80e8-ba10f4c71814', 'euro-2024', 'euro2024_047', 'tang', 'AWAY', false),
  ('ecb023cb-8daa-532c-bccf-77994dd7c79b', 'euro-2024', 'euro2024_047', 'tuc', 'HOME', false),
  ('bd9b63f9-1a6c-5750-9000-16346d7e02c8', 'euro-2024', 'euro2024_047', 'co', 'HOME', false),
  ('4237ef7c-fd12-564b-8d6d-ce158ffd6e64', 'euro-2024', 'euro2024_047', 'thuong', 'HOME', false),
  ('f7ed097c-9508-5b10-9a43-c942b8c0d4d4', 'euro-2024', 'euro2024_047', 'tan', 'HOME', false),
  ('d2efa4b1-47d9-5a31-9977-e98e03c04e5b', 'euro-2024', 'euro2024_047', 'long', 'HOME', false),
  ('52304fd5-8568-55e2-97e4-24ae199dc640', 'euro-2024', 'euro2024_048', 'huy', 'HOME', false),
  ('6f0818fa-39ab-5742-ad1a-e35b4adb88ce', 'euro-2024', 'euro2024_048', 'tien', 'HOME', false),
  ('75dc7f86-fb1e-5a7f-b7e6-c05ffa59ced6', 'euro-2024', 'euro2024_048', 'lam', 'AWAY', false),
  ('f4df02d4-8226-5e1d-8628-19af42371835', 'euro-2024', 'euro2024_048', 'tai', 'HOME', false),
  ('ca89d01b-7308-57e5-bf2c-c598d31da1ba', 'euro-2024', 'euro2024_048', 'tang', 'HOME', false),
  ('566d6f78-ae46-5df1-8254-4dfca91fa051', 'euro-2024', 'euro2024_048', 'tuc', 'HOME', false),
  ('6c4ffea1-9b39-50da-99e1-7cda5b5c04de', 'euro-2024', 'euro2024_048', 'co', 'HOME', false),
  ('8115b3a7-5683-5a32-af52-7f5cd22e0a2a', 'euro-2024', 'euro2024_048', 'thuong', 'HOME', false),
  ('36fa0c79-7a57-596a-9801-f28bbac342da', 'euro-2024', 'euro2024_048', 'tan', 'AWAY', false),
  ('f6981456-e209-59cd-bdd2-92f51b38b600', 'euro-2024', 'euro2024_048', 'long', 'HOME', false),
  ('9809c902-516f-52b9-a761-80a2658da75f', 'euro-2024', 'euro2024_049', 'huy', 'AWAY', true),
  ('d440fe0e-c54e-59d9-a005-9b1dfe901a90', 'euro-2024', 'euro2024_049', 'tien', 'HOME', true),
  ('ffa4f778-16fb-5012-a110-95a63dbf91ce', 'euro-2024', 'euro2024_049', 'lam', 'AWAY', true),
  ('f1351035-da04-5a84-bfd9-0933cedcae51', 'euro-2024', 'euro2024_049', 'tai', 'AWAY', true),
  ('919c2073-7507-59a7-9e55-7eb607a5ddb0', 'euro-2024', 'euro2024_049', 'tang', 'HOME', true),
  ('d8fa255a-c286-5269-929f-191c6b19fd78', 'euro-2024', 'euro2024_049', 'tuc', 'HOME', true),
  ('d9968c17-87ab-5ec9-bc14-f16b221e55e0', 'euro-2024', 'euro2024_049', 'co', 'AWAY', true),
  ('2720069d-e73b-5ee5-8078-8075e7bada2f', 'euro-2024', 'euro2024_049', 'thuong', 'HOME', true),
  ('ed02a706-9bd3-5f92-a332-391945088006', 'euro-2024', 'euro2024_049', 'tan', 'HOME', true),
  ('7f5de3b1-8cdc-50b2-b39d-8d90a2afa836', 'euro-2024', 'euro2024_049', 'long', 'HOME', true),
  ('479be754-404f-5ee7-adb6-9045286a3bd4', 'euro-2024', 'euro2024_050', 'huy', 'AWAY', true),
  ('3335df5f-ccd8-5601-89cc-178f03d63b16', 'euro-2024', 'euro2024_050', 'tien', 'HOME', true),
  ('7b1b7aa5-fd39-5367-b143-c4a2baaf6304', 'euro-2024', 'euro2024_050', 'lam', 'AWAY', true),
  ('225837c3-2d71-5d9c-9e1b-180bf7342073', 'euro-2024', 'euro2024_050', 'tai', 'HOME', true),
  ('a863b078-ff8a-5dee-9bf9-0936c57feaf6', 'euro-2024', 'euro2024_050', 'tang', 'HOME', true),
  ('81ef8983-a1c5-5e5f-9599-98880a1d1640', 'euro-2024', 'euro2024_050', 'tuc', 'HOME', true),
  ('89cb9c8f-5f91-5dd7-ace0-e785be6869c1', 'euro-2024', 'euro2024_050', 'co', 'HOME', true),
  ('5cb868c6-8532-5ec7-b5da-90727855f65d', 'euro-2024', 'euro2024_050', 'thuong', 'HOME', true),
  ('26ab2aa9-b461-5a07-8375-38c13601027b', 'euro-2024', 'euro2024_050', 'tan', 'HOME', true),
  ('3f04cf79-1a37-5aa9-9f2c-216f1966fba3', 'euro-2024', 'euro2024_050', 'long', 'AWAY', true),
  ('d88421c1-57c3-5f18-aef4-f7defdc411c8', 'euro-2024', 'euro2024_051', 'huy', 'HOME', true),
  ('22d983d3-ba5c-5650-af7a-eb6ef5c4e3c3', 'euro-2024', 'euro2024_051', 'tien', 'HOME', true),
  ('d937a461-1ad2-5586-9c8b-7feb897217b3', 'euro-2024', 'euro2024_051', 'lam', 'AWAY', true),
  ('bcf8fc45-9d68-5db4-b04e-5957101adb26', 'euro-2024', 'euro2024_051', 'tai', 'AWAY', true),
  ('9940f41d-1f46-5a7a-83e7-2c9181f94b0e', 'euro-2024', 'euro2024_051', 'tang', 'HOME', true),
  ('4229548f-8283-533d-a3cd-4c452c26d45e', 'euro-2024', 'euro2024_051', 'tuc', 'AWAY', true),
  ('89bc76ba-ba9c-5a64-9c51-2881337b7575', 'euro-2024', 'euro2024_051', 'co', 'AWAY', true),
  ('19227cf9-0aa7-569a-990f-0b19f78e7172', 'euro-2024', 'euro2024_051', 'thuong', 'AWAY', true),
  ('eb9f00ef-7516-575a-8536-0b3b8d97cacd', 'euro-2024', 'euro2024_051', 'tan', 'HOME', true),
  ('87edbf12-85db-58d7-be5a-ffbc7b231a4f', 'euro-2024', 'euro2024_051', 'long', 'AWAY', true)
on conflict (match_id, player_id) do update set
  id = excluded.id,
  competition_id = excluded.competition_id,
  choice = excluded.choice,
  hope_star = excluded.hope_star,
  updated_at = now();

insert into public.settlements (id, competition_id, match_id, player_id, prediction_id, status, penalty_vnd) values
  ('a674db42-c4fa-5f8c-9378-1337c6d44e31', 'euro-2024', 'euro2024_001', 'huy', '14050c78-6058-5090-bba6-f3f7baa2bb39', 'LOSE', 10000),
  ('8ae13af5-7703-52ca-93e1-1491feb7e5fa', 'euro-2024', 'euro2024_001', 'tien', '8f43f91d-c2b0-5242-b6b0-597f2b22bd27', 'LOSE', 10000),
  ('31eeece0-1180-5710-8091-d7493642722a', 'euro-2024', 'euro2024_001', 'lam', '76b38824-ffcf-5691-98ea-f134e78ac11b', 'LOSE', 10000),
  ('48039802-6887-5bba-b39f-c787307b6b19', 'euro-2024', 'euro2024_001', 'tai', '201d0b5f-d8b7-5fc9-aeab-be205a797312', 'WIN', 0),
  ('25fbeef3-2c69-5b11-895d-670a548ccb92', 'euro-2024', 'euro2024_001', 'tang', 'f63d4e8d-d203-561d-b0b5-cd4acbc00abc', 'WIN', 0),
  ('7ec02190-f977-57b2-8fac-4c606ce2d1b8', 'euro-2024', 'euro2024_001', 'tuc', 'ee1809a6-1aa2-5e56-9bc6-0b03e635e9f7', 'WIN', 0),
  ('4249c48a-6fc2-5c18-a906-c19acf554ddb', 'euro-2024', 'euro2024_001', 'co', 'cee8eec2-6f2a-5a39-8095-017f9590eddf', 'WIN', 0),
  ('c95f34e2-1e81-5c52-afc3-0f0a1121bab7', 'euro-2024', 'euro2024_001', 'thuong', 'e980936c-d499-5e71-bf8a-741db472f0f5', 'WIN', 0),
  ('cc88b930-9400-5d40-8538-a92624c195ad', 'euro-2024', 'euro2024_001', 'tan', 'c321f5a5-7d1b-546c-afdd-fdc279e3b58f', 'WIN', 0),
  ('0fa91475-e1c0-50a6-92a1-0287bc9bb132', 'euro-2024', 'euro2024_001', 'long', 'a61d513a-3990-5140-8373-fbcf5f91fb5d', 'WIN', 0),
  ('43eba0d9-d62f-568f-89ca-af043429f227', 'euro-2024', 'euro2024_002', 'huy', '575327b8-86d3-568c-85f2-f4206c14dcf2', 'LOSE', 10000),
  ('b9b7a804-905e-5f35-8469-2f6bee63f010', 'euro-2024', 'euro2024_002', 'tien', 'd35668c6-dbc2-55e3-8437-a35cff6d3bd0', 'WIN', 0),
  ('c048547f-8806-577e-9048-ccc73d4e9aad', 'euro-2024', 'euro2024_002', 'lam', 'f8121364-5064-5c20-a920-fb44a7da9f59', 'WIN', 0),
  ('9f80d52f-2c3f-5cbd-9431-083c553d8713', 'euro-2024', 'euro2024_002', 'tai', '0ac831d3-5be9-551c-b2fb-bdd056f321e4', 'WIN', 0),
  ('a34e4e3f-f9f8-52cc-8bbf-f3cbd49a4398', 'euro-2024', 'euro2024_002', 'tang', '63e8ac4a-a171-5cd6-991a-81978b5246f4', 'WIN', 0),
  ('908336ca-e809-591e-9ada-0cbf548adb46', 'euro-2024', 'euro2024_002', 'tuc', '57577f16-8515-5bfb-a906-25aee0c637be', 'WIN', 0),
  ('9b371bf7-464f-5e4f-8807-b2ae0c1836f2', 'euro-2024', 'euro2024_002', 'co', 'c01a7498-1273-53aa-a1e1-40d45618f37a', 'LOSE', 10000),
  ('7d3c00d5-b0d7-5a2e-9c79-6157adec06eb', 'euro-2024', 'euro2024_002', 'thuong', 'b8a75275-801c-5dfd-b7b5-e151098108d2', 'WIN', 0),
  ('bcea41cb-189d-5ce5-a3af-dc2801877212', 'euro-2024', 'euro2024_002', 'tan', 'db90b1df-8c12-546d-9fe5-95c2bacd3fe1', 'WIN', 0),
  ('8243362b-3a85-5718-9dfa-297071db6d09', 'euro-2024', 'euro2024_002', 'long', '6bc19c2e-cdb5-5550-b14d-c0e3d4999b34', 'LOSE', 10000),
  ('b0b01c77-fdfd-5dcc-9ad9-5cf8a7666b73', 'euro-2024', 'euro2024_003', 'huy', '4adc325e-c587-5736-ae6d-172527fc820d', 'LOSE', 10000),
  ('6dfd0e0c-03cf-54eb-b543-a619393971de', 'euro-2024', 'euro2024_003', 'tien', '17654b2b-2403-53d8-8959-79f5a9edc1a1', 'WIN', 0),
  ('d6a7579a-b9f6-584b-a47d-b26f9385c5f0', 'euro-2024', 'euro2024_003', 'lam', '8cfec5c0-ce74-5834-aaa1-ca98d81a967b', 'WIN', 0),
  ('f09f3e2e-c656-57b6-8433-27b6be2366a3', 'euro-2024', 'euro2024_003', 'tai', '69681488-5168-5db3-ad41-277bfdbaa745', 'LOSE', 10000),
  ('8d178838-7223-5835-9fa9-e8dd401f3523', 'euro-2024', 'euro2024_003', 'tang', '3960c81f-cc7d-55e2-989c-142d56f107c4', 'WIN', 0),
  ('25d8cbaa-d702-5755-9ad0-2fafbb45d108', 'euro-2024', 'euro2024_003', 'tuc', '10cc0654-8979-5942-961d-7f274b87bfed', 'LOSE', 10000),
  ('732ac320-841c-54ae-8228-ad6cbda3f6e7', 'euro-2024', 'euro2024_003', 'co', 'dfee7f88-8f13-5cf0-9f7a-e475cb7092c0', 'WIN', 0),
  ('3eb0ac40-bb43-5f44-95eb-6ef6604b25d1', 'euro-2024', 'euro2024_003', 'thuong', 'e8c80f81-891b-5e74-9f5e-a8dab5598d1e', 'WIN', 0),
  ('5f129e57-b4d8-5d8d-9025-65fb2cefd57c', 'euro-2024', 'euro2024_003', 'tan', 'd604e7e4-3888-5c8b-be1a-0c6fc67fd75d', 'WIN', 0),
  ('0482e206-3406-5ed3-865f-eef8d3fd43a8', 'euro-2024', 'euro2024_003', 'long', 'e26ef08e-319b-5525-bbd9-1b9dc0792015', 'WIN', 0),
  ('3e49c300-3930-5572-8dc0-02cf85c2a9f9', 'euro-2024', 'euro2024_004', 'huy', '497f7712-9138-5590-be29-218d650daab2', 'LOSE_HALF', 5000),
  ('1338f68e-287b-5359-b02f-ff3c33d4cf4d', 'euro-2024', 'euro2024_004', 'tien', 'b78e153b-1fc1-5b0e-9534-b2a1297444f1', 'LOSE_HALF', 5000),
  ('b903fbcd-b2f4-5abc-95ac-8d9a67ea13b1', 'euro-2024', 'euro2024_004', 'lam', '3d2b9a11-4ae5-55ec-b515-8fb28ccab0f7', 'LOSE_HALF', 5000),
  ('b4e04e49-f220-5e3c-84de-aca94a94c4e5', 'euro-2024', 'euro2024_004', 'tai', '876ed123-9ea5-53a2-a12e-379bc5730b40', 'LOSE_HALF', 5000),
  ('13301811-c3cf-5c40-8f4c-011e55373256', 'euro-2024', 'euro2024_004', 'tang', 'd28530e1-8605-5ede-b3e6-6215121367be', 'LOSE_HALF', 5000),
  ('ac1b5f40-d4fd-5a76-bc8b-43028067bd2f', 'euro-2024', 'euro2024_004', 'tuc', 'cd8be715-bd17-55d8-b7fe-4513130884fc', 'LOSE_HALF', 5000),
  ('5aaba5f8-f4c4-5df0-8d07-e289d04087a6', 'euro-2024', 'euro2024_004', 'co', '23603f2d-4449-5fc3-8f31-2b214c8e6659', 'LOSE_HALF', 5000),
  ('47841149-6eb5-58a2-9a85-6d35c470e207', 'euro-2024', 'euro2024_004', 'thuong', '7cbdd6ca-e712-5957-bc0e-a6961ecbb796', 'LOSE_HALF', 5000),
  ('1d2081d2-c73a-5eb4-a679-b6445a904bbf', 'euro-2024', 'euro2024_004', 'tan', 'bc7ed254-6070-5cec-b4aa-aa2a4511aa85', 'LOSE_HALF', 5000),
  ('f3b5a6fd-edce-5f9c-bf28-db363dc25a5d', 'euro-2024', 'euro2024_004', 'long', 'cb2e5892-16c9-5ce0-90e8-45a2a65e082f', 'LOSE_HALF', 5000),
  ('e8f4ef99-a27a-5430-86e4-1dc822599bd9', 'euro-2024', 'euro2024_005', 'huy', '2d6db704-e12e-5632-a418-8b027cea9ac5', 'WIN', 0),
  ('e2e64a53-0f16-5c04-96f5-9c80695c3ec2', 'euro-2024', 'euro2024_005', 'tien', '2f675301-89b4-56ce-a08e-48c2830175c2', 'WIN', 0),
  ('5d1890ad-2aba-512d-a8ee-9a568d94e69d', 'euro-2024', 'euro2024_005', 'lam', '3f0be01b-708a-53e0-b9e8-dc8421936de1', 'WIN', 0),
  ('85b05e9e-5206-5399-b65b-195eebc72557', 'euro-2024', 'euro2024_005', 'tai', 'c63cf1a6-ba00-56d1-a90d-2d7bc91d386c', 'WIN', 0),
  ('307ced43-1d42-58d3-bd98-97360893dec1', 'euro-2024', 'euro2024_005', 'tang', '9a61509a-78cf-5068-97fe-a6883af14676', 'WIN', 0),
  ('01b333f5-bb71-5658-85f5-856d72bb15d8', 'euro-2024', 'euro2024_005', 'tuc', '1a819a8b-e791-5527-9bf8-89fe50bcaf54', 'WIN', 0),
  ('b7b44473-2765-5502-a30d-80b17c36b1a0', 'euro-2024', 'euro2024_005', 'co', '95841569-bf5f-5c64-b062-4358e8db1ddc', 'WIN', 0),
  ('15b5da2d-a079-5a14-9842-e048ed35649e', 'euro-2024', 'euro2024_005', 'thuong', 'd8016285-aa1c-5bd9-9ae7-e56aeb7ec200', 'WIN', 0),
  ('58bfbbab-580c-5423-a188-b4c777c47143', 'euro-2024', 'euro2024_005', 'tan', '465d6f70-92ef-593e-8fc2-4fa347d7016d', 'WIN', 0),
  ('6be1cd19-41d5-5312-9fc2-2cde669fc7da', 'euro-2024', 'euro2024_005', 'long', 'c4e7e4df-a881-5ba2-ad48-17fd7840a8c5', 'WIN', 0),
  ('8f4784c6-73a5-5118-b547-279cea95255b', 'euro-2024', 'euro2024_006', 'huy', 'e98f4d7b-5447-52a8-9c97-7b38270524cf', 'WIN', 0),
  ('684a4993-0144-5e07-9b77-8c0d2065e3e4', 'euro-2024', 'euro2024_006', 'tien', '6b3bceb3-4313-55a1-a56e-d930293882bf', 'LOSE', 10000),
  ('9a401623-7a0c-580f-a1f6-1cf16b4707b6', 'euro-2024', 'euro2024_006', 'lam', '38d77242-de96-58ec-b8e9-5968880bf24b', 'LOSE', 10000),
  ('a03f56d0-05dd-5737-8e63-aea939caa8d5', 'euro-2024', 'euro2024_006', 'tai', '81d8051f-aec8-55e5-a52f-f33f57a65617', 'LOSE', 10000),
  ('28538b00-7707-53d6-9c1e-31f8ec51d7c2', 'euro-2024', 'euro2024_006', 'tang', 'e04dfeee-31ce-5801-b53a-e640cd51b99e', 'LOSE', 10000),
  ('30c3b4be-243e-5058-a61a-cc3542a7fc45', 'euro-2024', 'euro2024_006', 'tuc', '3debe1a6-0226-5be4-b8f2-c4075846ddb4', 'LOSE', 10000),
  ('6dcb9259-1fdb-55b9-9590-b3df7b2e45fc', 'euro-2024', 'euro2024_006', 'co', 'ddcd2c1d-ea12-5736-89e2-dac5e7c7bc1a', 'WIN', 0),
  ('730ca699-57e8-50f4-97a3-6f61df8b51f9', 'euro-2024', 'euro2024_006', 'thuong', 'c4af9217-0434-5723-ba68-ad9cfdfef90e', 'LOSE', 10000),
  ('fa59cc7e-5b5b-5386-b65b-53d913112108', 'euro-2024', 'euro2024_006', 'tan', 'f4dc0565-59d4-57a1-aa7a-b442f406d182', 'LOSE', 10000),
  ('f454b324-e472-5dac-9408-429acf1b6010', 'euro-2024', 'euro2024_006', 'long', '5659be7a-eda6-55da-bd3f-9d6228946222', 'LOSE', 10000),
  ('b6e2b10b-33dd-5b8d-887b-dac571070593', 'euro-2024', 'euro2024_007', 'huy', 'c44527b4-7986-53c7-b8a9-4fca39158d22', 'WIN', 0),
  ('7f9c0e24-36eb-5ef1-b7e4-c328a06969bd', 'euro-2024', 'euro2024_007', 'tien', 'b422a53c-06fa-51af-a56e-317762c9489a', 'WIN', 0),
  ('442368b9-2b62-57e9-846d-8973b446b4d5', 'euro-2024', 'euro2024_007', 'lam', '5374ff55-cfe2-517f-9c23-092fab8c2ee9', 'WIN', 0),
  ('eae5e5ba-128d-5f65-b764-b0e047af5501', 'euro-2024', 'euro2024_007', 'tai', '7926d21a-e416-5da5-9f51-cbba886add22', 'WIN', 0),
  ('c4133465-524e-5b99-aebe-4c8c601b021e', 'euro-2024', 'euro2024_007', 'tang', '67ceaa47-a854-5865-b838-6b26b053365d', 'WIN', 0),
  ('af4a1237-fd9a-530d-bb68-6778dab30c7b', 'euro-2024', 'euro2024_007', 'tuc', 'e9da631e-e4bb-5aa7-b834-974f0fc071fa', 'WIN', 0),
  ('515055a5-6782-5923-b3a3-46c74fc1e60d', 'euro-2024', 'euro2024_007', 'co', 'ca8672b4-89d4-575f-8f33-e435897ca50c', 'WIN', 0),
  ('b11d63b6-288d-5785-8deb-cadb93a214a2', 'euro-2024', 'euro2024_007', 'thuong', '6471b3ef-d882-5489-92ac-2bf55502e3d8', 'WIN', 0),
  ('9316efc4-0d9d-588f-9a2a-a7dfc5fd0089', 'euro-2024', 'euro2024_007', 'tan', '45323d93-f042-5f38-9fa9-ab21d4432ced', 'WIN', 0),
  ('293fb3d5-9e5d-59a6-bd77-0d5f19287e83', 'euro-2024', 'euro2024_007', 'long', '7807d510-62f1-500c-89b4-2af19b20844b', 'WIN', 0),
  ('6915fe04-6302-5488-8c6a-7c519c6731d6', 'euro-2024', 'euro2024_008', 'huy', '2ea76d60-dddd-5a2f-a035-133a082fc436', 'WIN', 0),
  ('b9410b04-491d-5aa0-9959-3964c74c0d6f', 'euro-2024', 'euro2024_008', 'tien', '7af32764-9767-5c3d-bcd0-45070e59b095', 'LOSE', 10000),
  ('ee3a73f3-bf69-55b8-b5ea-4795fb6ad554', 'euro-2024', 'euro2024_008', 'lam', '93ff0c98-c529-52dc-967e-5d3d018e1fd8', 'WIN', 0),
  ('13c8a540-1bdf-55c4-81b2-d516348a33c2', 'euro-2024', 'euro2024_008', 'tai', '78b0454b-f069-5190-9605-68d5a9bb2a9c', 'LOSE', 10000),
  ('6e1ca0ff-741e-592a-801a-e802d19fa8e7', 'euro-2024', 'euro2024_008', 'tang', '0677e264-e10a-5331-981e-4f214a5ab60a', 'LOSE', 10000),
  ('059fe981-4192-529e-921f-e22dda9850f2', 'euro-2024', 'euro2024_008', 'tuc', '510c9dce-1bab-543d-8a49-b4114f22fc5b', 'LOSE', 10000),
  ('a8a770c7-0404-5844-a2fb-de9e7c39f65f', 'euro-2024', 'euro2024_008', 'co', '51e9eeda-e104-5ef6-95d8-fc160816c17e', 'LOSE', 10000),
  ('81d6f774-d05b-51e6-968a-01b1d79c1adb', 'euro-2024', 'euro2024_008', 'thuong', '5db0f0e4-3922-5899-b6ec-d48e6cd8ac97', 'LOSE', 10000),
  ('6f245e4a-7e69-5e28-abd7-8a8059ba80a1', 'euro-2024', 'euro2024_008', 'tan', 'f911841e-5ad6-582c-8342-9f3b781dbb88', 'WIN', 0),
  ('cac4b4ed-506f-5e1d-9385-fea124a4c864', 'euro-2024', 'euro2024_008', 'long', '3df473f3-4674-53b9-b52b-67c79352396a', 'LOSE', 10000),
  ('bb9b21d9-128f-5475-8b15-116f21f182a8', 'euro-2024', 'euro2024_009', 'huy', '3b8f901c-3bda-5833-8169-b4eb3db05b6b', 'LOSE', 10000),
  ('d41dc124-aca4-52f6-81a9-1db489aeef2a', 'euro-2024', 'euro2024_009', 'tien', '82af0938-c5a2-5a29-bb2c-f7122e3b5fde', 'LOSE', 10000),
  ('eafe8cf4-4ddf-5e0d-a56a-1c7491f68382', 'euro-2024', 'euro2024_009', 'lam', '0e23bf3e-b0ba-5e32-a924-c572df7fd503', 'LOSE', 10000),
  ('f7791bb3-4500-56f3-9981-026b4c67be73', 'euro-2024', 'euro2024_009', 'tai', '252df706-b514-5d77-a52f-cd018a2a8acf', 'LOSE', 10000),
  ('2ab3a973-7350-5966-8426-bf7a0e0d8de1', 'euro-2024', 'euro2024_009', 'tang', 'c7779c5c-82cd-5bbf-9fab-e3c074018e9d', 'LOSE', 10000),
  ('ab012995-f491-5883-b1b8-17df93e231dc', 'euro-2024', 'euro2024_009', 'tuc', '8ba10646-6e8e-51e4-99d7-9bf37c007b54', 'LOSE', 10000),
  ('48a9fc0c-84c3-515a-99e5-7dcab4c208ef', 'euro-2024', 'euro2024_009', 'co', '3704c4bb-1da0-58c5-87fb-da5e8ac5b9a6', 'LOSE', 10000),
  ('2b1b0211-d6f3-51ed-a35d-c48869f5fbf1', 'euro-2024', 'euro2024_009', 'thuong', '4941f35f-1b38-5324-8a17-f0d2e4401d41', 'LOSE', 10000),
  ('28af7c54-2f29-53bf-ac3f-ba2d96296edd', 'euro-2024', 'euro2024_009', 'tan', 'befccbf7-be53-5eb1-8514-26d6e796db48', 'LOSE', 10000),
  ('b70afc38-a0a7-5c44-8db4-22753ca95f96', 'euro-2024', 'euro2024_009', 'long', 'b2203caf-a792-574a-9221-74dd5cbbe365', 'LOSE', 10000),
  ('7ccfbd7e-b25b-5107-9c25-d284fac0d985', 'euro-2024', 'euro2024_010', 'huy', '2e1badb3-a392-56db-b7c8-abee38926f97', 'WIN', 0),
  ('9413d5ef-47ed-5f30-9dca-acfcce08c2f3', 'euro-2024', 'euro2024_010', 'tien', '4454aff8-b850-5607-8dbd-8b03b21479ea', 'WIN', 0),
  ('04baa667-ca6b-5833-8f5d-0dd1a7d8a46d', 'euro-2024', 'euro2024_010', 'lam', '92c4f2c9-37ea-557d-86d0-d80ba842daf7', 'WIN', 0),
  ('ece15f3e-cf9a-5a76-9ab1-55ced4422285', 'euro-2024', 'euro2024_010', 'tai', 'f230a4a9-9c5b-5523-910a-da0ab0776068', 'WIN', 0),
  ('f7eac6be-6141-5bc8-a556-a66c9f418077', 'euro-2024', 'euro2024_010', 'tang', '6d294eb6-a8d6-5715-872b-90921a41d023', 'WIN', 0),
  ('14c9bfcc-8fbf-5d28-b6c2-caeb294ca9ec', 'euro-2024', 'euro2024_010', 'tuc', '65020412-64a7-5ac6-95d2-d1cc5ce53cdd', 'WIN', 0),
  ('0083c32a-a36b-5145-a030-00739800f45b', 'euro-2024', 'euro2024_010', 'co', '80d3f267-38a8-5363-b48c-f458bb91e4b6', 'WIN', 0),
  ('70142426-1f97-5f5c-8b44-6919325ceab9', 'euro-2024', 'euro2024_010', 'thuong', 'd2e6c304-6c36-536e-984d-5979e3af4ccf', 'WIN', 0),
  ('d01e1624-2531-51f4-8750-7d789e7ec707', 'euro-2024', 'euro2024_010', 'tan', '277f5564-6e38-571d-b920-7e8c6f0e456c', 'WIN', 0),
  ('7b059b0a-55bc-5ed7-abab-971f3e8c54c5', 'euro-2024', 'euro2024_010', 'long', 'fc95304b-36b7-5dcd-a5d1-1b59ea6e7be6', 'WIN', 0),
  ('8efa484f-2d21-5898-8ed8-5f4edcd8c57a', 'euro-2024', 'euro2024_011', 'huy', '8e066db4-f45f-519d-8075-a99949577fce', 'WIN', 0),
  ('ad1b2487-f083-562f-bb49-175c7cf51c88', 'euro-2024', 'euro2024_011', 'tien', '9997afc7-54e4-5b87-ac5d-430b51cb0256', 'WIN', 0),
  ('55b0bc15-e6af-57cd-890d-d1189298f0c5', 'euro-2024', 'euro2024_011', 'lam', '99ee8d72-c824-57f5-9c81-363c6dd9dc02', 'WIN', 0),
  ('f9ecde59-066b-516e-bd26-30370331d8be', 'euro-2024', 'euro2024_011', 'tai', '289f72d2-98a6-594d-b95e-02328c122732', 'WIN', 0),
  ('d4848186-f233-56e1-870f-c17b12e3f801', 'euro-2024', 'euro2024_011', 'tang', '9213b0cf-a81d-5a0c-8961-b51e0dbc4427', 'WIN', 0),
  ('f2fd6a97-8152-5791-8f6e-5a8e1d3684a8', 'euro-2024', 'euro2024_011', 'tuc', '2b10b8c7-ce7c-51b5-a26f-4ee6083e5e7b', 'WIN', 0),
  ('5a100c95-87b9-5b45-9540-518a577f197f', 'euro-2024', 'euro2024_011', 'co', '2d6ad61a-d903-57fc-b573-109456390e05', 'WIN', 0),
  ('6df48fe5-0911-5a24-b926-6197c044e563', 'euro-2024', 'euro2024_011', 'thuong', '2233da68-6eb4-570f-9d2a-11766bc574f2', 'WIN', 0),
  ('a6c637c3-7022-5d76-b6fa-62fa97ccf931', 'euro-2024', 'euro2024_011', 'tan', 'd19c7600-7e4a-57c7-8d77-19b5089eeadb', 'WIN', 0),
  ('f19132b5-5369-546b-9756-5cde85665ee0', 'euro-2024', 'euro2024_011', 'long', 'c162da37-1dd9-5ff9-a1ca-19b85f29781e', 'WIN', 0),
  ('4cceae3e-c159-51ce-922f-b1d3b70a86bc', 'euro-2024', 'euro2024_012', 'huy', '47fa2a68-312f-5328-a0b1-3f5bfe2254c8', 'WIN', 0),
  ('8e8dae86-00e0-5e18-b607-206a2f40b3f6', 'euro-2024', 'euro2024_012', 'tien', '89b7f713-d13f-5820-8075-c9575814393d', 'WIN', 0),
  ('6b2a919d-b6cd-546e-8fc8-b4e0f2cf343d', 'euro-2024', 'euro2024_012', 'lam', '8c0fcd26-53fc-5a57-a196-68dca1b6762d', 'WIN', 0),
  ('765215a6-dd84-575b-a7c6-9d9b2bfbde7a', 'euro-2024', 'euro2024_012', 'tai', '285201ef-5c02-5d2c-8364-14afbfe89c8e', 'WIN', 0),
  ('7fb3f3e1-60e8-5d2d-aa82-b9de05300892', 'euro-2024', 'euro2024_012', 'tang', '7c8ee84e-550e-5259-9f7c-1885b105085d', 'WIN', 0),
  ('99196905-1141-53a6-a334-f62ea7506730', 'euro-2024', 'euro2024_012', 'tuc', '97cde622-41e1-5190-8eef-888e2ceb127a', 'WIN', 0),
  ('57714704-6206-5e32-a224-20bfc29d999b', 'euro-2024', 'euro2024_012', 'co', '05fdc15a-0483-5512-8669-846619841fdf', 'WIN', 0),
  ('9615c133-3331-5dc3-ad52-74e4c7bea8cc', 'euro-2024', 'euro2024_012', 'thuong', 'f39c1951-3bca-5be3-a264-f26903febe4c', 'WIN', 0),
  ('88c14834-0f1b-58c8-a2d3-26564a3e723a', 'euro-2024', 'euro2024_012', 'tan', 'b5bb84c1-c43d-5b5b-8c6d-609ab0b48ed3', 'WIN', 0),
  ('419df5a6-cadf-5718-8084-a26aafcf4d67', 'euro-2024', 'euro2024_012', 'long', '45b8cab6-a6fc-54a1-aa92-95ac7d1ff208', 'WIN', 0),
  ('a0fd9626-9c5c-57e5-93f5-0b8baab893d9', 'euro-2024', 'euro2024_013', 'huy', '350ce7b9-6728-54f1-8220-d84b822c8164', 'LOSE', 10000),
  ('aa6de94b-b4eb-57d8-9990-15795e4e66ec', 'euro-2024', 'euro2024_013', 'tien', '80a4cbd4-fb3a-54be-a6ab-e16fac42fc25', 'WIN', 0),
  ('9086c6fb-0e5e-5e49-8e2e-f288ff2c1671', 'euro-2024', 'euro2024_013', 'lam', '9b4c0a9c-1b57-5d0a-8641-a066d1610a4f', 'LOSE', 10000),
  ('a93196bd-a718-52af-afe7-efdbeb95ca0f', 'euro-2024', 'euro2024_013', 'tai', '843f32c2-a505-5f79-94ce-8482d018c6d2', 'LOSE', 10000),
  ('a8fab525-f65d-5c6b-81af-efd435e95d0c', 'euro-2024', 'euro2024_013', 'tang', 'dca71419-349f-50be-a645-5bb5e8dbacb7', 'LOSE', 10000),
  ('8e9ce01d-52fe-5f9b-bc6a-af9c5b5ba304', 'euro-2024', 'euro2024_013', 'tuc', '36b5b43d-a41d-5b7e-afc2-a34dcbac83f8', 'LOSE', 10000),
  ('c669b57c-b576-55e7-b745-5e280c8ffabb', 'euro-2024', 'euro2024_013', 'co', '48cdec46-23c0-5875-a918-75c7b34c350a', 'LOSE', 10000),
  ('7c318ae9-9e73-5155-a0d4-3fb9691c42b7', 'euro-2024', 'euro2024_013', 'thuong', '5919b9b9-dc35-517f-bc27-c91f526609c0', 'LOSE', 10000),
  ('5003901d-8675-5816-92ac-eef793785d98', 'euro-2024', 'euro2024_013', 'tan', 'a73fa5df-d911-55bc-9809-eaf0233c2376', 'WIN', 0),
  ('23881834-693d-54ea-b78d-a315e5fbfc31', 'euro-2024', 'euro2024_013', 'long', 'ac17b161-7aba-5aee-a5f3-4c3983a88aa7', 'LOSE', 10000),
  ('bf2b76cf-f6f5-5740-8e8b-49c2c8573671', 'euro-2024', 'euro2024_014', 'huy', 'bd4b5b7d-df20-5f9b-96fb-079e6c826ae0', 'WIN', 0),
  ('72fc1adc-0d6d-5f81-957d-431ca5c8ce89', 'euro-2024', 'euro2024_014', 'tien', 'f8bb5172-bc5f-50c6-bb78-bb0778881c5d', 'WIN', 0),
  ('706c7ab2-a8c2-576f-8fb4-2eb78972b161', 'euro-2024', 'euro2024_014', 'lam', '41c6ffe3-4d7d-5048-8f84-891eb2f892a9', 'WIN', 0),
  ('688ac93e-728c-5ca8-af3c-cc2f7cd68287', 'euro-2024', 'euro2024_014', 'tai', 'd1a85cdc-b039-5159-85ba-61ad6150d9c6', 'WIN', 0),
  ('ab5c52c1-55e5-572b-981a-bbf7f6f7ccc3', 'euro-2024', 'euro2024_014', 'tang', '5a936956-6bc6-51c6-96b2-4f6e7a99c2f3', 'WIN', 0),
  ('959cb768-0144-50bd-a1f8-2124a08edd53', 'euro-2024', 'euro2024_014', 'tuc', 'b9abf80f-3f82-5064-87d5-11cfaf693c2f', 'WIN', 0),
  ('f5885da0-36a2-5051-baaa-3fd666c2d018', 'euro-2024', 'euro2024_014', 'co', 'cd8dda15-13bf-5664-a4d2-cacf0ac1d3a6', 'WIN', 0),
  ('529f7baa-a8f3-5c64-baac-db8a6e1e7d02', 'euro-2024', 'euro2024_014', 'thuong', 'e9ef5758-04e5-57c2-bfae-410efd14715b', 'WIN', 0),
  ('c38d753c-6b2a-5e18-80c6-f3caa9af1e9d', 'euro-2024', 'euro2024_014', 'tan', '5ff81037-03bb-5d9a-9824-85f88cb6b4d7', 'LOSE_HALF', 5000),
  ('0a536dcd-930f-57f9-a933-248f97e977e3', 'euro-2024', 'euro2024_014', 'long', '27735fb5-b0ec-5ca2-b6a2-20d052322c39', 'WIN', 0),
  ('c063da7d-8a39-5870-a97a-7c5c5990a9d4', 'euro-2024', 'euro2024_015', 'huy', 'ceabdb2c-c1d4-5e67-bf4c-d3ba2e23297a', 'WIN', 0),
  ('c3120e29-a08f-542d-a603-c32a3dec2416', 'euro-2024', 'euro2024_015', 'tien', 'ca6a126e-173f-585b-ac57-01e4927c225a', 'LOSE', 10000),
  ('64b82218-0a59-54e5-8ce9-294b45b06888', 'euro-2024', 'euro2024_015', 'lam', 'f0cecc1c-23a1-5ef2-a850-bf41d737e63c', 'LOSE', 10000),
  ('10940178-28f1-5494-8039-aa60a4a812a9', 'euro-2024', 'euro2024_015', 'tai', '6aebdf4f-c55c-538c-9e33-d2c94397d9ca', 'LOSE', 10000),
  ('317be5a3-b7bb-59ce-952d-db9694c012c3', 'euro-2024', 'euro2024_015', 'tang', 'ca58ee99-2433-5bbe-b72c-695f9c4b8e86', 'LOSE', 10000),
  ('9b57e4a7-8528-533b-99b2-bddf0ccdc5c8', 'euro-2024', 'euro2024_015', 'tuc', '5b679c86-c64f-519d-bdb5-8cc140e875f2', 'WIN', 0),
  ('629b9720-cf5d-5b4d-85bd-df4549113775', 'euro-2024', 'euro2024_015', 'co', 'e64c52f5-bd56-5be1-9fee-387f74346d46', 'LOSE', 10000),
  ('bca076e3-80a6-54cb-8f83-51112ef54ed7', 'euro-2024', 'euro2024_015', 'thuong', '831c5531-c318-557f-a9f2-0c0f1d9a9353', 'LOSE', 10000),
  ('b4a6d644-d5b1-539a-9cf6-052c833efdbe', 'euro-2024', 'euro2024_015', 'tan', '5e5de46c-493c-58d9-a321-943592b5fd9b', 'LOSE', 10000),
  ('79bd67de-1da8-5018-ac16-93c87431eb38', 'euro-2024', 'euro2024_015', 'long', '961d12dd-a0bd-562e-909a-50637f569fd7', 'LOSE', 10000),
  ('290a1853-bd15-5586-ae74-21cceaa9ca97', 'euro-2024', 'euro2024_016', 'huy', '58752636-185c-5be0-a735-b5b29c21bb41', 'LOSE', 10000),
  ('b91aa8b5-1f25-54d4-8f51-85beefe3adaf', 'euro-2024', 'euro2024_016', 'tien', 'a4dbb1c8-a8b5-561e-abf2-e8a05d933572', 'LOSE', 10000),
  ('6fb1c1bc-f461-5860-a719-56ae163061c5', 'euro-2024', 'euro2024_016', 'lam', '067a4e69-d948-5434-82b9-eabbc10bab58', 'WIN', 0),
  ('2329ac1e-f74b-50db-b730-5acd537d6ea0', 'euro-2024', 'euro2024_016', 'tai', '38d173ef-05d1-50e7-a1f6-aa2f9b6a1101', 'LOSE', 10000),
  ('15b1c3a6-de9d-5464-b586-f6ed1348edf0', 'euro-2024', 'euro2024_016', 'tang', 'e0eb71b6-cf0c-525e-a245-22f0ce4e7495', 'WIN', 0),
  ('cd6878ee-03ee-5537-9dc4-390b0b84a9fc', 'euro-2024', 'euro2024_016', 'tuc', 'b028f4ab-19b6-519b-8661-4f49f81cb74e', 'WIN', 0),
  ('c0bc31f6-2048-5136-b41d-759cd9cfc9a1', 'euro-2024', 'euro2024_016', 'co', 'f0a6be73-a1cf-5087-8d15-d64af619156e', 'WIN', 0),
  ('d46f1a54-7e7a-5146-b429-c6b5a7f6446f', 'euro-2024', 'euro2024_016', 'thuong', 'bc44b6ab-8b0d-528c-8430-04e139e4df0f', 'WIN', 0),
  ('e9396a84-30a8-5c03-b3b3-3fc451149a45', 'euro-2024', 'euro2024_016', 'tan', '1a9a65c4-3bf1-51dd-824b-77383556137e', 'WIN', 0),
  ('911ff10a-5f04-58ab-b64e-4eda244625f9', 'euro-2024', 'euro2024_016', 'long', '375f75d9-2f71-5e9c-8649-e63ca6d684f0', 'LOSE', 10000),
  ('f4c175aa-d1c2-56eb-b753-f3c7594319c9', 'euro-2024', 'euro2024_017', 'huy', '0f2b7342-1ce1-5ec4-8790-351a50adbbbd', 'LOSE', 10000),
  ('2a9e41f8-cb4e-5700-9538-b4a1c889ebdb', 'euro-2024', 'euro2024_017', 'tien', 'cd86e7b7-8272-5a0c-8346-d5ac26d1c450', 'LOSE', 10000),
  ('8514e5ac-c567-5ddf-8a65-aa207d70a1c9', 'euro-2024', 'euro2024_017', 'lam', '393a8bd8-0208-5e4e-a509-3e71ea494289', 'LOSE', 10000),
  ('960fe95c-e0b3-5c5f-9302-3832f57c8214', 'euro-2024', 'euro2024_017', 'tai', '6f4e07b9-8d18-55df-9765-61510e77c6a7', 'LOSE', 10000),
  ('3d5046f6-a05e-5631-b21e-183492fba73a', 'euro-2024', 'euro2024_017', 'tang', '640621b2-e896-5ac1-afb1-34fb9f13027c', 'LOSE', 10000),
  ('109a1869-2a00-5d8e-961f-e303f91bdb99', 'euro-2024', 'euro2024_017', 'tuc', '34445e26-afda-5095-b91d-2f7b514585bb', 'LOSE', 10000),
  ('d92c7e85-bd39-5abc-a07c-5c0dc3576730', 'euro-2024', 'euro2024_017', 'co', 'ad568c03-fe88-5bca-a628-a9f9742052b1', 'LOSE', 10000),
  ('8d243790-6672-5652-9708-3bf8b5d559e1', 'euro-2024', 'euro2024_017', 'thuong', '9486732d-a6b0-56e4-a64d-baddfb8a3c6c', 'LOSE', 10000),
  ('66227dcc-d0fe-5a50-b6a3-8869ec6d4f17', 'euro-2024', 'euro2024_017', 'tan', '7865f0e4-b640-5568-9504-aee95d2f9a0b', 'LOSE', 10000),
  ('3b524623-440e-5ea1-8e17-5a0c47a9b195', 'euro-2024', 'euro2024_017', 'long', 'c0a81d34-7be7-5e59-9a97-cd25d0b87da5', 'WIN', 0),
  ('9568db70-7910-5768-a0f6-010dac98ae62', 'euro-2024', 'euro2024_018', 'huy', '77cbb783-146b-5fac-9d4d-2803138d1751', 'LOSE', 10000),
  ('412834ce-6cc7-51a6-bc1e-d238bfcc73b0', 'euro-2024', 'euro2024_018', 'tien', 'fd13835d-572c-587c-9771-6e82468ba399', 'WIN', 0),
  ('f1a1cbd2-dfc6-5a05-8307-d0681c5f2b75', 'euro-2024', 'euro2024_018', 'lam', '2278f1f5-57fa-5550-8988-3f26b7c65e8b', 'WIN', 0),
  ('88474a43-1f34-5316-9ede-ee43801de18c', 'euro-2024', 'euro2024_018', 'tai', '1996ffba-00f3-5291-9a3a-014bcae00918', 'LOSE', 10000),
  ('96db1053-c4c3-5b08-bb0e-bab411be8bf3', 'euro-2024', 'euro2024_018', 'tang', '9e16b2e7-218c-5c04-90a7-38654cb6e56f', 'LOSE', 10000),
  ('6deba621-f5a8-5f27-afd1-dab7e1adeaaa', 'euro-2024', 'euro2024_018', 'tuc', 'b55dcfe9-f27b-59ea-9601-4cc8986910ce', 'WIN', 0),
  ('044a270d-a341-5179-a5a7-d2765fc3bf9a', 'euro-2024', 'euro2024_018', 'co', '0f0e8742-6fd6-559d-83d5-6bc03a25f4f6', 'LOSE', 10000),
  ('1102325f-c083-51fe-a3ef-aabaa40f82d4', 'euro-2024', 'euro2024_018', 'thuong', '66c6a70a-d72a-553b-908e-d81bb7165b83', 'WIN', 0),
  ('e619b389-ff28-5c41-96e1-9ebe9fa7d0b4', 'euro-2024', 'euro2024_018', 'tan', 'ed2f7e37-58a2-5445-b093-f48496ccf828', 'WIN', 0),
  ('fcc5fb70-9629-5ced-beee-10a08da361c3', 'euro-2024', 'euro2024_018', 'long', 'c43628b3-d888-5a60-a2bd-117afddd0b15', 'LOSE', 10000),
  ('b42913a6-864d-542a-a8a8-159e89cda1ae', 'euro-2024', 'euro2024_019', 'huy', '904789b1-f305-51bd-ac42-5a3f452e622f', 'LOSE', 10000),
  ('7497c54d-dd62-577c-8621-17069b35501a', 'euro-2024', 'euro2024_019', 'tien', 'a48f33a5-991a-5343-ad41-5dd6a030877e', 'LOSE', 10000),
  ('9654de73-100c-5bdd-912c-9cf7a8ab877b', 'euro-2024', 'euro2024_019', 'lam', '4d3b686b-e511-520f-998f-2b80c2615c4e', 'LOSE', 10000),
  ('6e371e0a-51d9-5a9c-9ec9-8ef7f049f492', 'euro-2024', 'euro2024_019', 'tai', '9b6c5849-72f1-5763-ab77-209e4b8f5ea9', 'WIN', 0),
  ('3aafd631-c3c3-5e81-9c18-3629d2eb8436', 'euro-2024', 'euro2024_019', 'tang', 'b8e20574-be31-5d02-a621-604f0e7ada20', 'LOSE', 10000),
  ('23d5204f-cc91-557d-ae5d-29a0064859fc', 'euro-2024', 'euro2024_019', 'tuc', 'a8283c53-4d1c-56e3-acd1-91059f77d03a', 'LOSE', 10000),
  ('9a357ee6-2e04-50ef-921e-b69eb444ae08', 'euro-2024', 'euro2024_019', 'co', '7fdb3afc-1304-5228-bfda-5572b2fe2d77', 'LOSE', 10000),
  ('10a04bec-2135-52ce-a370-42b7dc5316d8', 'euro-2024', 'euro2024_019', 'thuong', '2c0e63a6-c157-5d04-8da4-3776ece55ce8', 'LOSE', 10000),
  ('324b9701-6691-5403-ac46-2ebcf316f0df', 'euro-2024', 'euro2024_019', 'tan', '23e9b68c-acf0-5315-b71f-c928a014bf6d', 'LOSE', 10000),
  ('f76bfb8e-91ff-5968-9faa-60ef5b8e6b4e', 'euro-2024', 'euro2024_019', 'long', 'dd056b42-a8b4-5496-ab13-bc6cc4f9bfae', 'LOSE', 10000),
  ('dbd69dda-4054-58a8-8d65-cde027b663e8', 'euro-2024', 'euro2024_020', 'huy', '8d3cee13-b4b9-5ca4-bdbb-71e4aabc431d', 'WIN', 0),
  ('f7a31eae-765c-5c6a-a16a-4e28a06759a8', 'euro-2024', 'euro2024_020', 'tien', '62df4ddb-073c-5227-9e14-4c7eaa17916c', 'LOSE', 10000),
  ('2c4b9f23-b3a7-58ad-a397-efa3d7aa2808', 'euro-2024', 'euro2024_020', 'lam', '73a5f3a3-86b0-5791-9271-f4b02da1051a', 'LOSE', 10000),
  ('e2b0adbf-2748-5377-80d5-82059fa4e5c5', 'euro-2024', 'euro2024_020', 'tai', '6ff9f284-c67a-51c0-9168-bf1063ffc744', 'LOSE', 10000),
  ('39df0361-a859-55fe-a261-5cbaa9d76133', 'euro-2024', 'euro2024_020', 'tang', 'dcf542ff-780f-5204-b950-90ae87a09ee1', 'LOSE', 10000),
  ('77688fa5-9885-5f3a-a5c3-664bade348ec', 'euro-2024', 'euro2024_020', 'tuc', '2a7c5e60-4706-51b6-b91b-5f35ec59640e', 'LOSE', 10000),
  ('713ebee6-7900-5eb4-ad9d-8bb43388fb2f', 'euro-2024', 'euro2024_020', 'co', 'c8abfd49-acac-573d-99f5-34e15e9712d0', 'LOSE', 10000),
  ('b8420c6a-23a9-577c-96fd-5e45cc8a53a7', 'euro-2024', 'euro2024_020', 'thuong', '1ad6a5bf-5cce-52c4-b0bd-4d6fee1cf16d', 'LOSE', 10000),
  ('27f6df6e-f313-5bf6-98a0-d82f11353ab3', 'euro-2024', 'euro2024_020', 'tan', '2e63688e-be02-5653-a029-58ef78972ccd', 'LOSE', 10000),
  ('d3b7856b-cd83-55a8-8e42-56d46d13da33', 'euro-2024', 'euro2024_020', 'long', '92ae082d-8e14-5cba-bb19-60eb444e6b31', 'LOSE', 10000),
  ('ed738b95-e2e0-5d0b-909a-c6c48212c534', 'euro-2024', 'euro2024_021', 'huy', '21570105-0b97-561d-b78f-5427b46531b4', 'WIN', 0),
  ('9fbdef56-acdc-5417-8335-25539f12c889', 'euro-2024', 'euro2024_021', 'tien', 'f6520286-8009-5573-aef5-71810dd3a580', 'LOSE_HALF', 5000),
  ('3386fdfa-08ee-5253-9397-07c4a6333222', 'euro-2024', 'euro2024_021', 'lam', 'b82202b1-fa02-50d2-a459-d9a9d087ca27', 'LOSE_HALF', 5000),
  ('d2f30bce-f357-5819-836c-4da62c029d90', 'euro-2024', 'euro2024_021', 'tai', '1e1b821a-339d-58ad-8249-c7a58ef6762e', 'LOSE_HALF', 5000),
  ('e7b6585e-74f5-5672-9c48-3a58f459ea01', 'euro-2024', 'euro2024_021', 'tang', 'e95e101a-670f-590e-8969-1f116f1eb0d8', 'LOSE_HALF', 5000),
  ('d9049ab0-7422-5afa-9f2f-5a852e7498c3', 'euro-2024', 'euro2024_021', 'tuc', '5e06e4a6-67d6-59d7-ab46-538cb4a066cc', 'LOSE_HALF', 5000),
  ('5fc4acd6-88a2-5437-9069-8abfe868f6ef', 'euro-2024', 'euro2024_021', 'co', 'fde96ec1-f7bf-5805-b4b9-b16148ff6f52', 'LOSE_HALF', 5000),
  ('566ad7df-2cb2-536b-9ded-42bace2b48bc', 'euro-2024', 'euro2024_021', 'thuong', '68c88f26-2d4b-5196-8a3d-3fd0a3230a62', 'WIN', 0),
  ('6164791a-553e-5b91-a83d-7b3e5cc0fdd6', 'euro-2024', 'euro2024_021', 'tan', 'fdcba992-08f1-5dff-987d-9f5b3f8f1a4a', 'LOSE_HALF', 5000),
  ('9088e0de-989f-5cbf-b18d-401424ef8279', 'euro-2024', 'euro2024_021', 'long', '2aacf0cd-9a16-5de0-8912-363cb1ab00a0', 'LOSE_HALF', 5000),
  ('336837b7-f7cf-5e22-a7f0-85f4505c02f6', 'euro-2024', 'euro2024_022', 'huy', '9364b28f-6c37-582d-9c56-c72205bcc3cb', 'WIN', 0),
  ('1d81a91f-3d2b-5b4e-9930-fcf3df036d3a', 'euro-2024', 'euro2024_022', 'tien', '107b4b9f-e3f6-57df-a933-1976b7dba849', 'LOSE', 10000),
  ('6f7508a3-3cd5-532e-8f60-250ded365b31', 'euro-2024', 'euro2024_022', 'lam', '7f3c2e12-6ac2-5f82-b2ca-20f4c02ae0ae', 'LOSE', 10000),
  ('9cb7ae1c-d30f-52e9-8bd1-1e4273e29f8d', 'euro-2024', 'euro2024_022', 'tai', 'e9d17349-dabe-5aa5-b7d7-38a96aaa9643', 'LOSE', 10000),
  ('ddaf4470-0529-57a8-a747-687482a3c055', 'euro-2024', 'euro2024_022', 'tang', 'ba0b28ca-89f6-5795-ae4d-59d8edde333e', 'WIN', 0),
  ('10d8aff7-897c-51b8-9d35-774dac30ab3c', 'euro-2024', 'euro2024_022', 'tuc', '9dd0d75e-0eb9-50b1-bf6d-4b55e8275ee5', 'LOSE', 10000),
  ('0cde49ce-5a12-5e4e-853b-e898cb997234', 'euro-2024', 'euro2024_022', 'co', '3e39cb99-af2a-5b4e-97d9-a741dac2459e', 'WIN', 0),
  ('115cd7ad-baf3-5912-82a8-9dea3faa29a1', 'euro-2024', 'euro2024_022', 'thuong', 'ad2f22d6-02d0-5ef7-9420-178b5ac4f57b', 'LOSE', 10000),
  ('6cc2e71f-2de4-5b50-8491-7f2ed55184c8', 'euro-2024', 'euro2024_022', 'tan', '3985c414-2776-5260-8760-cd5834d17f00', 'LOSE', 10000),
  ('8b0c0ec1-04c7-58d0-a661-1cd997b20063', 'euro-2024', 'euro2024_022', 'long', 'b58750d3-e3cf-5675-a982-5cf40488a1a8', 'LOSE', 10000),
  ('84db19ab-15d5-556d-be33-d981d153e3b0', 'euro-2024', 'euro2024_023', 'huy', '4f3251b9-422e-55d0-8d04-f2df7c3a9cd2', 'WIN', 0),
  ('4a4d1482-5eec-51c4-99be-c199329b2751', 'euro-2024', 'euro2024_023', 'tien', '74c8eab6-7188-514d-8a85-2fff96763fb2', 'WIN', 0),
  ('4dd3f626-16cd-5764-a08b-df29a22c1590', 'euro-2024', 'euro2024_023', 'lam', '398f8c8c-c296-57fa-a0e0-e9d6d46f241f', 'WIN', 0),
  ('28eededa-d8d8-5b27-83c6-ca8ac8cce819', 'euro-2024', 'euro2024_023', 'tai', '2f7d6aa6-6580-5ab4-ab27-eee2f31c1d32', 'LOSE', 10000),
  ('d618c148-67c3-5137-a766-f2920ef434e1', 'euro-2024', 'euro2024_023', 'tang', '919f68c5-3bca-5ae5-b37a-0a23c7daffd8', 'WIN', 0),
  ('15528d62-a6ec-59aa-b477-5988593b6882', 'euro-2024', 'euro2024_023', 'tuc', '289510e5-d2b7-5d56-9fec-66a883f53df2', 'WIN', 0),
  ('a2ae2d20-1335-5971-85ee-f727dc813c2b', 'euro-2024', 'euro2024_023', 'co', 'dd171bc9-2639-5fdd-9f4f-79b2b784361b', 'WIN', 0),
  ('d12a4715-3591-5169-90c9-d13edc9452c2', 'euro-2024', 'euro2024_023', 'thuong', 'e6d12184-ee0b-54aa-8490-bf90742b8145', 'LOSE', 10000),
  ('4dab5741-a191-5d88-95fc-9401785e1329', 'euro-2024', 'euro2024_023', 'tan', 'd108669f-8121-54a5-b867-603162f929b0', 'WIN', 0),
  ('3fd661f0-6e11-5fe0-8707-cb609720ce37', 'euro-2024', 'euro2024_023', 'long', '07af1282-9f50-5d1f-b78e-0a9568de6da9', 'LOSE', 10000),
  ('515280ab-aa17-5b13-ad18-ad792df61fa0', 'euro-2024', 'euro2024_024', 'huy', '73d5977d-c2a6-5642-808f-9ec64aa0ed64', 'LOSE', 10000),
  ('e7061899-e7e2-54a2-8d75-57c13a405fed', 'euro-2024', 'euro2024_024', 'tien', '09cc9ba7-680b-533a-9879-f4b8e7414c54', 'LOSE', 10000),
  ('0970373b-ac8c-560a-bc79-781b4e0ab5f1', 'euro-2024', 'euro2024_024', 'lam', 'b9830548-05da-5d43-aa3b-81fee7d3e49b', 'LOSE', 10000),
  ('e55661d5-fa16-5f80-bce7-2766d404cfb0', 'euro-2024', 'euro2024_024', 'tai', '6af0e7b2-2a68-544d-8f0f-c7282f8599af', 'LOSE', 10000),
  ('388a1ed0-3180-5572-8d5a-df0007f87c23', 'euro-2024', 'euro2024_024', 'tang', 'fbd56504-5780-5141-9c0f-63d75f9c0819', 'WIN', 0),
  ('1070895b-374c-5d70-892c-9a3b8fc486ba', 'euro-2024', 'euro2024_024', 'tuc', '82371d2c-4dbb-5507-a370-74801e9a2afc', 'LOSE', 10000),
  ('9d3bb750-82fd-5cba-b68c-12f95cfef810', 'euro-2024', 'euro2024_024', 'co', '429f333c-e171-56d3-9286-5cf9a3132fe3', 'LOSE', 10000),
  ('6fa8861c-cb2a-563b-b2be-5b95846e0e0d', 'euro-2024', 'euro2024_024', 'thuong', 'dcb7114b-ba9a-5f80-8d9d-1920398b860a', 'LOSE', 10000),
  ('c28a7375-5974-5fa4-9019-e9e2e2f1597b', 'euro-2024', 'euro2024_024', 'tan', '1f27102b-3f71-5687-99a7-178a66e12c14', 'LOSE', 10000),
  ('2f4db5cd-68f5-5702-aae1-637bf70d51ee', 'euro-2024', 'euro2024_024', 'long', 'd6a7b735-7559-558f-be29-cf5966fff21e', 'WIN', 0),
  ('bd58b90f-f8e3-5c3e-afe1-00745432c9f0', 'euro-2024', 'euro2024_025', 'huy', '4dcb665f-9849-5865-a3c9-8554dcff8926', 'LOSE', 10000),
  ('c0552711-c6a9-5ad4-9ff8-b9398458bbb6', 'euro-2024', 'euro2024_025', 'tien', 'e51e8db8-08ab-50b0-9c2f-a412d3dfceb7', 'LOSE', 10000),
  ('d938dbfb-dabf-5a24-b84f-baa7b8f77d76', 'euro-2024', 'euro2024_025', 'lam', 'f815badf-f7dd-573c-8b53-4f70a98d6dac', 'LOSE', 10000),
  ('03976697-2372-5885-9e0a-49a882460261', 'euro-2024', 'euro2024_025', 'tai', 'f7caa699-7e9b-5f62-afa5-5d8d240b2f9c', 'LOSE', 10000),
  ('2042aeab-7013-54f7-8830-8695e0c4a60d', 'euro-2024', 'euro2024_025', 'tang', 'fec7b748-e89c-5bcd-b1d4-b2299f53104f', 'LOSE', 10000),
  ('1341209a-382b-56a9-936c-ff79b9c52ca6', 'euro-2024', 'euro2024_025', 'tuc', '49178c0f-cd04-54d2-a119-d548a48fcb05', 'LOSE', 10000),
  ('09af1646-bb90-5d1f-a477-a64978be565b', 'euro-2024', 'euro2024_025', 'co', '6367e436-a238-561d-988c-016fd5697619', 'WIN', 0),
  ('a3ef9ff0-c61d-5330-aeb3-98b8a5071414', 'euro-2024', 'euro2024_025', 'thuong', 'c60c140d-7017-5b6b-9bdc-9193c558d199', 'LOSE', 10000),
  ('61840b2d-8175-5722-a60d-cc029f90a0a3', 'euro-2024', 'euro2024_025', 'tan', '83007061-1844-555c-a221-fed44ea2ea4f', 'LOSE', 10000),
  ('9eb1db01-926c-53fe-8ce8-0c6affbf0f12', 'euro-2024', 'euro2024_025', 'long', '9fe4e59a-54dc-5cbb-b191-a2cc40213838', 'LOSE', 10000),
  ('712afd2e-112d-5597-8f4f-6f89bc8e7822', 'euro-2024', 'euro2024_026', 'huy', '31daa1b5-da40-5af1-b7cf-36230f1692be', 'LOSE', 10000),
  ('4e17e5f1-6588-51e5-ac8e-ee371cfbe275', 'euro-2024', 'euro2024_026', 'tien', '590c8f3c-416d-5d54-ad7b-2b74bb1636b5', 'WIN', 0),
  ('54be7059-951c-5c6e-b645-1db55ce41db2', 'euro-2024', 'euro2024_026', 'lam', '4b6e35d3-427e-5dde-b4b7-81b71ccd0d57', 'WIN', 0),
  ('cf8cb2df-dc92-599b-bec9-177b5fb857fc', 'euro-2024', 'euro2024_026', 'tai', '2e58f6eb-bac2-5a67-b086-cd543f0b43ce', 'LOSE', 10000),
  ('4cc3af53-fc61-5d03-a212-dceddd578bc5', 'euro-2024', 'euro2024_026', 'tang', '75eadf4e-c3d1-5eb1-ab18-d33e13cbc832', 'LOSE', 10000),
  ('54b88485-9e4b-5aae-b2e4-60bc28b92f8f', 'euro-2024', 'euro2024_026', 'tuc', 'ee4bde96-c7df-590b-a4ef-384d40c89196', 'WIN', 0),
  ('e9a354a3-1ca8-5b1d-8912-22cf8bc5be93', 'euro-2024', 'euro2024_026', 'co', '6aed8ebf-e8a8-54c6-bfe0-8f7d27c1e673', 'LOSE', 10000),
  ('e65ee02e-df05-5c6b-b927-4c1c9dfeeb55', 'euro-2024', 'euro2024_026', 'thuong', '36adda6e-0a09-599a-b661-19de2887ee93', 'WIN', 0),
  ('774f736d-a2cc-5b1e-b633-5294b91aa477', 'euro-2024', 'euro2024_026', 'tan', '08995aeb-68c9-59e7-a32c-f21c05336b27', 'WIN', 0),
  ('b7360556-f255-5986-a8b0-4030a2fd57e1', 'euro-2024', 'euro2024_026', 'long', 'a0e8afc8-eb15-5a13-9de1-de127154c269', 'WIN', 0),
  ('b603e94b-cab1-5907-bfa0-fa149c530cb2', 'euro-2024', 'euro2024_027', 'huy', '9c37fc83-a8d5-56f5-8b7f-7066def54d24', 'LOSE_HALF', 5000),
  ('99b62410-e341-55ff-9390-9026eb8b51b1', 'euro-2024', 'euro2024_027', 'tien', '28f9d40c-8636-52f8-87fa-564f8755b3ff', 'WIN', 0),
  ('d4d660b9-cf47-563c-b520-a91d00d9af48', 'euro-2024', 'euro2024_027', 'lam', '237e9dfe-e861-5504-ba6d-a037a4b4d156', 'WIN', 0),
  ('8e1f6b58-030d-50e3-a0b7-a1678de4a3b3', 'euro-2024', 'euro2024_027', 'tai', 'e0365d6b-3df9-5ec9-a810-95d385305381', 'WIN', 0),
  ('2fd48379-10ba-52cf-be3e-f91677c21769', 'euro-2024', 'euro2024_027', 'tang', '9b34b891-0b96-50ab-bfc4-e3b93139ecf2', 'LOSE_HALF', 5000),
  ('7bedf7e5-a9c4-5945-b751-9bca8e64ec50', 'euro-2024', 'euro2024_027', 'tuc', 'e213234b-a8b5-5cbb-b225-edad27d64744', 'LOSE_HALF', 5000),
  ('4ab25ba7-1b28-5ba5-a84f-64e9af5109b1', 'euro-2024', 'euro2024_027', 'co', '33810785-85af-5708-a4e2-335755d8eb05', 'WIN', 0),
  ('066dc5e0-5aa3-57dd-b1ed-ef3f1d641a6c', 'euro-2024', 'euro2024_027', 'thuong', 'e6d56461-e530-5a64-9d07-018faee92e89', 'LOSE_HALF', 5000),
  ('88a724f7-e5ba-5284-92f4-3e47eadf1773', 'euro-2024', 'euro2024_027', 'tan', '07c881ed-609a-5cf6-b01f-5581ae322979', 'LOSE_HALF', 5000),
  ('54d584ca-2b04-5cab-a659-2956952c9369', 'euro-2024', 'euro2024_027', 'long', '3f0af8ba-b2f0-59b2-9983-6ced2ad7d03f', 'WIN', 0),
  ('df3e81a4-1e52-5dcd-81f6-5c5f2e060149', 'euro-2024', 'euro2024_028', 'huy', '68e53ab4-1060-5d49-bef6-efaa2e056e2e', 'LOSE_HALF', 5000),
  ('0d873169-77ec-5c82-ba34-36fb548e2d98', 'euro-2024', 'euro2024_028', 'tien', 'c5d0ce43-21fb-5a48-afc2-075c9b7eaacc', 'LOSE_HALF', 5000),
  ('c6900079-1b4a-52c1-95e1-0aee0f65d0c6', 'euro-2024', 'euro2024_028', 'lam', '4305fa36-320b-5e87-9982-d35b44dc927f', 'WIN', 0),
  ('cf2329d1-531d-5202-a0da-993714ccd15c', 'euro-2024', 'euro2024_028', 'tai', '027fee69-3f9e-59c7-a71e-2191f0787b42', 'WIN', 0),
  ('ff01bd08-f5fe-5819-8c79-e8fd6ee60f90', 'euro-2024', 'euro2024_028', 'tang', 'e632cae4-7652-5e7d-9630-f916537aadc0', 'WIN', 0),
  ('0540e937-18f7-5db0-a0f0-2fb64d253f71', 'euro-2024', 'euro2024_028', 'tuc', '68b7f2bc-93f1-53b3-8770-1fdf7ef4ff7b', 'LOSE_HALF', 5000),
  ('19e50005-efcc-5353-8917-9febc5210919', 'euro-2024', 'euro2024_028', 'co', '0880e29a-a504-5802-9f05-367b8026977e', 'WIN', 0),
  ('6037c18f-ed30-553d-bff5-443c2efe9d87', 'euro-2024', 'euro2024_028', 'thuong', 'bf01f934-aaa0-5685-a73f-622477c45d7a', 'WIN', 0),
  ('270b3118-b60a-5b04-bd0b-0e08cba3057b', 'euro-2024', 'euro2024_028', 'tan', '95548254-d2dd-5c61-8d0a-0f37f280b33f', 'LOSE_HALF', 5000),
  ('0f5b2746-42cc-55ab-83cf-1e20132339e1', 'euro-2024', 'euro2024_028', 'long', '668419cb-bd23-555a-b0b9-d9312266aae6', 'LOSE_HALF', 5000),
  ('e7c123ea-d4f9-5601-a77e-954522d40ae9', 'euro-2024', 'euro2024_029', 'huy', '3895245b-7425-5455-a2f2-015fb11e570f', 'WIN', 0),
  ('20d9e0d0-1673-543d-a857-7b0a5a1dc6f7', 'euro-2024', 'euro2024_029', 'tien', '28dad7f1-4a38-5297-934a-d46e13362820', 'LOSE', 10000),
  ('42ff19d2-ae7f-50d6-8f96-285f723c3b77', 'euro-2024', 'euro2024_029', 'lam', 'a94cb3c4-e128-5a8b-a39e-37d1d04b5798', 'WIN', 0),
  ('07e42bb5-c10e-52df-b67c-a88036634033', 'euro-2024', 'euro2024_029', 'tai', 'cd76fbf9-4130-5859-868d-caf91202ad58', 'WIN', 0),
  ('b6be8bf5-0968-50e3-ae9a-0fd950655c9a', 'euro-2024', 'euro2024_029', 'tang', '83c7dfc2-cf18-5ff0-a0bb-6ef90bb6aa1c', 'LOSE', 10000),
  ('0f58d5dd-7ee8-52b8-97ef-e6ee192fa249', 'euro-2024', 'euro2024_029', 'tuc', 'aab5ceae-097c-57bd-b212-cd9faabe32d5', 'LOSE', 10000),
  ('2eea22d7-a5b1-539a-8abc-81fe2d9cdc8d', 'euro-2024', 'euro2024_029', 'co', '39da9652-a1d8-5a80-af89-042e14ab76e0', 'LOSE', 10000),
  ('f0356e28-e433-53d6-a80d-19c615236ee9', 'euro-2024', 'euro2024_029', 'thuong', '7c6b0baa-e3ae-5d2c-a2b2-f2d27cc4ef13', 'LOSE', 10000),
  ('b8a2750f-2d7a-5576-b682-9ce52d6d4960', 'euro-2024', 'euro2024_029', 'tan', '7a0e3ed8-fbd4-5507-a249-946c916f4288', 'WIN', 0),
  ('9001cade-eb07-5758-a810-7fce20392658', 'euro-2024', 'euro2024_029', 'long', '9cf50643-d2aa-507c-aec3-c5730b954ea5', 'LOSE', 10000),
  ('e4397861-991e-517b-bd3d-bda19b5208ff', 'euro-2024', 'euro2024_030', 'huy', '8177f23b-17ad-548d-a30b-43e54970f18c', 'LOSE', 10000),
  ('e6d380d5-f4e7-59b8-8a3f-a7238c10d491', 'euro-2024', 'euro2024_030', 'tien', '15b597ac-222f-5d8b-b24e-940b93bfbb3b', 'WIN', 0),
  ('22497199-aa02-58d3-9f66-a23b3a9c0324', 'euro-2024', 'euro2024_030', 'lam', 'aa45fce7-d5b9-52e4-9c8a-8dd4d19fc7aa', 'LOSE', 10000),
  ('19f0916a-9b76-5938-a916-02a748031b73', 'euro-2024', 'euro2024_030', 'tai', 'a4388d8b-ccaf-5703-9188-66bcb28d341e', 'WIN', 0),
  ('dcad46f8-e9b2-51cb-a521-cc4ee76b447c', 'euro-2024', 'euro2024_030', 'tang', 'cfef3595-c3df-59da-9015-82bf77af80e9', 'WIN', 0),
  ('65057f5a-af9d-5227-a480-f53a79c70906', 'euro-2024', 'euro2024_030', 'tuc', '72eb3cc4-5a49-535b-a445-e30ef6c25569', 'LOSE', 10000),
  ('49df985e-bc71-57bb-aa50-415046ad5271', 'euro-2024', 'euro2024_030', 'co', '7a2b5e96-3ad3-5d74-9fcb-1b1f6de2c502', 'WIN', 0),
  ('e9935262-00fb-5aed-aee5-fce3bc9f3286', 'euro-2024', 'euro2024_030', 'thuong', '7a3403e0-a649-5afe-83e8-643ccef97d3a', 'WIN', 0),
  ('a950d068-6a22-5e16-a9be-660dbddb0da8', 'euro-2024', 'euro2024_030', 'tan', '56f44900-9d5f-507c-adc7-3499719070a8', 'WIN', 0),
  ('4ba2be9b-0453-538e-8255-2b1d69bbf897', 'euro-2024', 'euro2024_030', 'long', 'ace7799e-ae7f-5e4a-a090-9e3b4f283383', 'WIN', 0),
  ('bf26d821-5740-520c-b948-9e96f289c891', 'euro-2024', 'euro2024_031', 'huy', '196a2bd8-ee6b-567c-9681-0b291d51b0f8', 'LOSE', 10000),
  ('5496aaef-0796-55d3-93b1-4351d8c81ddc', 'euro-2024', 'euro2024_031', 'tien', '93bc8bed-e431-5774-880b-8969b0fd6cf0', 'LOSE', 10000),
  ('aeae38ad-1849-50c4-8cf5-383be61d9029', 'euro-2024', 'euro2024_031', 'lam', 'f3718a29-9045-54ec-9c6f-471257d047ab', 'LOSE', 10000),
  ('f994dff6-0a70-54d9-a9c2-e0fdd715ebe6', 'euro-2024', 'euro2024_031', 'tai', '1c1fbd4b-9bbb-5dab-9e72-f999c385b8ab', 'WIN', 0),
  ('13465fa4-8496-52b0-a295-8773e5352e94', 'euro-2024', 'euro2024_031', 'tang', 'd351e1d7-25b6-5848-88a2-5c665f8d027f', 'WIN', 0),
  ('4b994cdf-538c-5521-8c0a-182b09b18f1d', 'euro-2024', 'euro2024_031', 'tuc', '4cbfc628-d617-5574-837e-05917221863d', 'LOSE', 10000),
  ('fc26bcfd-545f-578c-8a44-68a11e5ad3a7', 'euro-2024', 'euro2024_031', 'co', '0af36d37-de86-5b12-a2c5-b103f5ae286f', 'WIN', 0),
  ('c357ce0c-811e-5bb8-b886-d14f36258572', 'euro-2024', 'euro2024_031', 'thuong', '6866b511-18e0-53d2-a377-a5f208e48de5', 'WIN', 0),
  ('27091b70-c646-5b8f-a9ce-c07bb297dcb5', 'euro-2024', 'euro2024_031', 'tan', '63a294c9-d733-59de-b5c7-85fdcac48a77', 'WIN', 0),
  ('2710e7f0-f815-5323-969d-92cb08839c99', 'euro-2024', 'euro2024_031', 'long', '983a4581-02f9-5a86-8dc4-457ba281012b', 'LOSE', 10000),
  ('fd0033bd-db00-5bd8-ad24-77de23ea4a98', 'euro-2024', 'euro2024_032', 'huy', '4a0f9aa3-c2e8-576b-b13d-01fbaa0e6580', 'LOSE_HALF', 5000),
  ('2bf8c60d-1484-5706-95b2-e323afe8b428', 'euro-2024', 'euro2024_032', 'tien', 'c6d57be1-c4ac-52b5-b1ea-2156277ff96b', 'LOSE_HALF', 5000),
  ('6c217ea9-d8ec-5cb4-b692-7181c7b5bf8e', 'euro-2024', 'euro2024_032', 'lam', 'cacf3882-3cbb-5d96-b2fc-afddd3fdb13f', 'WIN', 0),
  ('08d0ea89-0ba9-5d5c-b045-1af42cc3b04b', 'euro-2024', 'euro2024_032', 'tai', '5044719f-36db-5886-91fe-6777cfecbc42', 'WIN', 0),
  ('b78276e2-3290-5c81-a93f-8e92f9b50fd3', 'euro-2024', 'euro2024_032', 'tang', 'd0d94821-c56f-5326-afc6-5d4616c9a591', 'LOSE_HALF', 5000),
  ('4a35d295-68e1-5c17-8c48-02b3705fd288', 'euro-2024', 'euro2024_032', 'tuc', '46f927ae-e2fd-5d87-a652-435086067649', 'LOSE_HALF', 5000),
  ('3e926d6c-9d2a-53fd-83b9-fae29f4d4de1', 'euro-2024', 'euro2024_032', 'co', '35c992e7-0cb8-5982-b463-832bb336a83a', 'LOSE_HALF', 5000),
  ('75a308b7-dc35-5555-8956-3042cdf3fad0', 'euro-2024', 'euro2024_032', 'thuong', '65a79305-6969-546a-a4bf-deedf33607e9', 'LOSE_HALF', 5000),
  ('752b4117-463b-5b55-9050-d8df57612da6', 'euro-2024', 'euro2024_032', 'tan', '1f021b61-0106-50fb-b23f-e36f588afba2', 'LOSE_HALF', 5000),
  ('e1f1a3f7-5842-5fc7-b10b-457ffbb54920', 'euro-2024', 'euro2024_032', 'long', '3ef25c41-6e89-5ccf-8037-044b741bca2e', 'WIN', 0),
  ('27022460-add7-59c8-9427-ea39e0af7593', 'euro-2024', 'euro2024_033', 'huy', 'e70a078b-d230-5778-95d6-55f3c465b9ed', 'WIN', 0),
  ('81977b17-073d-57c3-8b17-cbbe8f958597', 'euro-2024', 'euro2024_033', 'tien', 'e4fee323-9135-5171-b350-5b588297fbab', 'WIN', 0),
  ('6688f535-c985-5279-9002-0fbe94100545', 'euro-2024', 'euro2024_033', 'lam', '309f4853-8005-5ff1-9ebb-5b70b6a82f50', 'WIN', 0),
  ('f1bbc9cf-a0bc-52e3-8d70-2eeaa3f85d7d', 'euro-2024', 'euro2024_033', 'tai', 'd2150fee-c5c2-59e9-a4f7-c05414716b20', 'WIN', 0),
  ('8400f620-7bdf-5e80-85f8-75e389f05d3b', 'euro-2024', 'euro2024_033', 'tang', 'bc6e97dd-bb0f-5758-90a3-e2eccc5ce491', 'WIN', 0),
  ('a76eb64a-a8f2-543d-b766-bfdf56ac2b70', 'euro-2024', 'euro2024_033', 'tuc', '80b2e49a-47a4-58b2-bb79-eba11574db04', 'WIN', 0),
  ('76471283-0341-5ca9-8b6a-72ea7d75aed0', 'euro-2024', 'euro2024_033', 'co', '067f2a37-2d22-531e-912a-d5ae7146d2fd', 'WIN', 0),
  ('e23b6d5f-db6f-53d5-9fb8-7d8630a20f7c', 'euro-2024', 'euro2024_033', 'thuong', '0c2211bd-a900-54d4-863f-4e835991bb36', 'WIN', 0),
  ('2e4a4144-0aa8-5db3-a196-427977a52c36', 'euro-2024', 'euro2024_033', 'tan', '9ea91fbc-21b5-5b51-aa8c-436d1344b6ba', 'WIN', 0),
  ('447da769-0614-561f-bee6-7710489a9aa4', 'euro-2024', 'euro2024_033', 'long', '461b0a81-3aaa-5627-8331-affef843f5a3', 'WIN', 0),
  ('eec012ca-ff71-5fc8-8a50-639cc22435c3', 'euro-2024', 'euro2024_034', 'huy', 'ecf072d8-03d7-5121-8c94-349cb533ce7e', 'LOSE', 10000),
  ('2f4a37b9-7240-59da-bd80-043a246b596a', 'euro-2024', 'euro2024_034', 'tien', 'f422ce88-57e2-59ab-990b-336f0dc608f8', 'LOSE', 10000),
  ('9969b985-afc3-54e8-87a5-01cc172c85e6', 'euro-2024', 'euro2024_034', 'lam', 'be1244a7-b5e6-5869-9cc7-3b761a4c73e1', 'LOSE', 10000),
  ('4e813e4f-e372-5ea3-aa09-928a82879fca', 'euro-2024', 'euro2024_034', 'tai', '5b914dd0-8d04-5d78-83bf-a87413b30e70', 'LOSE', 10000),
  ('cc01c423-2aab-5db4-8d5a-5d73cfbc8918', 'euro-2024', 'euro2024_034', 'tang', 'db5a9b0f-1a1a-5890-99c3-49a3ef5c0db2', 'LOSE', 10000),
  ('41ec95db-1cfb-5b8b-b61b-73ac5daf13fb', 'euro-2024', 'euro2024_034', 'tuc', '8da553db-ca01-5303-8edc-f317c137d3a0', 'LOSE', 10000),
  ('500896c7-abe2-5ceb-bc5a-d6832eed1d83', 'euro-2024', 'euro2024_034', 'co', 'ea2451b6-788c-545b-b279-08566447a38a', 'LOSE', 10000),
  ('4c1bcd00-d30c-5301-9c7e-c342c76a79be', 'euro-2024', 'euro2024_034', 'thuong', '6a18a4c0-61ba-5d9f-a9d6-89e4e2ee0ac4', 'LOSE', 10000),
  ('35b9ce2d-9c7d-57fd-a492-f81035ac05fe', 'euro-2024', 'euro2024_034', 'tan', '530ca39c-0d66-51a3-8419-ed9a4c77415e', 'LOSE', 10000),
  ('1aec9ba9-6ec2-53a4-b056-711f59673b9a', 'euro-2024', 'euro2024_034', 'long', '3a8977c3-7e39-55a9-a805-15c5fe57e57c', 'LOSE', 10000),
  ('5ffa2f06-e739-580e-9713-b49b3652841e', 'euro-2024', 'euro2024_035', 'huy', 'f6fe16bb-1bc6-59db-8ec7-7ffda265260f', 'LOSE', 10000),
  ('5d9f8c71-239c-5b84-89ad-523fb921bf7a', 'euro-2024', 'euro2024_035', 'tien', '6c0f2b55-1cd9-5e5c-afb8-a8ff6bcfe6c6', 'WIN', 0),
  ('05b92cf8-34de-5c8c-86ef-95df063bb088', 'euro-2024', 'euro2024_035', 'lam', 'a9c46d0f-d4d2-578c-afba-845927cb9fea', 'LOSE', 10000),
  ('df8bfe5a-bc20-5c52-9d58-0f98b62c9b68', 'euro-2024', 'euro2024_035', 'tai', 'f427ad55-1cfc-5792-a931-4fb98a673a76', 'LOSE', 10000),
  ('8ea52990-86ff-569d-b5d1-cfacc0f8b92f', 'euro-2024', 'euro2024_035', 'tang', '067f4d48-4ce7-5d48-b99c-3dc6b0ea73db', 'WIN', 0),
  ('509926b4-4958-5605-99b1-e6645acfd5f9', 'euro-2024', 'euro2024_035', 'tuc', '49749f87-78ff-55e6-bbca-de632e1ea022', 'LOSE', 10000),
  ('84220d5d-e3e9-5c2a-a05a-c29d20140b1e', 'euro-2024', 'euro2024_035', 'co', '8bfca8c2-fc44-5be8-ba6d-1602217849c7', 'LOSE', 10000),
  ('ca6cf359-f014-5668-9ff9-626e65fb0b61', 'euro-2024', 'euro2024_035', 'thuong', '587bee1e-a3fe-5a31-a02f-7b4f31c23314', 'WIN', 0),
  ('6e846c9b-3c1f-5381-a131-073010ccc60a', 'euro-2024', 'euro2024_035', 'tan', 'fd5bd169-b112-5b87-bc75-f5dab4505a79', 'LOSE', 10000),
  ('a161eea2-5317-5c03-968d-a093cb81e85e', 'euro-2024', 'euro2024_035', 'long', '9df874c3-e9ea-5702-bcbe-939b9fe46861', 'WIN', 0),
  ('8cd1be34-a49a-5c21-920b-05f33b90e100', 'euro-2024', 'euro2024_036', 'huy', 'e8f120ef-5faf-5cb8-a19f-6e1338a90fb1', 'WIN', 0),
  ('bb98f5f4-ee3e-5295-b489-0bffa28fb8f2', 'euro-2024', 'euro2024_036', 'tien', 'ca26091a-3746-5efe-897a-3bff69f5cf53', 'WIN', 0),
  ('a506049e-6b0c-51fa-ace0-69d05747c2f8', 'euro-2024', 'euro2024_036', 'lam', 'aa4daa6e-79e9-5b9c-85ea-4c9b603fe395', 'WIN', 0),
  ('b866b7dc-a5f6-54d3-a022-a28553206d32', 'euro-2024', 'euro2024_036', 'tai', 'e88b7a76-0518-5016-bb7d-342c3db30eba', 'WIN', 0),
  ('d43a6b29-c86d-53b4-acc6-1d98b09d3748', 'euro-2024', 'euro2024_036', 'tang', 'e1263672-8832-5768-a624-c6bd01cb9755', 'LOSE', 10000),
  ('1bd22b5c-3639-5aa6-ae5e-d0ac39afb144', 'euro-2024', 'euro2024_036', 'tuc', '164b97c3-5751-5f75-8151-5f5f53c8bddb', 'WIN', 0),
  ('f2ac9b0c-bea4-5e60-9206-618ab49d02fc', 'euro-2024', 'euro2024_036', 'co', 'b318597e-6c98-57eb-93ab-1cb2061ed8a0', 'WIN', 0),
  ('64c16a59-33c5-5591-8d17-2ec339c3bc6d', 'euro-2024', 'euro2024_036', 'thuong', '99c46519-a193-5e32-9b01-1115d9c3696f', 'WIN', 0),
  ('d234dd60-934e-5bfb-aa92-afbc1b3c3669', 'euro-2024', 'euro2024_036', 'tan', 'd2af1f6f-ccbd-50ff-9ecc-6a35eb7b80e6', 'WIN', 0),
  ('e220afef-13e8-520c-8f66-9091b23fab35', 'euro-2024', 'euro2024_036', 'long', '10410eed-849f-56cb-9a27-80d18b742e7e', 'LOSE', 10000),
  ('9b1ba51d-e989-567e-905d-45495dc8a5ca', 'euro-2024', 'euro2024_037', 'huy', 'a91daa41-5c4a-5572-811e-7c29601901b2', 'WIN', 0),
  ('f06fdd1e-f411-5524-88f4-c7b2f5b389f2', 'euro-2024', 'euro2024_037', 'tien', '1f675f41-0599-5514-9dc7-29dc96b78bde', 'LOSE', 10000),
  ('5005d684-482c-5257-acf3-9be7daf52197', 'euro-2024', 'euro2024_037', 'lam', '2b772222-5ba4-5fc5-bd45-87dd2865f94c', 'LOSE_DOUBLE', 20000),
  ('516eb31c-1bbb-57e3-9e45-1c8244124413', 'euro-2024', 'euro2024_037', 'tai', '78887f66-1534-510b-adfd-ab29fd9817fc', 'LOSE', 10000),
  ('6c515918-c537-5edc-8611-e7f53f24503b', 'euro-2024', 'euro2024_037', 'tang', '8b1a5ee8-0ac5-51d6-a667-c4e71955f2d6', 'WIN', 0),
  ('001cbfbb-4a82-5a74-96c2-7e9abef6ebe7', 'euro-2024', 'euro2024_037', 'tuc', '4ab0f65f-d07c-5243-9d5e-3292ec6d5905', 'WIN', 0),
  ('0ad63f82-3771-58bd-ab94-823dc950fc5c', 'euro-2024', 'euro2024_037', 'co', '661bd928-8db1-5a4e-996e-5355ce528ec4', 'LOSE_DOUBLE', 20000),
  ('ada5653c-afab-5d6a-b5ee-17dda4b542c5', 'euro-2024', 'euro2024_037', 'thuong', 'f92f02af-16d7-5d8f-947a-9ef10ab2de21', 'WIN', 0),
  ('e92382e5-821c-5f60-bc3d-973c20f1293c', 'euro-2024', 'euro2024_037', 'tan', '20a6e9b5-5c7e-5f29-8d37-dfb136ac9a5e', 'WIN', 0),
  ('1bd7b050-07ab-573e-afeb-d1042cb5d621', 'euro-2024', 'euro2024_037', 'long', '9b8e7e9b-80ba-53c3-be55-f775fe29190f', 'WIN', 0),
  ('62efc869-f2c3-5677-8aee-847a5adfde86', 'euro-2024', 'euro2024_038', 'huy', '7fb75ee2-e9b9-5013-9b81-2756f0a3d26d', 'WIN', 0),
  ('b1fb5bdf-5b5e-5633-9f2e-0cbb2c6a5982', 'euro-2024', 'euro2024_038', 'tien', '443b958e-8826-55ec-bada-f504d6a18ec1', 'WIN', 0),
  ('ac132fc9-4c15-58f0-be69-1951a418fbe1', 'euro-2024', 'euro2024_038', 'lam', 'c64ff26e-024d-584a-95c8-5ee2cb175993', 'WIN', -10000),
  ('b9e7a06c-b886-5508-971d-19ddeb564c39', 'euro-2024', 'euro2024_038', 'tai', '1db249c4-4380-555c-b437-d836b324f4e4', 'WIN', 0),
  ('4378e42a-51fd-5557-a6c7-f3024394dc1b', 'euro-2024', 'euro2024_038', 'tang', '8a2e4937-b0bd-5e22-8790-97bcb2993cad', 'WIN', 0),
  ('79e3fa2a-8d42-5ac0-8f39-d893fd196dc1', 'euro-2024', 'euro2024_038', 'tuc', '7ec7820d-a05e-5f58-8797-a5cfd91b6ab7', 'WIN', 0),
  ('8170ca8a-5bde-59de-a10d-e10dc33f493c', 'euro-2024', 'euro2024_038', 'co', '83cdd6a5-bc55-564b-a2d2-6b103252c60a', 'WIN', -10000),
  ('fd124f2a-8991-5718-868c-835036261125', 'euro-2024', 'euro2024_038', 'thuong', '909fa812-2e72-5376-ab1b-0021835bf8d5', 'WIN', 0),
  ('c7217bfd-a5ac-518d-9fcb-67b066cd7db0', 'euro-2024', 'euro2024_038', 'tan', 'cb0857dd-6f7e-51f9-b0c9-16beb4dd1943', 'WIN', 0),
  ('410b1535-006c-5baa-b987-3cbdce102889', 'euro-2024', 'euro2024_038', 'long', 'c82ee3e8-9222-5aca-8471-4f08c74b1890', 'WIN', 0),
  ('2ef3c26a-e3bc-5931-9c67-65b06ae1ea42', 'euro-2024', 'euro2024_039', 'huy', 'de787862-a770-55e1-96a5-be1a2d968b72', 'WIN', 0),
  ('f71f4011-7bfe-5957-9dc1-1de4927e5962', 'euro-2024', 'euro2024_039', 'tien', 'd60d35a6-f5f2-51a3-8202-cf4aee1230f6', 'LOSE', 10000),
  ('6c5a532c-bbed-5087-99ac-834b87feeb43', 'euro-2024', 'euro2024_039', 'lam', '3c2cf263-5b1a-56c4-ad42-47519a007975', 'LOSE', 10000),
  ('2b4ab018-5af7-5712-b1c0-a2ce78ccca2a', 'euro-2024', 'euro2024_039', 'tai', 'd1d84dcf-254f-568f-a3c9-7ee8690ff949', 'WIN', 0),
  ('65c72f55-65ac-5625-8512-ad428eb31137', 'euro-2024', 'euro2024_039', 'tang', 'a9253c73-84ca-52b5-8a55-7faaa3b03023', 'WIN', 0),
  ('329c3b84-79d0-50e2-a132-3433caf27af8', 'euro-2024', 'euro2024_039', 'tuc', 'be2574e7-d245-53f1-a04c-e45003abe687', 'WIN', 0),
  ('8b9e8cfb-2d86-5fee-8d12-8830654756eb', 'euro-2024', 'euro2024_039', 'co', '7d81c50b-c345-5d18-b875-f9236cb9fe07', 'WIN', 0),
  ('80c3ade3-0209-57d3-9dde-5654a3bb1485', 'euro-2024', 'euro2024_039', 'thuong', 'dc4ee77d-7f9c-557e-8459-e45467554d85', 'WIN', 0),
  ('a3cf75e5-9a18-56b0-b17b-b382e2109380', 'euro-2024', 'euro2024_039', 'tan', 'f583f91e-bb09-599f-8c02-ab42907db22a', 'WIN', 0),
  ('11775bf5-011a-53a4-a295-2d7378d43abc', 'euro-2024', 'euro2024_039', 'long', '450bceca-f575-597f-8e52-9f2289669863', 'WIN', -10000),
  ('ee707d91-257a-5b21-a4aa-1e4d5b0cae06', 'euro-2024', 'euro2024_040', 'huy', '9f05b03a-f448-582e-a0d7-5b47e6075c6c', 'WIN', 0),
  ('aeab5fd7-fce9-53d8-9806-4d46ec816ae8', 'euro-2024', 'euro2024_040', 'tien', 'f0c1fa3b-74f8-5fcf-99f8-2873a3816aba', 'WIN', 0),
  ('9a67953d-73a4-5b2b-a1c9-34add8003bd7', 'euro-2024', 'euro2024_040', 'lam', '3dba03dd-a157-5b23-bd56-c0f863d55ffb', 'WIN', 0),
  ('087fcad0-c067-5246-9242-16bf7840f7b3', 'euro-2024', 'euro2024_040', 'tai', '08ca9cdb-9060-5b82-8577-ec3965bc9359', 'LOSE', 10000),
  ('a6f3bc02-dbd9-55ad-83df-3dabb3beb8bb', 'euro-2024', 'euro2024_040', 'tang', '8bf39a5e-c55a-52e2-9378-53cf6ae040d2', 'WIN', 0),
  ('b621c834-56e0-5b21-ae6c-9bc117174806', 'euro-2024', 'euro2024_040', 'tuc', 'f85096ce-3a44-5b53-8dd1-4204cd78df50', 'WIN', 0),
  ('1830be12-96a2-5f83-8cc9-e20e1a06b424', 'euro-2024', 'euro2024_040', 'co', 'adb58bf5-8407-5174-b66a-b1fe5222fc57', 'WIN', 0),
  ('750fdc6c-9f8d-54c6-888b-f09560c28b9f', 'euro-2024', 'euro2024_040', 'thuong', '85156cdc-49d9-5cf7-9cfa-a99d7b6cd088', 'WIN', -10000),
  ('d514c9a9-54ee-52b6-bed5-6c48f76be9b7', 'euro-2024', 'euro2024_040', 'tan', '7344814c-b6f6-59ae-9619-c59838f233d6', 'WIN', 0),
  ('f16d4711-d840-5a93-96df-336aad34784c', 'euro-2024', 'euro2024_040', 'long', '5b8197a7-39e6-58aa-b697-9bc5e9775c3e', 'WIN', -10000),
  ('bc219a12-c41d-502e-b943-370d5eccef49', 'euro-2024', 'euro2024_041', 'huy', 'c46e4a61-4a43-55ab-830c-171e3e2c0f69', 'WIN', 0),
  ('7d13d8b3-d29b-5292-b9f9-072e7b802950', 'euro-2024', 'euro2024_041', 'tien', 'f58a6ddc-2b8d-5b57-8b45-cd3c522a1eaf', 'WIN', 0),
  ('ba7f4954-24e7-564e-8330-5950455f9a25', 'euro-2024', 'euro2024_041', 'lam', '1158b9ad-c8d6-5f05-9563-13f15e9c8d57', 'WIN', 0),
  ('93fe3bc2-991a-544e-baf9-04e3dbd1ccee', 'euro-2024', 'euro2024_041', 'tai', 'ef18cde8-5d30-560a-a6ce-e44af3bc5100', 'WIN', 0),
  ('586fc191-9659-5790-a299-2b7f114ace4f', 'euro-2024', 'euro2024_041', 'tang', 'a149b7f2-fafd-515a-9cb6-a9314e6404f6', 'WIN', 0),
  ('2d09b368-9a42-59be-b316-8db0c1f1b921', 'euro-2024', 'euro2024_041', 'tuc', '178b94b3-c4bf-5b0b-97f1-a83ef795b948', 'WIN', 0),
  ('c2b15580-084f-55f6-84de-56ff2ad61e35', 'euro-2024', 'euro2024_041', 'co', '09888183-8318-5857-aca1-17d309006637', 'WIN', 0),
  ('b18c1d3f-a916-5d8b-8fb1-39dd09472672', 'euro-2024', 'euro2024_041', 'thuong', '736966c6-a616-549d-ac4e-256e836a88d1', 'LOSE', 10000),
  ('ff333a51-a83c-528a-85a4-87653a756881', 'euro-2024', 'euro2024_041', 'tan', 'c069a95e-b570-5acb-afed-4cdc0960fc3b', 'WIN', 0),
  ('856f093e-2532-5add-8cb9-c7fc0599142a', 'euro-2024', 'euro2024_041', 'long', '216d5fac-26ff-5644-a509-5288dc0c0984', 'WIN', -10000),
  ('cb0c3bba-9610-5c95-ae11-5b0501f9c2b1', 'euro-2024', 'euro2024_042', 'huy', 'aae0a571-68fa-5409-a746-995a81e86cfd', 'LOSE', 10000),
  ('9684b3b9-ee90-5ff1-809f-df088091c71c', 'euro-2024', 'euro2024_042', 'tien', '2164a3a3-4067-5f38-a889-26d48b1782ca', 'WIN', 0),
  ('20e1eb3c-298a-553a-80d6-f5bff1f8a4f6', 'euro-2024', 'euro2024_042', 'lam', 'f72f27f1-5023-56b8-88c5-d04a976f0433', 'LOSE', 10000),
  ('5a51513d-553e-5b5b-ba45-d718751f60d6', 'euro-2024', 'euro2024_042', 'tai', '9e1e74ca-6cbc-5dcc-bcf2-c56021aa4059', 'WIN', 0),
  ('f25936b3-9c22-565d-99d3-2f39fe8a5a3c', 'euro-2024', 'euro2024_042', 'tang', '1fe275a8-4ec3-5e9b-a580-66ca1a6a4b7b', 'WIN', 0),
  ('33c8ddca-380b-5b65-9fc0-0211d9ccd541', 'euro-2024', 'euro2024_042', 'tuc', 'd12d44fc-4c28-5c5a-92d1-ed03cf2c0fa1', 'LOSE', 10000),
  ('48572bd0-92b8-5a19-bb83-cd550bce228c', 'euro-2024', 'euro2024_042', 'co', 'ecbc925e-b503-558b-b8e8-d627a54b957d', 'WIN', 0),
  ('6d93632e-466f-52de-9f6a-e3737f5a573b', 'euro-2024', 'euro2024_042', 'thuong', '41b01686-bd91-5c2c-a511-9d9a237bdfc2', 'WIN', 0),
  ('159ac8f5-2de2-504c-9a3d-af9601bc0bd3', 'euro-2024', 'euro2024_042', 'tan', '5d576377-79a4-519b-b9b9-d3d43ad7d840', 'WIN', 0),
  ('3ce203c9-d4d4-502d-b03f-1282cecf507f', 'euro-2024', 'euro2024_042', 'long', 'dc79ee4a-e31c-57ec-ab4a-821712a85aaa', 'WIN', 0),
  ('10a241a6-6edf-56f1-84e7-e1d8ee993b53', 'euro-2024', 'euro2024_043', 'huy', '106268ec-68a7-500f-b828-7e1158b65504', 'LOSE', 10000),
  ('df3b99fd-343d-5176-817f-5b10f2bc9cb1', 'euro-2024', 'euro2024_043', 'tien', '208160aa-b305-5d88-bf28-cbc3d8c67889', 'LOSE', 10000),
  ('a3f9e18b-e497-5043-b8ea-d9f51b4b7ab6', 'euro-2024', 'euro2024_043', 'lam', '1ff3913b-fd9a-5c54-94c9-123ed5930dc7', 'LOSE', 10000),
  ('f1930efe-7f94-5b70-a85a-84d966cdee2f', 'euro-2024', 'euro2024_043', 'tai', 'c3aaa67d-7384-5842-a007-0b383129db0a', 'LOSE', 10000),
  ('8c1b7f6e-778b-596f-b7a9-874f96c7585f', 'euro-2024', 'euro2024_043', 'tang', 'f85ac3ff-bed9-5c48-93f1-c9cddb226a5d', 'LOSE', 10000),
  ('5f8f7c8a-670a-5369-85e1-d35ade35ee21', 'euro-2024', 'euro2024_043', 'tuc', '61f5fb4f-20bc-5607-9eb2-9f2baaaa9321', 'LOSE', 10000),
  ('5f5ac2b2-c841-5637-9503-559d0548a7ff', 'euro-2024', 'euro2024_043', 'co', '1a6a0b59-937d-586c-a080-c4e870507036', 'LOSE', 10000),
  ('bb251401-48dd-58a6-923f-4378338f5446', 'euro-2024', 'euro2024_043', 'thuong', '7f76d062-51f2-5eb1-98df-7064a8e36e1e', 'LOSE_DOUBLE', 20000),
  ('b902b60b-8d30-5641-8e74-64382f7e279e', 'euro-2024', 'euro2024_043', 'tan', 'dea400f8-4d36-59ee-89b3-d5bc84f1c8c5', 'LOSE', 10000),
  ('d9ef29ff-2225-539a-a6a6-c5b8675d79f6', 'euro-2024', 'euro2024_043', 'long', '344cbd23-efba-5692-b671-94087d9ad7d3', 'WIN', 0),
  ('f9153a6f-9f19-555e-bf6e-b087e63c41c9', 'euro-2024', 'euro2024_044', 'huy', '7c6ca8f3-cc2f-5859-82f7-d003f06c2e4e', 'LOSE', 10000),
  ('0ef958cc-f8f1-53ec-a1f4-eed6c9d524fe', 'euro-2024', 'euro2024_044', 'tien', 'b91d219e-218b-5c8f-bef5-856f4fa62a7f', 'LOSE', 10000),
  ('6773142a-c7ee-5d08-a78b-085a1afe33a4', 'euro-2024', 'euro2024_044', 'lam', 'e7c1bdd0-7355-546c-8dc0-e5deb97d874f', 'LOSE', 10000),
  ('aaf8d98c-35da-53b4-8569-a12b72d90e78', 'euro-2024', 'euro2024_044', 'tai', '603a623c-8cbd-599f-9d8d-26c5bb03f77f', 'LOSE', 10000),
  ('7f93d4cb-1075-5eb0-9c2e-68ed63d0fb5c', 'euro-2024', 'euro2024_044', 'tang', '0d05137b-6ff1-5a40-be51-b9c1258256b3', 'LOSE', 10000),
  ('2c4c7316-da5c-5f72-92cb-d1dd99c2532f', 'euro-2024', 'euro2024_044', 'tuc', 'fda2fbcd-1c67-587d-bd6c-c1658a417f49', 'LOSE', 10000),
  ('712e70d3-26e7-55d8-a831-07f3096d86a9', 'euro-2024', 'euro2024_044', 'co', 'd1834a98-7b40-502f-9a08-ec65e906c329', 'LOSE', 10000),
  ('c647182e-3500-5946-b1aa-13a4bbab4d43', 'euro-2024', 'euro2024_044', 'thuong', '31839583-7e25-5e3a-a482-ceb56034f137', 'WIN', -10000),
  ('4987e7bf-1fa4-5b09-b966-4dda78dc3fc6', 'euro-2024', 'euro2024_044', 'tan', 'f8fb02cd-454f-5db5-8d7c-ce8e8eba8fd3', 'LOSE', 10000),
  ('b1bbf8f8-da53-5041-ab02-11fb86417444', 'euro-2024', 'euro2024_044', 'long', '4f434ae2-81dc-51a0-985c-f0ad28dba02a', 'WIN', 0),
  ('7cb2284d-a344-5697-a7bd-e417c6ca5a14', 'euro-2024', 'euro2024_045', 'huy', '59c5c9b2-a55f-58d1-8c2b-c519ce260447', 'WIN', 0),
  ('99dc64af-2721-513b-b6c7-ec5e4d20021d', 'euro-2024', 'euro2024_045', 'tien', '3c357dbf-637a-5788-8173-d4e530f30c9c', 'WIN', 0),
  ('ff959b5e-4bd6-573b-94c0-7f330164649d', 'euro-2024', 'euro2024_045', 'lam', '7af62e5e-2015-5f72-ada2-b85470bfb203', 'WIN', 0),
  ('e9e9767c-3718-5dd9-9555-25cde7f15b37', 'euro-2024', 'euro2024_045', 'tai', '97e393f1-7bfe-5f07-b692-68e2def4d120', 'WIN', 0),
  ('edb21737-3865-521c-b6e0-998cba25e9c5', 'euro-2024', 'euro2024_045', 'tang', '377887d0-d4de-592e-a914-0bf11891d046', 'WIN', 0),
  ('df3b31ab-3dd3-5a29-b4f4-5020af189e85', 'euro-2024', 'euro2024_045', 'tuc', '54f67824-86cf-579f-b692-6ffeb0513d1c', 'WIN', 0),
  ('93897ce5-f0d0-505f-960d-ee83dd734678', 'euro-2024', 'euro2024_045', 'co', '3f817e05-e17e-5a86-97b0-b51c60446773', 'WIN', 0),
  ('4868c30c-fcab-5be2-abd1-580e4dffaa4a', 'euro-2024', 'euro2024_045', 'thuong', '7396396a-5dcf-5c6e-8e6d-54a0615abb8b', 'WIN', 0),
  ('20806ec5-33e3-5c47-9907-b2656afd1538', 'euro-2024', 'euro2024_045', 'tan', 'a084b33e-5142-59e9-a0fe-e85da8c23c41', 'WIN', 0),
  ('20537849-7633-5267-9699-950078e0916d', 'euro-2024', 'euro2024_045', 'long', '7dbad762-59b1-5ab9-ab0c-3967fde1837d', 'WIN', 0),
  ('1dab0bee-9b6c-595a-ba8c-0f7383498a5a', 'euro-2024', 'euro2024_046', 'huy', '5dbb1010-bb90-5656-8dd6-37a2a129d188', 'WIN', 0),
  ('fc67e2a4-6572-5666-9b4b-6b1e1531b2f4', 'euro-2024', 'euro2024_046', 'tien', '4e8a866d-aa77-5001-85a8-84848181f45c', 'LOSE_HALF', 5000),
  ('b5e7a361-269f-50e8-a6d5-14537627be19', 'euro-2024', 'euro2024_046', 'lam', '9264cb4d-8131-57be-87a9-d5afebae20da', 'WIN', 0),
  ('0d453eeb-679c-5049-a3ec-d45ed00d04f6', 'euro-2024', 'euro2024_046', 'tai', 'bf063b31-571f-5a12-bf44-94fd02135f4b', 'LOSE_HALF', 5000),
  ('8983f3b9-8fa1-5aa6-9889-1a164e52f6f5', 'euro-2024', 'euro2024_046', 'tang', '5f344c70-37a0-51b3-9b9e-6d905d289618', 'LOSE_HALF', 5000),
  ('02485de5-ae79-55cb-9616-6d72b6c181da', 'euro-2024', 'euro2024_046', 'tuc', '9db16275-4ff5-5de6-b06a-3b9f088cfa7c', 'WIN', 0),
  ('3746a897-763d-56e9-9adb-65a288989c50', 'euro-2024', 'euro2024_046', 'co', '4bbfde0b-c6fb-53a6-acd5-82fd74d63ca1', 'LOSE', 10000),
  ('fc63c373-927d-598f-a471-5a641c544150', 'euro-2024', 'euro2024_046', 'thuong', '0e17b3c2-29ea-5916-9ab0-d600cf8f9d8a', 'LOSE', 10000),
  ('2a9bb7c7-eeef-5023-bc17-1c72acf953bc', 'euro-2024', 'euro2024_046', 'tan', 'f667c828-6b8b-546d-aab8-ed08318f485c', 'LOSE_HALF', 5000),
  ('9ae779c8-9e78-5181-899e-98d18eff2e92', 'euro-2024', 'euro2024_046', 'long', '7611fccd-7615-582f-921e-1f850eb4e93e', 'LOSE', 10000),
  ('5760977d-5b5b-53a9-a278-598a1ad15383', 'euro-2024', 'euro2024_047', 'huy', '139a5b52-7b66-55c1-b916-3457a1d84e8f', 'WIN', 0),
  ('296c0339-2437-50f2-bea3-49f62332ce51', 'euro-2024', 'euro2024_047', 'tien', 'c5a83c70-eb0d-53f7-9936-3fce916cc124', 'LOSE_HALF', 5000),
  ('e924d5d8-d8e9-5052-a57c-6fd292164854', 'euro-2024', 'euro2024_047', 'lam', '0ee9034a-da97-5c8c-8033-1428d20fa923', 'LOSE_HALF', 5000),
  ('14df05ee-a4d8-59e8-a3b0-1a9836d51136', 'euro-2024', 'euro2024_047', 'tai', '40679576-0e2f-56db-b087-2276b1d040ac', 'LOSE_HALF', 5000),
  ('c7135da1-dc45-58fc-90d5-324882454b27', 'euro-2024', 'euro2024_047', 'tang', '11aa3c00-746b-547b-80e8-ba10f4c71814', 'WIN', 0),
  ('040bc14b-293c-590b-bd18-8299abbcc3fb', 'euro-2024', 'euro2024_047', 'tuc', 'ecb023cb-8daa-532c-bccf-77994dd7c79b', 'LOSE_HALF', 5000),
  ('5eaf9133-3df6-52f9-ab28-27a9071088db', 'euro-2024', 'euro2024_047', 'co', 'bd9b63f9-1a6c-5750-9000-16346d7e02c8', 'LOSE', 10000),
  ('ffca6411-a134-5963-bb55-7536a778435d', 'euro-2024', 'euro2024_047', 'thuong', '4237ef7c-fd12-564b-8d6d-ce158ffd6e64', 'LOSE', 10000),
  ('ca3485d0-6b0d-5298-873f-9ad14be97e08', 'euro-2024', 'euro2024_047', 'tan', 'f7ed097c-9508-5b10-9a43-c942b8c0d4d4', 'LOSE_HALF', 5000),
  ('603fa00b-fbdd-5798-8042-c32545a176a0', 'euro-2024', 'euro2024_047', 'long', 'd2efa4b1-47d9-5a31-9977-e98e03c04e5b', 'LOSE', 10000),
  ('ec98a17f-abe7-5232-9f9a-f3aaaa3fad0b', 'euro-2024', 'euro2024_048', 'huy', '52304fd5-8568-55e2-97e4-24ae199dc640', 'WIN', 0),
  ('2fc152f1-935f-526e-96ba-9baf2ec8597b', 'euro-2024', 'euro2024_048', 'tien', '6f0818fa-39ab-5742-ad1a-e35b4adb88ce', 'WIN', 0),
  ('a102a73c-7a0f-5641-876e-404f7465911a', 'euro-2024', 'euro2024_048', 'lam', '75dc7f86-fb1e-5a7f-b7e6-c05ffa59ced6', 'WIN', 0),
  ('e67fbc83-b4a2-578d-b373-13de6b02a1b0', 'euro-2024', 'euro2024_048', 'tai', 'f4df02d4-8226-5e1d-8628-19af42371835', 'WIN', 0),
  ('df3dd0dd-f1d1-534c-bbe0-9c3727356d83', 'euro-2024', 'euro2024_048', 'tang', 'ca89d01b-7308-57e5-bf2c-c598d31da1ba', 'WIN', 0),
  ('9ed9d05e-a91e-5808-ad68-2714a49ec1ae', 'euro-2024', 'euro2024_048', 'tuc', '566d6f78-ae46-5df1-8254-4dfca91fa051', 'WIN', 0),
  ('859eb7ba-cc04-5a6a-a3cd-04d1c07cea72', 'euro-2024', 'euro2024_048', 'co', '6c4ffea1-9b39-50da-99e1-7cda5b5c04de', 'WIN', 0),
  ('4382d0a8-903b-5c3f-b570-43bdf69b6762', 'euro-2024', 'euro2024_048', 'thuong', '8115b3a7-5683-5a32-af52-7f5cd22e0a2a', 'WIN', 0),
  ('1f1c8133-24bf-5923-98f4-4d9a212eda38', 'euro-2024', 'euro2024_048', 'tan', '36fa0c79-7a57-596a-9801-f28bbac342da', 'WIN', 0),
  ('f3bfdaf8-7252-54bf-bde9-adb51dd07bdc', 'euro-2024', 'euro2024_048', 'long', 'f6981456-e209-59cd-bdd2-92f51b38b600', 'WIN', 0),
  ('6a34de3c-bd3c-5b4e-b05a-333c206f2642', 'euro-2024', 'euro2024_049', 'huy', '9809c902-516f-52b9-a761-80a2658da75f', 'LOSE_DOUBLE', 20000),
  ('886d08aa-f77e-5f2b-bce0-7773b9834e7b', 'euro-2024', 'euro2024_049', 'tien', 'd440fe0e-c54e-59d9-a005-9b1dfe901a90', 'WIN', -10000),
  ('b8bdee73-86c5-5901-aebe-6d0ec318ea90', 'euro-2024', 'euro2024_049', 'lam', 'ffa4f778-16fb-5012-a110-95a63dbf91ce', 'LOSE_DOUBLE', 20000),
  ('db2e2759-aab2-5f0e-8d62-80d3eab83e67', 'euro-2024', 'euro2024_049', 'tai', 'f1351035-da04-5a84-bfd9-0933cedcae51', 'LOSE_DOUBLE', 20000),
  ('b5575b13-37ca-5cdb-941c-ead4b6cc93d0', 'euro-2024', 'euro2024_049', 'tang', '919c2073-7507-59a7-9e55-7eb607a5ddb0', 'WIN', -10000),
  ('2e800b82-63eb-5f73-ba90-e5e1f8f60adc', 'euro-2024', 'euro2024_049', 'tuc', 'd8fa255a-c286-5269-929f-191c6b19fd78', 'WIN', -10000),
  ('f7190439-dace-5f90-a43c-dfc81a9f1361', 'euro-2024', 'euro2024_049', 'co', 'd9968c17-87ab-5ec9-bc14-f16b221e55e0', 'LOSE_DOUBLE', 20000),
  ('f45c449d-6a0b-57dd-b50a-12fa9211a008', 'euro-2024', 'euro2024_049', 'thuong', '2720069d-e73b-5ee5-8078-8075e7bada2f', 'WIN', -10000),
  ('a3ef3487-661f-5e6d-b8d1-29066036b549', 'euro-2024', 'euro2024_049', 'tan', 'ed02a706-9bd3-5f92-a332-391945088006', 'WIN', -10000),
  ('44f77011-e3fb-5cc3-ba54-6ba769d8411f', 'euro-2024', 'euro2024_049', 'long', '7f5de3b1-8cdc-50b2-b39d-8d90a2afa836', 'WIN', -10000),
  ('0b08ef7f-38f6-532f-92b1-aa0e4a7286c0', 'euro-2024', 'euro2024_050', 'huy', '479be754-404f-5ee7-adb6-9045286a3bd4', 'WIN', -10000),
  ('5be92c09-53a3-520d-bbf9-98693202dc8d', 'euro-2024', 'euro2024_050', 'tien', '3335df5f-ccd8-5601-89cc-178f03d63b16', 'LOSE_DOUBLE', 20000),
  ('ec643613-89a6-5f44-a8a6-3432116506fb', 'euro-2024', 'euro2024_050', 'lam', '7b1b7aa5-fd39-5367-b143-c4a2baaf6304', 'WIN', -10000),
  ('6c79c5e0-1392-5900-bdc2-f62b1b0c6245', 'euro-2024', 'euro2024_050', 'tai', '225837c3-2d71-5d9c-9e1b-180bf7342073', 'LOSE_DOUBLE', 20000),
  ('6b8cb311-e3d1-5d2e-91a8-1eca10f39d2b', 'euro-2024', 'euro2024_050', 'tang', 'a863b078-ff8a-5dee-9bf9-0936c57feaf6', 'LOSE_DOUBLE', 20000),
  ('064a35ed-2d45-5cc8-95c4-a382352c05f0', 'euro-2024', 'euro2024_050', 'tuc', '81ef8983-a1c5-5e5f-9599-98880a1d1640', 'LOSE_DOUBLE', 20000),
  ('20da848f-8676-5d2d-9188-87ce65075878', 'euro-2024', 'euro2024_050', 'co', '89cb9c8f-5f91-5dd7-ace0-e785be6869c1', 'LOSE_DOUBLE', 20000),
  ('47d5250b-300e-53a4-b341-97463348da08', 'euro-2024', 'euro2024_050', 'thuong', '5cb868c6-8532-5ec7-b5da-90727855f65d', 'LOSE_DOUBLE', 20000),
  ('7163d8cb-5eb7-5c32-a990-ff4b42dea7e2', 'euro-2024', 'euro2024_050', 'tan', '26ab2aa9-b461-5a07-8375-38c13601027b', 'LOSE_DOUBLE', 20000),
  ('45679b87-721a-5e86-b82d-a1d5e37c8bf4', 'euro-2024', 'euro2024_050', 'long', '3f04cf79-1a37-5aa9-9f2c-216f1966fba3', 'WIN', -10000),
  ('0c81ee9e-7224-5b9d-98c2-325a1929a3a0', 'euro-2024', 'euro2024_051', 'huy', 'd88421c1-57c3-5f18-aef4-f7defdc411c8', 'WIN', -10000),
  ('bdf9e429-470b-58a6-a5b0-ad81235d182e', 'euro-2024', 'euro2024_051', 'tien', '22d983d3-ba5c-5650-af7a-eb6ef5c4e3c3', 'WIN', -10000),
  ('12a780ff-a9fc-5ff9-b38b-71e65099b3ca', 'euro-2024', 'euro2024_051', 'lam', 'd937a461-1ad2-5586-9c8b-7feb897217b3', 'LOSE_DOUBLE', 20000),
  ('bac10e32-8934-5135-ae79-165dbc9c152a', 'euro-2024', 'euro2024_051', 'tai', 'bcf8fc45-9d68-5db4-b04e-5957101adb26', 'LOSE_DOUBLE', 20000),
  ('3c465d62-63e4-52a3-8669-f9d7d182f8cb', 'euro-2024', 'euro2024_051', 'tang', '9940f41d-1f46-5a7a-83e7-2c9181f94b0e', 'WIN', -10000),
  ('099338e3-f4f9-5cb4-a0f1-b7eee147538f', 'euro-2024', 'euro2024_051', 'tuc', '4229548f-8283-533d-a3cd-4c452c26d45e', 'LOSE_DOUBLE', 20000),
  ('bc0def46-410b-5405-aea6-64e7aa204aa7', 'euro-2024', 'euro2024_051', 'co', '89bc76ba-ba9c-5a64-9c51-2881337b7575', 'LOSE_DOUBLE', 20000),
  ('7a7b43a7-42a8-5e58-b9a3-402c7e8f10cb', 'euro-2024', 'euro2024_051', 'thuong', '19227cf9-0aa7-569a-990f-0b19f78e7172', 'LOSE_DOUBLE', 20000),
  ('1029ef41-1164-517a-a796-91309a61b27a', 'euro-2024', 'euro2024_051', 'tan', 'eb9f00ef-7516-575a-8536-0b3b8d97cacd', 'WIN', -10000),
  ('460a0ef8-57b6-5c6f-8f7a-d0e93e5b6c3f', 'euro-2024', 'euro2024_051', 'long', '87edbf12-85db-58d7-be5a-ffbc7b231a4f', 'LOSE_DOUBLE', 20000)
on conflict (prediction_id) do update set
  competition_id = excluded.competition_id,
  match_id = excluded.match_id,
  player_id = excluded.player_id,
  status = excluded.status,
  penalty_vnd = excluded.penalty_vnd,
  settled_at = now();

commit;

-- Warnings:
-- - fixed typo row 43 match 33 player Tài: Slovenia -> Slovakia
-- - skip empty match row 62 no=52
-- - skip empty match row 63 no=53
-- - skip empty match row 64 no=54
-- - skip empty match row 65 no=55
-- - skip empty match row 66 no=56
-- - skip empty match row 67 no=57
-- - skip empty match row 68 no=58
-- - skip empty match row 69 no=59
-- - skip empty match row 70 no=60
-- - skip empty match row 71 no=61
-- - skip empty match row 72 no=62
-- - skip empty match row 73 no=63
-- - skip empty match row 74 no=64