-- Archive import for World Cup 2022. Generated by scripts/generate_archive_import.py
-- Run after supabase/schema.sql and supabase/seed_players.sql.

begin;

insert into public.competitions (id, name, year, status) values
  ('worldcup-2022', 'World Cup 2022', 2022, 'archived')
on conflict (id) do update set name = excluded.name, year = excluded.year, status = excluded.status;

insert into public.matches (id, external_id, competition_id, league, home_team, away_team, home_logo, away_logo, handicap, handicap_is_manual, kickoff_at, display_time, display_date, stadium, status, home_goals, away_goals, home_scorers, away_scorers, live_time_text, is_hot, last_synced_at, odds_updated_at, match_type, match_group) values
  ('wc2022_001', 'wc2022_1', 'worldcup-2022', 'WORLD CUP', 'Qatar', 'Ecuador', 'https://flagcdn.com/qa.svg', 'https://flagcdn.com/ec.svg', 0.25, true, '2022-11-20T23:00:00+07:00', '23:00', '20 Nov 2022', 'World Cup 2022', 'FINISHED', 0, 2, '{}', '{}', null, false, now(), null, 'group', 'A'),
  ('wc2022_002', 'wc2022_2', 'worldcup-2022', 'WORLD CUP', 'Senegal', 'Netherlands', 'https://flagcdn.com/sn.svg', 'https://flagcdn.com/nl.svg', 1.0, true, '2022-11-21T23:00:00+07:00', '23:00', '21 Nov 2022', 'World Cup 2022', 'FINISHED', 0, 2, '{}', '{}', null, false, now(), null, 'group', 'A'),
  ('wc2022_003', 'wc2022_3', 'worldcup-2022', 'WORLD CUP', 'England', 'Iran', 'https://flagcdn.com/gb-eng.svg', 'https://flagcdn.com/ir.svg', -1.25, true, '2022-11-21T20:00:00+07:00', '20:00', '21 Nov 2022', 'World Cup 2022', 'FINISHED', 6, 2, '{}', '{}', null, false, now(), null, 'group', 'B'),
  ('wc2022_004', 'wc2022_4', 'worldcup-2022', 'WORLD CUP', 'United States', 'Wales', 'https://flagcdn.com/us.svg', 'https://flagcdn.com/gb-wls.svg', -0.25, true, '2022-11-22T02:00:00+07:00', '02:00', '22 Nov 2022', 'World Cup 2022', 'FINISHED', 1, 1, '{}', '{}', null, false, now(), null, 'group', 'B'),
  ('wc2022_005', 'wc2022_5', 'worldcup-2022', 'WORLD CUP', 'Argentina', 'Saudi Arabia', 'https://flagcdn.com/ar.svg', 'https://flagcdn.com/sa.svg', -2.25, true, '2022-11-22T17:00:00+07:00', '17:00', '22 Nov 2022', 'World Cup 2022', 'FINISHED', 1, 2, '{}', '{}', null, false, now(), null, 'group', 'C'),
  ('wc2022_006', 'wc2022_6', 'worldcup-2022', 'WORLD CUP', 'Denmark', 'Tunisia', 'https://flagcdn.com/dk.svg', 'https://flagcdn.com/tn.svg', -0.75, true, '2022-11-22T20:00:00+07:00', '20:00', '22 Nov 2022', 'World Cup 2022', 'FINISHED', 0, 0, '{}', '{}', null, false, now(), null, 'group', 'D'),
  ('wc2022_007', 'wc2022_7', 'worldcup-2022', 'WORLD CUP', 'Mexico', 'Poland', 'https://flagcdn.com/mx.svg', 'https://flagcdn.com/pl.svg', 0.0, true, '2022-11-22T23:00:00+07:00', '23:00', '22 Nov 2022', 'World Cup 2022', 'FINISHED', 0, 0, '{}', '{}', null, false, now(), null, 'group', 'C'),
  ('wc2022_008', 'wc2022_8', 'worldcup-2022', 'WORLD CUP', 'France', 'Australia', 'https://flagcdn.com/fr.svg', 'https://flagcdn.com/au.svg', -1.75, true, '2022-11-23T02:00:00+07:00', '02:00', '23 Nov 2022', 'World Cup 2022', 'FINISHED', 4, 1, '{}', '{}', null, false, now(), null, 'group', 'D'),
  ('wc2022_009', 'wc2022_9', 'worldcup-2022', 'WORLD CUP', 'Morocco', 'Croatia', 'https://flagcdn.com/ma.svg', 'https://flagcdn.com/hr.svg', 0.25, true, '2022-11-23T17:00:00+07:00', '17:00', '23 Nov 2022', 'World Cup 2022', 'FINISHED', 0, 0, '{}', '{}', null, false, now(), null, 'group', 'F'),
  ('wc2022_010', 'wc2022_10', 'worldcup-2022', 'WORLD CUP', 'Germany', 'Japan', 'https://flagcdn.com/de.svg', 'https://flagcdn.com/jp.svg', -1.25, true, '2022-11-23T20:00:00+07:00', '20:00', '23 Nov 2022', 'World Cup 2022', 'FINISHED', 1, 2, '{}', '{}', null, false, now(), null, 'group', 'E'),
  ('wc2022_011', 'wc2022_11', 'worldcup-2022', 'WORLD CUP', 'Spain', 'Costa Rica', 'https://flagcdn.com/es.svg', 'https://flagcdn.com/cr.svg', -2.0, true, '2022-11-23T23:00:00+07:00', '23:00', '23 Nov 2022', 'World Cup 2022', 'FINISHED', 7, 0, '{}', '{}', null, false, now(), null, 'group', 'E'),
  ('wc2022_012', 'wc2022_12', 'worldcup-2022', 'WORLD CUP', 'Belgium', 'Canada', 'https://flagcdn.com/be.svg', 'https://flagcdn.com/ca.svg', -1.0, true, '2022-11-24T02:00:00+07:00', '02:00', '24 Nov 2022', 'World Cup 2022', 'FINISHED', 1, 0, '{}', '{}', null, false, now(), null, 'group', 'F'),
  ('wc2022_013', 'wc2022_13', 'worldcup-2022', 'WORLD CUP', 'Switzerland', 'Cameroon', 'https://flagcdn.com/ch.svg', 'https://flagcdn.com/cm.svg', -0.75, true, '2022-11-24T17:00:00+07:00', '17:00', '24 Nov 2022', 'World Cup 2022', 'FINISHED', 1, 0, '{}', '{}', null, false, now(), null, 'group', 'G'),
  ('wc2022_014', 'wc2022_14', 'worldcup-2022', 'WORLD CUP', 'Uruguay', 'South Korea', 'https://flagcdn.com/uy.svg', 'https://flagcdn.com/kr.svg', -0.75, true, '2022-11-24T20:00:00+07:00', '20:00', '24 Nov 2022', 'World Cup 2022', 'FINISHED', 0, 0, '{}', '{}', null, false, now(), null, 'group', 'H'),
  ('wc2022_015', 'wc2022_15', 'worldcup-2022', 'WORLD CUP', 'Portugal', 'Ghana', 'https://flagcdn.com/pt.svg', 'https://flagcdn.com/gh.svg', -1.25, true, '2022-11-24T23:00:00+07:00', '23:00', '24 Nov 2022', 'World Cup 2022', 'FINISHED', 3, 2, '{}', '{}', null, false, now(), null, 'group', 'H'),
  ('wc2022_016', 'wc2022_16', 'worldcup-2022', 'WORLD CUP', 'Brazil', 'Serbia', 'https://flagcdn.com/br.svg', 'https://flagcdn.com/rs.svg', -1.25, true, '2022-11-25T02:00:00+07:00', '02:00', '25 Nov 2022', 'World Cup 2022', 'FINISHED', 2, 0, '{}', '{}', null, false, now(), null, 'group', 'G'),
  ('wc2022_017', 'wc2022_17', 'worldcup-2022', 'WORLD CUP', 'Wales', 'Iran', 'https://flagcdn.com/gb-wls.svg', 'https://flagcdn.com/ir.svg', -0.25, true, '2022-11-25T17:00:00+07:00', '17:00', '25 Nov 2022', 'World Cup 2022', 'FINISHED', 0, 2, '{}', '{}', null, false, now(), null, 'group', 'B'),
  ('wc2022_018', 'wc2022_18', 'worldcup-2022', 'WORLD CUP', 'Qatar', 'Senegal', 'https://flagcdn.com/qa.svg', 'https://flagcdn.com/sn.svg', 0.75, true, '2022-11-25T20:00:00+07:00', '20:00', '25 Nov 2022', 'World Cup 2022', 'FINISHED', 1, 3, '{}', '{}', null, false, now(), null, 'group', 'A'),
  ('wc2022_019', 'wc2022_19', 'worldcup-2022', 'WORLD CUP', 'Netherlands', 'Ecuador', 'https://flagcdn.com/nl.svg', 'https://flagcdn.com/ec.svg', -0.75, true, '2022-11-25T23:00:00+07:00', '23:00', '25 Nov 2022', 'World Cup 2022', 'FINISHED', 1, 1, '{}', '{}', null, false, now(), null, 'group', 'A'),
  ('wc2022_020', 'wc2022_20', 'worldcup-2022', 'WORLD CUP', 'England', 'United States', 'https://flagcdn.com/gb-eng.svg', 'https://flagcdn.com/us.svg', -1.0, true, '2022-11-26T02:00:00+07:00', '02:00', '26 Nov 2022', 'World Cup 2022', 'FINISHED', 0, 0, '{}', '{}', null, false, now(), null, 'group', 'B'),
  ('wc2022_021', 'wc2022_21', 'worldcup-2022', 'WORLD CUP', 'Tunisia', 'Australia', 'https://flagcdn.com/tn.svg', 'https://flagcdn.com/au.svg', -0.25, true, '2022-11-26T17:00:00+07:00', '17:00', '26 Nov 2022', 'World Cup 2022', 'FINISHED', 0, 1, '{}', '{}', null, false, now(), null, 'group', 'D'),
  ('wc2022_022', 'wc2022_22', 'worldcup-2022', 'WORLD CUP', 'Poland', 'Saudi Arabia', 'https://flagcdn.com/pl.svg', 'https://flagcdn.com/sa.svg', -0.75, true, '2022-11-26T20:00:00+07:00', '20:00', '26 Nov 2022', 'World Cup 2022', 'FINISHED', 2, 0, '{}', '{}', null, false, now(), null, 'group', 'C'),
  ('wc2022_023', 'wc2022_23', 'worldcup-2022', 'WORLD CUP', 'France', 'Denmark', 'https://flagcdn.com/fr.svg', 'https://flagcdn.com/dk.svg', -0.75, true, '2022-11-26T23:00:00+07:00', '23:00', '26 Nov 2022', 'World Cup 2022', 'FINISHED', 2, 1, '{}', '{}', null, false, now(), null, 'group', 'D'),
  ('wc2022_024', 'wc2022_24', 'worldcup-2022', 'WORLD CUP', 'Argentina', 'Mexico', 'https://flagcdn.com/ar.svg', 'https://flagcdn.com/mx.svg', -1.0, true, '2022-11-27T02:00:00+07:00', '02:00', '27 Nov 2022', 'World Cup 2022', 'FINISHED', 2, 0, '{}', '{}', null, false, now(), null, 'group', 'C'),
  ('wc2022_025', 'wc2022_25', 'worldcup-2022', 'WORLD CUP', 'Japan', 'Costa Rica', 'https://flagcdn.com/jp.svg', 'https://flagcdn.com/cr.svg', -1.25, true, '2022-11-27T17:00:00+07:00', '17:00', '27 Nov 2022', 'World Cup 2022', 'FINISHED', 0, 1, '{}', '{}', null, false, now(), null, 'group', 'E'),
  ('wc2022_026', 'wc2022_26', 'worldcup-2022', 'WORLD CUP', 'Belgium', 'Morocco', 'https://flagcdn.com/be.svg', 'https://flagcdn.com/ma.svg', -0.5, true, '2022-11-27T20:00:00+07:00', '20:00', '27 Nov 2022', 'World Cup 2022', 'FINISHED', 0, 2, '{}', '{}', null, false, now(), null, 'group', 'F'),
  ('wc2022_027', 'wc2022_27', 'worldcup-2022', 'WORLD CUP', 'Croatia', 'Canada', 'https://flagcdn.com/hr.svg', 'https://flagcdn.com/ca.svg', -0.25, true, '2022-11-27T23:00:00+07:00', '23:00', '27 Nov 2022', 'World Cup 2022', 'FINISHED', 4, 1, '{}', '{}', null, false, now(), null, 'group', 'F'),
  ('wc2022_028', 'wc2022_28', 'worldcup-2022', 'WORLD CUP', 'Spain', 'Germany', 'https://flagcdn.com/es.svg', 'https://flagcdn.com/de.svg', -0.25, true, '2022-11-28T02:00:00+07:00', '02:00', '28 Nov 2022', 'World Cup 2022', 'FINISHED', 1, 1, '{}', '{}', null, false, now(), null, 'group', 'E'),
  ('wc2022_029', 'wc2022_29', 'worldcup-2022', 'WORLD CUP', 'Cameroon', 'Serbia', 'https://flagcdn.com/cm.svg', 'https://flagcdn.com/rs.svg', 0.75, true, '2022-11-28T17:00:00+07:00', '17:00', '28 Nov 2022', 'World Cup 2022', 'FINISHED', 3, 3, '{}', '{}', null, false, now(), null, 'group', 'G'),
  ('wc2022_030', 'wc2022_30', 'worldcup-2022', 'WORLD CUP', 'South Korea', 'Ghana', 'https://flagcdn.com/kr.svg', 'https://flagcdn.com/gh.svg', 0.0, true, '2022-11-28T20:00:00+07:00', '20:00', '28 Nov 2022', 'World Cup 2022', 'FINISHED', 2, 3, '{}', '{}', null, false, now(), null, 'group', 'H'),
  ('wc2022_031', 'wc2022_31', 'worldcup-2022', 'WORLD CUP', 'Brazil', 'Switzerland', 'https://flagcdn.com/br.svg', 'https://flagcdn.com/ch.svg', -1.25, true, '2022-11-28T23:00:00+07:00', '23:00', '28 Nov 2022', 'World Cup 2022', 'FINISHED', 1, 0, '{}', '{}', null, false, now(), null, 'group', 'G'),
  ('wc2022_032', 'wc2022_32', 'worldcup-2022', 'WORLD CUP', 'Portugal', 'Uruguay', 'https://flagcdn.com/pt.svg', 'https://flagcdn.com/uy.svg', -0.5, true, '2022-11-29T02:00:00+07:00', '02:00', '29 Nov 2022', 'World Cup 2022', 'FINISHED', 2, 0, '{}', '{}', null, false, now(), null, 'group', 'H'),
  ('wc2022_033', 'wc2022_33', 'worldcup-2022', 'WORLD CUP', 'Ecuador', 'Senegal', 'https://flagcdn.com/ec.svg', 'https://flagcdn.com/sn.svg', -0.25, true, '2022-11-29T22:00:00+07:00', '22:00', '29 Nov 2022', 'World Cup 2022', 'FINISHED', 1, 2, '{}', '{}', null, false, now(), null, 'group', 'A'),
  ('wc2022_034', 'wc2022_34', 'worldcup-2022', 'WORLD CUP', 'Netherlands', 'Qatar', 'https://flagcdn.com/nl.svg', 'https://flagcdn.com/qa.svg', -1.75, true, '2022-11-29T22:00:00+07:00', '22:00', '29 Nov 2022', 'World Cup 2022', 'FINISHED', 2, 0, '{}', '{}', null, false, now(), null, 'group', 'A'),
  ('wc2022_035', 'wc2022_35', 'worldcup-2022', 'WORLD CUP', 'Wales', 'England', 'https://flagcdn.com/gb-wls.svg', 'https://flagcdn.com/gb-eng.svg', 1.25, true, '2022-11-30T02:00:00+07:00', '02:00', '30 Nov 2022', 'World Cup 2022', 'FINISHED', 0, 3, '{}', '{}', null, false, now(), null, 'group', 'B'),
  ('wc2022_036', 'wc2022_36', 'worldcup-2022', 'WORLD CUP', 'Iran', 'United States', 'https://flagcdn.com/ir.svg', 'https://flagcdn.com/us.svg', 0.5, true, '2022-11-30T02:00:00+07:00', '02:00', '30 Nov 2022', 'World Cup 2022', 'FINISHED', 0, 1, '{}', '{}', null, false, now(), null, 'group', 'B'),
  ('wc2022_037', 'wc2022_37', 'worldcup-2022', 'WORLD CUP', 'Australia', 'Denmark', 'https://flagcdn.com/au.svg', 'https://flagcdn.com/dk.svg', 1.0, true, '2022-11-30T22:00:00+07:00', '22:00', '30 Nov 2022', 'World Cup 2022', 'FINISHED', 1, 0, '{}', '{}', null, false, now(), null, 'group', 'D'),
  ('wc2022_038', 'wc2022_38', 'worldcup-2022', 'WORLD CUP', 'Tunisia', 'France', 'https://flagcdn.com/tn.svg', 'https://flagcdn.com/fr.svg', 1.25, true, '2022-11-30T22:00:00+07:00', '22:00', '30 Nov 2022', 'World Cup 2022', 'FINISHED', 1, 0, '{}', '{}', null, false, now(), null, 'group', 'D'),
  ('wc2022_039', 'wc2022_39', 'worldcup-2022', 'WORLD CUP', 'Poland', 'Argentina', 'https://flagcdn.com/pl.svg', 'https://flagcdn.com/ar.svg', 1.0, true, '2022-12-01T02:00:00+07:00', '02:00', '1 Dec 2022', 'World Cup 2022', 'FINISHED', 0, 2, '{}', '{}', null, false, now(), null, 'group', 'C'),
  ('wc2022_040', 'wc2022_40', 'worldcup-2022', 'WORLD CUP', 'Saudi Arabia', 'Mexico', 'https://flagcdn.com/sa.svg', 'https://flagcdn.com/mx.svg', 0.75, true, '2022-12-01T02:00:00+07:00', '02:00', '1 Dec 2022', 'World Cup 2022', 'FINISHED', 1, 2, '{}', '{}', null, false, now(), null, 'group', 'C'),
  ('wc2022_041', 'wc2022_41', 'worldcup-2022', 'WORLD CUP', 'Croatia', 'Belgium', 'https://flagcdn.com/hr.svg', 'https://flagcdn.com/be.svg', 0.0, true, '2022-12-01T22:00:00+07:00', '22:00', '1 Dec 2022', 'World Cup 2022', 'FINISHED', 0, 0, '{}', '{}', null, false, now(), null, 'group', 'F'),
  ('wc2022_042', 'wc2022_42', 'worldcup-2022', 'WORLD CUP', 'Canada', 'Morocco', 'https://flagcdn.com/ca.svg', 'https://flagcdn.com/ma.svg', 0.5, true, '2022-12-01T22:00:00+07:00', '22:00', '1 Dec 2022', 'World Cup 2022', 'FINISHED', 1, 2, '{}', '{}', null, false, now(), null, 'group', 'F'),
  ('wc2022_043', 'wc2022_43', 'worldcup-2022', 'WORLD CUP', 'Japan', 'Spain', 'https://flagcdn.com/jp.svg', 'https://flagcdn.com/es.svg', 1.25, true, '2022-12-02T02:00:00+07:00', '02:00', '2 Dec 2022', 'World Cup 2022', 'FINISHED', 2, 1, '{}', '{}', null, false, now(), null, 'group', 'E'),
  ('wc2022_044', 'wc2022_44', 'worldcup-2022', 'WORLD CUP', 'Costa Rica', 'Germany', 'https://flagcdn.com/cr.svg', 'https://flagcdn.com/de.svg', 2.75, true, '2022-12-02T02:00:00+07:00', '02:00', '2 Dec 2022', 'World Cup 2022', 'FINISHED', 2, 4, '{}', '{}', null, false, now(), null, 'group', 'E'),
  ('wc2022_045', 'wc2022_45', 'worldcup-2022', 'WORLD CUP', 'Ghana', 'Uruguay', 'https://flagcdn.com/gh.svg', 'https://flagcdn.com/uy.svg', 0.75, true, '2022-12-02T22:00:00+07:00', '22:00', '2 Dec 2022', 'World Cup 2022', 'FINISHED', 0, 2, '{}', '{}', null, false, now(), null, 'group', 'H'),
  ('wc2022_046', 'wc2022_46', 'worldcup-2022', 'WORLD CUP', 'South Korea', 'Portugal', 'https://flagcdn.com/kr.svg', 'https://flagcdn.com/pt.svg', 0.75, true, '2022-12-02T22:00:00+07:00', '22:00', '2 Dec 2022', 'World Cup 2022', 'FINISHED', 2, 1, '{}', '{}', null, false, now(), null, 'group', 'H'),
  ('wc2022_047', 'wc2022_47', 'worldcup-2022', 'WORLD CUP', 'Serbia', 'Switzerland', 'https://flagcdn.com/rs.svg', 'https://flagcdn.com/ch.svg', 0.0, true, '2022-12-03T02:00:00+07:00', '02:00', '3 Dec 2022', 'World Cup 2022', 'FINISHED', 2, 3, '{}', '{}', null, false, now(), null, 'group', 'G'),
  ('wc2022_048', 'wc2022_48', 'worldcup-2022', 'WORLD CUP', 'Cameroon', 'Brazil', 'https://flagcdn.com/cm.svg', 'https://flagcdn.com/br.svg', 1.25, true, '2022-12-03T02:00:00+07:00', '02:00', '3 Dec 2022', 'World Cup 2022', 'FINISHED', 1, 0, '{}', '{}', null, false, now(), null, 'group', 'G'),
  ('wc2022_049', 'wc2022_49', 'worldcup-2022', 'WORLD CUP', 'Netherlands', 'United States', 'https://flagcdn.com/nl.svg', 'https://flagcdn.com/us.svg', -0.75, true, '2022-12-03T22:00:00+07:00', '22:00', '3 Dec 2022', 'World Cup 2022', 'FINISHED', 3, 1, '{}', '{}', null, false, now(), null, 'r16', null),
  ('wc2022_050', 'wc2022_50', 'worldcup-2022', 'WORLD CUP', 'Argentina', 'Australia', 'https://flagcdn.com/ar.svg', 'https://flagcdn.com/au.svg', -1.75, true, '2022-12-04T02:00:00+07:00', '02:00', '4 Dec 2022', 'World Cup 2022', 'FINISHED', 2, 1, '{}', '{}', null, false, now(), null, 'r16', null),
  ('wc2022_051', 'wc2022_51', 'worldcup-2022', 'WORLD CUP', 'France', 'Poland', 'https://flagcdn.com/fr.svg', 'https://flagcdn.com/pl.svg', -1.5, true, '2022-12-04T22:00:00+07:00', '22:00', '4 Dec 2022', 'World Cup 2022', 'FINISHED', 3, 1, '{}', '{}', null, false, now(), null, 'r16', null),
  ('wc2022_052', 'wc2022_52', 'worldcup-2022', 'WORLD CUP', 'England', 'Senegal', 'https://flagcdn.com/gb-eng.svg', 'https://flagcdn.com/sn.svg', -1.0, true, '2022-12-05T02:00:00+07:00', '02:00', '5 Dec 2022', 'World Cup 2022', 'FINISHED', 3, 0, '{}', '{}', null, false, now(), null, 'r16', null),
  ('wc2022_053', 'wc2022_53', 'worldcup-2022', 'WORLD CUP', 'Japan', 'Croatia', 'https://flagcdn.com/jp.svg', 'https://flagcdn.com/hr.svg', 0.5, true, '2022-12-05T22:00:00+07:00', '22:00', '5 Dec 2022', 'World Cup 2022', 'FINISHED', 1, 1, '{}', '{}', null, false, now(), null, 'r16', null),
  ('wc2022_054', 'wc2022_54', 'worldcup-2022', 'WORLD CUP', 'Brazil', 'South Korea', 'https://flagcdn.com/br.svg', 'https://flagcdn.com/kr.svg', -1.75, true, '2022-12-06T02:00:00+07:00', '02:00', '6 Dec 2022', 'World Cup 2022', 'FINISHED', 4, 1, '{}', '{}', null, false, now(), null, 'r16', null),
  ('wc2022_055', 'wc2022_55', 'worldcup-2022', 'WORLD CUP', 'Morocco', 'Spain', 'https://flagcdn.com/ma.svg', 'https://flagcdn.com/es.svg', 1.0, true, '2022-12-06T22:00:00+07:00', '22:00', '6 Dec 2022', 'World Cup 2022', 'FINISHED', 0, 0, '{}', '{}', null, false, now(), null, 'r16', null),
  ('wc2022_056', 'wc2022_56', 'worldcup-2022', 'WORLD CUP', 'Portugal', 'Switzerland', 'https://flagcdn.com/pt.svg', 'https://flagcdn.com/ch.svg', -0.5, true, '2022-12-07T02:00:00+07:00', '02:00', '7 Dec 2022', 'World Cup 2022', 'FINISHED', 6, 1, '{}', '{}', null, false, now(), null, 'r16', null),
  ('wc2022_057', 'wc2022_57', 'worldcup-2022', 'WORLD CUP', 'Croatia', 'Brazil', 'https://flagcdn.com/hr.svg', 'https://flagcdn.com/br.svg', 1.25, true, '2022-12-09T22:00:00+07:00', '22:00', '9 Dec 2022', 'World Cup 2022', 'FINISHED', 1, 1, '{}', '{}', null, false, now(), null, 'qf', null),
  ('wc2022_058', 'wc2022_58', 'worldcup-2022', 'WORLD CUP', 'Netherlands', 'Argentina', 'https://flagcdn.com/nl.svg', 'https://flagcdn.com/ar.svg', 0.25, true, '2022-12-10T02:00:00+07:00', '02:00', '10 Dec 2022', 'World Cup 2022', 'FINISHED', 2, 2, '{}', '{}', null, false, now(), null, 'qf', null),
  ('wc2022_059', 'wc2022_59', 'worldcup-2022', 'WORLD CUP', 'Morocco', 'Portugal', 'https://flagcdn.com/ma.svg', 'https://flagcdn.com/pt.svg', 0.75, true, '2022-12-10T22:00:00+07:00', '22:00', '10 Dec 2022', 'World Cup 2022', 'FINISHED', 1, 0, '{}', '{}', null, false, now(), null, 'qf', null),
  ('wc2022_060', 'wc2022_60', 'worldcup-2022', 'WORLD CUP', 'England', 'France', 'https://flagcdn.com/gb-eng.svg', 'https://flagcdn.com/fr.svg', 0.0, true, '2022-12-11T02:00:00+07:00', '02:00', '11 Dec 2022', 'World Cup 2022', 'FINISHED', 1, 2, '{}', '{}', null, false, now(), null, 'qf', null),
  ('wc2022_061', 'wc2022_61', 'worldcup-2022', 'WORLD CUP', 'Argentina', 'Croatia', 'https://flagcdn.com/ar.svg', 'https://flagcdn.com/hr.svg', -0.5, true, '2022-12-13T02:00:00+07:00', '02:00', '13 Dec 2022', 'World Cup 2022', 'FINISHED', 3, 0, '{}', '{}', null, false, now(), null, 'sf', null),
  ('wc2022_062', 'wc2022_62', 'worldcup-2022', 'WORLD CUP', 'France', 'Morocco', 'https://flagcdn.com/fr.svg', 'https://flagcdn.com/ma.svg', -1.0, true, '2022-12-14T02:00:00+07:00', '02:00', '14 Dec 2022', 'World Cup 2022', 'FINISHED', 2, 0, '{}', '{}', null, false, now(), null, 'sf', null),
  ('wc2022_063', 'wc2022_63', 'worldcup-2022', 'WORLD CUP', 'Croatia', 'Morocco', 'https://flagcdn.com/hr.svg', 'https://flagcdn.com/ma.svg', -0.25, true, '2022-12-17T22:00:00+07:00', '22:00', '17 Dec 2022', 'World Cup 2022', 'FINISHED', 2, 1, '{}', '{}', null, false, now(), null, '3rd', null),
  ('wc2022_064', 'wc2022_64', 'worldcup-2022', 'WORLD CUP', 'Argentina', 'France', 'https://flagcdn.com/ar.svg', 'https://flagcdn.com/fr.svg', 0.0, true, '2022-12-18T22:00:00+07:00', '22:00', '18 Dec 2022', 'World Cup 2022', 'FINISHED', 3, 3, '{}', '{}', null, false, now(), null, 'group', 'F')
on conflict (id) do update set
  external_id = excluded.external_id,
  competition_id = excluded.competition_id,
  league = excluded.league,
  home_team = excluded.home_team,
  away_team = excluded.away_team,
  home_logo = excluded.home_logo,
  away_logo = excluded.away_logo,
  handicap = excluded.handicap,
  handicap_is_manual = excluded.handicap_is_manual,
  kickoff_at = excluded.kickoff_at,
  display_time = excluded.display_time,
  display_date = excluded.display_date,
  stadium = excluded.stadium,
  status = excluded.status,
  home_goals = excluded.home_goals,
  away_goals = excluded.away_goals,
  home_scorers = excluded.home_scorers,
  away_scorers = excluded.away_scorers,
  live_time_text = excluded.live_time_text,
  is_hot = excluded.is_hot,
  last_synced_at = excluded.last_synced_at,
  odds_updated_at = excluded.odds_updated_at,
  match_type = excluded.match_type,
  match_group = excluded.match_group;

insert into public.predictions (id, competition_id, match_id, player_id, choice, hope_star) values
  ('3b6c2a25-f9bd-5374-abf7-6a32f23862b0', 'worldcup-2022', 'wc2022_001', 'huy', 'AWAY', false),
  ('cdd4b65e-f8fc-526b-aa1e-42112017e03d', 'worldcup-2022', 'wc2022_001', 'tien', 'AWAY', false),
  ('813064f7-190f-5854-a938-81ebcf5a7843', 'worldcup-2022', 'wc2022_001', 'lam', 'HOME', false),
  ('b5f799de-be91-52f8-a73e-3a366b384e9c', 'worldcup-2022', 'wc2022_001', 'tai', 'AWAY', false),
  ('c82874ef-f9cb-5cda-907b-43d41eebbe3b', 'worldcup-2022', 'wc2022_001', 'tang', 'HOME', false),
  ('94bec75e-8bdf-5c57-9c7b-130f8cf0026e', 'worldcup-2022', 'wc2022_001', 'tuc', 'AWAY', false),
  ('6ee0dd2e-6832-5a7c-9a69-a8b6d6e9be03', 'worldcup-2022', 'wc2022_001', 'co', 'HOME', false),
  ('114adf45-ee6d-54d3-8fa0-d99744b24382', 'worldcup-2022', 'wc2022_001', 'thuong', 'HOME', false),
  ('fd9d61c3-b6a9-5176-9e18-a936ae3e83d1', 'worldcup-2022', 'wc2022_001', 'tan', 'HOME', false),
  ('9a979644-12b7-535a-a722-da0208d3f832', 'worldcup-2022', 'wc2022_002', 'huy', 'AWAY', false),
  ('44a25acc-d9bb-5a56-9b5b-34260117dbfc', 'worldcup-2022', 'wc2022_002', 'tien', 'AWAY', false),
  ('cef7f763-3c2b-51bb-b0b7-0dada04b89f2', 'worldcup-2022', 'wc2022_002', 'lam', 'HOME', false),
  ('f4d8ea29-64bd-5f33-a5dc-7bfec02142e3', 'worldcup-2022', 'wc2022_002', 'tai', 'AWAY', false),
  ('17ddd1dd-4fbd-5bd0-baea-97916f7119a6', 'worldcup-2022', 'wc2022_002', 'tang', 'AWAY', false),
  ('60901bf9-2307-59f9-9b35-e4fa31067478', 'worldcup-2022', 'wc2022_002', 'tuc', 'AWAY', false),
  ('5b7b96a9-eb34-5631-bd82-aebd15134d98', 'worldcup-2022', 'wc2022_002', 'co', 'AWAY', false),
  ('263fac3b-2021-5c68-bf85-44b1b9fc1132', 'worldcup-2022', 'wc2022_002', 'thuong', 'HOME', false),
  ('c9f2993d-04f3-5f97-a13c-91046479b76a', 'worldcup-2022', 'wc2022_002', 'tan', 'AWAY', false),
  ('9ed1926a-778c-5aa2-ac2a-b99484cd962a', 'worldcup-2022', 'wc2022_003', 'huy', 'HOME', false),
  ('ffabfced-231e-5efb-9640-2b02ef36ed89', 'worldcup-2022', 'wc2022_003', 'tien', 'HOME', false),
  ('d0481e77-33cb-5e04-9a12-5d2e5fd73c8f', 'worldcup-2022', 'wc2022_003', 'lam', 'HOME', false),
  ('bd472fef-a638-516f-b537-c8a16078d1b3', 'worldcup-2022', 'wc2022_003', 'tai', 'HOME', false),
  ('c30eb836-23df-515a-8e84-ce2b41f3dba6', 'worldcup-2022', 'wc2022_003', 'tang', 'HOME', false),
  ('f3fe82c5-e83a-5255-adca-1608e4949392', 'worldcup-2022', 'wc2022_003', 'tuc', 'AWAY', false),
  ('36c80b5f-015b-59be-97c1-63780e030b64', 'worldcup-2022', 'wc2022_003', 'co', 'HOME', false),
  ('ddd222cd-a3ab-5340-a2f0-c0cbf9a83d56', 'worldcup-2022', 'wc2022_003', 'thuong', 'HOME', false),
  ('b9b9b66f-f84a-5377-bfe7-7eef77bf271c', 'worldcup-2022', 'wc2022_003', 'tan', 'HOME', false),
  ('450cf307-2082-5141-8ca7-6ff9587d13f8', 'worldcup-2022', 'wc2022_004', 'huy', 'HOME', false),
  ('8eb5e26b-c977-5d00-9469-309a4f739558', 'worldcup-2022', 'wc2022_004', 'tien', 'AWAY', false),
  ('5309da17-3347-545c-8bc8-a9bbae3f46bd', 'worldcup-2022', 'wc2022_004', 'lam', 'AWAY', false),
  ('b95d64b1-1054-59cf-9894-01f2a965b274', 'worldcup-2022', 'wc2022_004', 'tai', 'HOME', false),
  ('70b7edf6-07a0-5a92-87ba-613a91a64094', 'worldcup-2022', 'wc2022_004', 'tang', 'AWAY', false),
  ('f9760529-8c33-52c0-bd07-fe3ce82c1edc', 'worldcup-2022', 'wc2022_004', 'tuc', 'AWAY', false),
  ('a4439dda-0693-50c7-b5c6-12e894d2789e', 'worldcup-2022', 'wc2022_004', 'co', 'AWAY', false),
  ('4f90fae8-2002-5470-af89-dd4cceb93aa6', 'worldcup-2022', 'wc2022_004', 'thuong', 'HOME', false),
  ('40fddb11-fa78-58fd-9afb-caa57d24f33f', 'worldcup-2022', 'wc2022_004', 'tan', 'AWAY', false),
  ('c2805ee4-fb9c-5c0b-aa01-76665125d875', 'worldcup-2022', 'wc2022_005', 'huy', 'HOME', false),
  ('3cdd2b4c-8ba6-5e37-8eda-4541450f0298', 'worldcup-2022', 'wc2022_005', 'tien', 'HOME', false),
  ('265eb436-47cb-5291-9c83-9db608552dbf', 'worldcup-2022', 'wc2022_005', 'lam', 'HOME', false),
  ('618c1882-ba4c-563f-a988-381597319a12', 'worldcup-2022', 'wc2022_005', 'tai', 'AWAY', false),
  ('765bfb03-7f14-5198-be3e-74df8c4e0bb2', 'worldcup-2022', 'wc2022_005', 'tang', 'HOME', false),
  ('194524b9-0b05-5cb3-813e-699cf5132745', 'worldcup-2022', 'wc2022_005', 'tuc', 'HOME', false),
  ('04c187a4-36d6-538a-983c-f3929cead9aa', 'worldcup-2022', 'wc2022_005', 'co', 'HOME', false),
  ('73cc890a-62d6-5d9d-a829-6a530715952b', 'worldcup-2022', 'wc2022_005', 'thuong', 'HOME', false),
  ('49ddd33c-a63e-5a17-b91f-c0476c126ff7', 'worldcup-2022', 'wc2022_005', 'tan', 'HOME', false),
  ('79fea0ab-00b0-5ba1-9321-c39ea78a68c3', 'worldcup-2022', 'wc2022_006', 'huy', 'HOME', false),
  ('d73bae7e-72ab-5163-a6c6-edff6591cca8', 'worldcup-2022', 'wc2022_006', 'tien', 'HOME', false),
  ('4040da42-8b44-592a-923c-cd9d1883ca50', 'worldcup-2022', 'wc2022_006', 'lam', 'HOME', false),
  ('00b31052-bf00-56ee-a6d5-8af8b8157ca9', 'worldcup-2022', 'wc2022_006', 'tai', 'HOME', false),
  ('d3fe8cd1-ffa6-50f2-9f34-603732ade239', 'worldcup-2022', 'wc2022_006', 'tang', 'HOME', false),
  ('4a4fc92d-fd04-5209-afdb-a2c66114f773', 'worldcup-2022', 'wc2022_006', 'tuc', 'HOME', false),
  ('ec5d360f-3733-5713-82bc-fef943ea00c6', 'worldcup-2022', 'wc2022_006', 'co', 'HOME', false),
  ('0223f353-2d43-5bfc-8781-b3801ef62027', 'worldcup-2022', 'wc2022_006', 'thuong', 'HOME', false),
  ('e416088d-3035-5172-86ac-6a10ce2f72be', 'worldcup-2022', 'wc2022_006', 'tan', 'HOME', false),
  ('c4fbb1f0-007f-511c-9125-da3e4f04955e', 'worldcup-2022', 'wc2022_007', 'huy', 'HOME', false),
  ('c33ba481-dd11-5383-9ea6-c7c73b2e1ffd', 'worldcup-2022', 'wc2022_007', 'tien', 'HOME', false),
  ('1d7ece32-39ce-5baa-b133-458d49bc6cb6', 'worldcup-2022', 'wc2022_007', 'lam', 'HOME', false),
  ('a9c45a90-bff3-5840-be12-dff6b347c1ea', 'worldcup-2022', 'wc2022_007', 'tai', 'HOME', false),
  ('0a3ff7a8-03b9-5a01-a43d-517b486f66d2', 'worldcup-2022', 'wc2022_007', 'tang', 'AWAY', false),
  ('c35e2071-d2ad-5d81-8b6d-ba15b297070c', 'worldcup-2022', 'wc2022_007', 'tuc', 'HOME', false),
  ('7f81fc79-2752-5b1e-b0d3-1244b64130b9', 'worldcup-2022', 'wc2022_007', 'co', 'AWAY', false),
  ('8b8fc77e-55f4-59b8-9e9a-83c3a62d1716', 'worldcup-2022', 'wc2022_007', 'thuong', 'HOME', false),
  ('5d78ac68-90eb-56fe-8bb6-b28febec217d', 'worldcup-2022', 'wc2022_007', 'tan', 'AWAY', false),
  ('7542af60-31ff-5584-94a0-c489e6a6406b', 'worldcup-2022', 'wc2022_008', 'huy', 'HOME', false),
  ('d0c0099f-550a-58c0-bcb8-4d7bc6f9388b', 'worldcup-2022', 'wc2022_008', 'tien', 'HOME', false),
  ('66499f7b-63c2-5390-bea6-c660e8af54c2', 'worldcup-2022', 'wc2022_008', 'lam', 'HOME', false),
  ('03cb2dba-4084-5eef-9f92-e86bdccdd090', 'worldcup-2022', 'wc2022_008', 'tai', 'HOME', false),
  ('e7a068db-4b77-5f35-9316-d257b212e8cd', 'worldcup-2022', 'wc2022_008', 'tang', 'HOME', false),
  ('0a27f51d-ec02-5df5-93fa-6ce36bf6e763', 'worldcup-2022', 'wc2022_008', 'tuc', 'HOME', false),
  ('52818b1b-07f3-5351-a66a-ba402f7dc317', 'worldcup-2022', 'wc2022_008', 'co', 'HOME', false),
  ('8c7b91b9-6078-5d0a-9b94-d85c8850b71d', 'worldcup-2022', 'wc2022_008', 'thuong', 'HOME', false),
  ('3cc63670-c924-520b-864a-8cdfe4ee76ad', 'worldcup-2022', 'wc2022_008', 'tan', 'HOME', false),
  ('0e650d38-b7e0-5152-bf81-19b187f0158f', 'worldcup-2022', 'wc2022_009', 'huy', 'AWAY', false),
  ('9d1aa42d-fce7-5275-8147-9d5e0348931c', 'worldcup-2022', 'wc2022_009', 'tien', 'AWAY', false),
  ('abd1d5f0-8fd2-526b-8e5a-b6bb1b0249e4', 'worldcup-2022', 'wc2022_009', 'lam', 'AWAY', false),
  ('10b449d7-7531-5af6-9e81-173a8d8296a0', 'worldcup-2022', 'wc2022_009', 'tai', 'AWAY', false),
  ('1b6a0e58-0551-5314-9c1e-3d937bd64e6a', 'worldcup-2022', 'wc2022_009', 'tang', 'AWAY', false),
  ('cc696636-6e6b-595d-aa97-99daa2f8bc4e', 'worldcup-2022', 'wc2022_009', 'tuc', 'AWAY', false),
  ('2fa961d2-cf8a-5711-b794-3a5f103f1ab9', 'worldcup-2022', 'wc2022_009', 'co', 'AWAY', false),
  ('332475e8-0676-5e16-8623-554cd0e918dc', 'worldcup-2022', 'wc2022_009', 'thuong', 'HOME', false),
  ('8319360b-a314-5671-92cb-8d4be383f4ef', 'worldcup-2022', 'wc2022_009', 'tan', 'AWAY', false),
  ('939f210e-8348-5859-9572-31d60ebc0151', 'worldcup-2022', 'wc2022_010', 'huy', 'AWAY', false),
  ('1d343099-7af4-5a5b-8580-383610c205d6', 'worldcup-2022', 'wc2022_010', 'tien', 'HOME', false),
  ('b1d8b005-e8e7-572c-9934-2305e4bd44b4', 'worldcup-2022', 'wc2022_010', 'lam', 'AWAY', false),
  ('500f050d-663d-5855-a4cc-ae1e8e0d64fe', 'worldcup-2022', 'wc2022_010', 'tai', 'HOME', false),
  ('1c742d0d-8b07-59f1-9e5e-173105f4fd7d', 'worldcup-2022', 'wc2022_010', 'tang', 'HOME', false),
  ('ac301e60-363d-5f44-936a-5f8389551487', 'worldcup-2022', 'wc2022_010', 'tuc', 'HOME', false),
  ('7f27edfd-fedf-5a1c-9578-cb163270a556', 'worldcup-2022', 'wc2022_010', 'co', 'HOME', false),
  ('e2294f24-3426-5f55-a57c-6f50ed2ed0f5', 'worldcup-2022', 'wc2022_010', 'thuong', 'HOME', false),
  ('99e8bd5c-1401-5f6a-a0a9-a4a1308197c9', 'worldcup-2022', 'wc2022_010', 'tan', 'HOME', false),
  ('3a92d7d8-8cb8-55f6-a9d6-0757e7df4d73', 'worldcup-2022', 'wc2022_011', 'huy', 'HOME', false),
  ('e5c82ba0-588b-5cdc-ae3f-116f9e471efe', 'worldcup-2022', 'wc2022_011', 'tien', 'AWAY', false),
  ('24e3da70-c0eb-5b4c-932e-70f8563b0f5d', 'worldcup-2022', 'wc2022_011', 'lam', 'AWAY', false),
  ('e7bf87fb-6ad0-5454-a4d4-2b1e466574fa', 'worldcup-2022', 'wc2022_011', 'tai', 'AWAY', false),
  ('1d2a0907-7157-57ec-aedb-ed28f155b436', 'worldcup-2022', 'wc2022_011', 'tang', 'HOME', false),
  ('7c93388e-cf95-589a-9ad9-c7f10159f5fe', 'worldcup-2022', 'wc2022_011', 'tuc', 'AWAY', false),
  ('4465ece9-f259-5bae-8930-1575129ede15', 'worldcup-2022', 'wc2022_011', 'co', 'HOME', false),
  ('20645024-bf57-5d6a-9bac-1a90a1e09e21', 'worldcup-2022', 'wc2022_011', 'thuong', 'HOME', false),
  ('d9badf04-f273-56d6-bf20-b8f2c5132995', 'worldcup-2022', 'wc2022_011', 'tan', 'HOME', false),
  ('2630504d-d013-5f9e-9cd8-d29bbc349d9c', 'worldcup-2022', 'wc2022_012', 'huy', 'HOME', false),
  ('c2657289-d64f-5da8-bc91-8e15beb28a7a', 'worldcup-2022', 'wc2022_012', 'tien', 'HOME', false),
  ('228e39e2-b679-593d-8719-75344e751a71', 'worldcup-2022', 'wc2022_012', 'lam', 'HOME', false),
  ('b2ad4066-9e48-56a6-89f2-47538c91062c', 'worldcup-2022', 'wc2022_012', 'tai', 'HOME', false),
  ('4cdd0670-33db-553e-8ca3-21d27d7b46c4', 'worldcup-2022', 'wc2022_012', 'tang', 'HOME', false),
  ('c487e0d7-a484-5c6a-b299-922c11c18a3f', 'worldcup-2022', 'wc2022_012', 'tuc', 'HOME', false),
  ('23281615-1a73-564c-a097-44739a96296c', 'worldcup-2022', 'wc2022_012', 'co', 'HOME', false),
  ('f8363960-aaa1-5474-aa1e-d221ee6ee7fd', 'worldcup-2022', 'wc2022_012', 'thuong', 'HOME', false),
  ('d4136683-a16b-552f-8385-235ecc9f4162', 'worldcup-2022', 'wc2022_012', 'tan', 'HOME', false),
  ('7cb6554d-693f-594e-8251-baca0c24c21f', 'worldcup-2022', 'wc2022_013', 'huy', 'AWAY', false),
  ('7012414e-ca5d-5f1e-839c-98294aed01db', 'worldcup-2022', 'wc2022_013', 'tien', 'AWAY', false),
  ('0bf8f720-9a9f-5a74-acb1-6bf8426d41cd', 'worldcup-2022', 'wc2022_013', 'lam', 'AWAY', false),
  ('0961353a-69da-5a49-8e25-0b38b750e9a3', 'worldcup-2022', 'wc2022_013', 'tai', 'AWAY', false),
  ('7a6a11d4-79b3-56e5-9837-8ba4e006433e', 'worldcup-2022', 'wc2022_013', 'tang', 'AWAY', false),
  ('bba0da86-3592-5487-b809-365ec927b6b8', 'worldcup-2022', 'wc2022_013', 'tuc', 'HOME', false),
  ('4fd0b70d-8acd-56c0-9ffb-09c2a7cf289e', 'worldcup-2022', 'wc2022_013', 'co', 'AWAY', false),
  ('329d2159-f7d1-596f-85c9-6c3917ff31b6', 'worldcup-2022', 'wc2022_013', 'thuong', 'HOME', false),
  ('65d9ca58-fc88-5a44-bfa1-fddf67079f95', 'worldcup-2022', 'wc2022_013', 'tan', 'HOME', false),
  ('304560a0-b61f-5b45-a10a-7d40f8760497', 'worldcup-2022', 'wc2022_014', 'huy', 'HOME', false),
  ('dc866590-c52b-5fb6-8c88-68edbcbd779c', 'worldcup-2022', 'wc2022_014', 'tien', 'HOME', false),
  ('d2c97f55-7c30-5659-8e80-bd9b2cdf9cfd', 'worldcup-2022', 'wc2022_014', 'lam', 'AWAY', false),
  ('2e75f3d8-3188-545b-9698-9da91745574b', 'worldcup-2022', 'wc2022_014', 'tai', 'HOME', false),
  ('19ea987e-4fbb-5f40-bec1-ff093547315c', 'worldcup-2022', 'wc2022_014', 'tang', 'HOME', false),
  ('7158bcf2-f107-5670-b41f-3e6189e07a6c', 'worldcup-2022', 'wc2022_014', 'tuc', 'HOME', false),
  ('2bda7e2e-d8cc-5518-9a78-92c1ff315344', 'worldcup-2022', 'wc2022_014', 'co', 'AWAY', false),
  ('cb7c1796-c67c-590e-aebd-3e1b0dff69f5', 'worldcup-2022', 'wc2022_014', 'thuong', 'HOME', false),
  ('9c6f62f4-ee64-5526-becd-2a26cc289241', 'worldcup-2022', 'wc2022_014', 'tan', 'HOME', false),
  ('2abb5b0d-d659-563f-8e02-4da619f325c3', 'worldcup-2022', 'wc2022_015', 'huy', 'HOME', false),
  ('bbafc817-ea0e-5b5c-bf1d-16295be0090c', 'worldcup-2022', 'wc2022_015', 'tien', 'AWAY', false),
  ('975a475b-7a10-5576-bede-2de9c33d6b4d', 'worldcup-2022', 'wc2022_015', 'lam', 'HOME', false),
  ('d267d4f0-7b6a-5543-8337-313fecaba614', 'worldcup-2022', 'wc2022_015', 'tai', 'AWAY', false),
  ('a0f35ae7-5a3a-5790-a7b9-fc40451cc926', 'worldcup-2022', 'wc2022_015', 'tang', 'HOME', false),
  ('b2536748-d863-5141-ac4b-2e7711ae8176', 'worldcup-2022', 'wc2022_015', 'tuc', 'HOME', false),
  ('84da29ec-2bb3-588a-b553-ffedbcf285b8', 'worldcup-2022', 'wc2022_015', 'co', 'HOME', false),
  ('6c3c8210-2056-5a7c-9682-7b0d44c94f54', 'worldcup-2022', 'wc2022_015', 'thuong', 'HOME', false),
  ('2db2f8e9-bb92-5ab9-bd75-983cf7edd073', 'worldcup-2022', 'wc2022_015', 'tan', 'HOME', false),
  ('5395c301-a478-5ac2-83e2-75146d283521', 'worldcup-2022', 'wc2022_016', 'huy', 'HOME', false),
  ('01b04447-82c6-5dd3-9669-3b4258348595', 'worldcup-2022', 'wc2022_016', 'tien', 'HOME', false),
  ('e7a08010-3fe4-5574-aafe-392ff1d94cf9', 'worldcup-2022', 'wc2022_016', 'lam', 'HOME', false),
  ('e05dea25-e0f4-586a-8872-50c9c365d0b4', 'worldcup-2022', 'wc2022_016', 'tai', 'HOME', false),
  ('edb18a48-fffa-5833-b6d9-af8cf01d9320', 'worldcup-2022', 'wc2022_016', 'tang', 'HOME', false),
  ('f242fd0b-c5c7-5c6e-b95e-7af260458dcd', 'worldcup-2022', 'wc2022_016', 'tuc', 'HOME', false),
  ('0a3a3309-86bf-5995-98d4-fd9f3587f6f2', 'worldcup-2022', 'wc2022_016', 'co', 'HOME', false),
  ('d247b6e0-4220-52ef-830d-12de10ee8625', 'worldcup-2022', 'wc2022_016', 'thuong', 'HOME', false),
  ('681c4e1c-c2d4-527d-8678-7ae3810087ba', 'worldcup-2022', 'wc2022_016', 'tan', 'HOME', false),
  ('321352b2-5753-5fe1-8ed3-40bb88c17660', 'worldcup-2022', 'wc2022_017', 'huy', 'HOME', false),
  ('82fe4dca-0442-5757-bfdc-a0f0c0148061', 'worldcup-2022', 'wc2022_017', 'tien', 'AWAY', false),
  ('d2e68b75-268d-53ce-bd02-b78e48312280', 'worldcup-2022', 'wc2022_017', 'lam', 'AWAY', false),
  ('583efe28-a67b-545f-811f-77608e8d0e3d', 'worldcup-2022', 'wc2022_017', 'tai', 'HOME', false),
  ('c2dea54f-13cd-564f-949b-6ea4fb395618', 'worldcup-2022', 'wc2022_017', 'tang', 'HOME', false),
  ('2e1d7cff-6a72-58f7-9afa-0666453bd9a0', 'worldcup-2022', 'wc2022_017', 'tuc', 'HOME', false),
  ('b92aed3f-e941-56f8-93e4-3c6bab626f7b', 'worldcup-2022', 'wc2022_017', 'co', 'HOME', false),
  ('ccbbd39f-335d-5afb-b3e5-6c872a680be1', 'worldcup-2022', 'wc2022_017', 'thuong', 'HOME', false),
  ('62a7f1b1-4180-5bba-9904-de28749c8721', 'worldcup-2022', 'wc2022_017', 'tan', 'AWAY', false),
  ('6ed584c1-9a7f-5ae2-a0fe-19cfaea50c98', 'worldcup-2022', 'wc2022_018', 'huy', 'AWAY', false),
  ('cf26e1e0-1423-5797-a0d9-9ce327a77365', 'worldcup-2022', 'wc2022_018', 'tien', 'AWAY', false),
  ('fbed550c-9cf9-5ccd-882a-55a4f0592d7a', 'worldcup-2022', 'wc2022_018', 'lam', 'AWAY', false),
  ('ef0f2d4f-696e-5728-845f-7d8935ff1723', 'worldcup-2022', 'wc2022_018', 'tai', 'AWAY', false),
  ('5706a945-9228-5433-9dca-711770e84f33', 'worldcup-2022', 'wc2022_018', 'tang', 'AWAY', false),
  ('5caca64b-978a-5b1f-a576-bd893aaa8946', 'worldcup-2022', 'wc2022_018', 'tuc', 'AWAY', false),
  ('13a30de3-c321-5c1b-93a0-8bf6944e6c7b', 'worldcup-2022', 'wc2022_018', 'co', 'HOME', false),
  ('336aeed3-5b9a-5c0a-8dc7-b303205b62d2', 'worldcup-2022', 'wc2022_018', 'thuong', 'HOME', false),
  ('07f84237-dc23-54bb-b98b-9b56399fc6b6', 'worldcup-2022', 'wc2022_018', 'tan', 'AWAY', false),
  ('4e88adb7-aac2-50ae-ba16-18f5cdf4cb0f', 'worldcup-2022', 'wc2022_019', 'huy', 'HOME', false),
  ('18c9cccd-b721-528b-ba3f-944aa1c5193a', 'worldcup-2022', 'wc2022_019', 'tien', 'HOME', false),
  ('1559e5a7-1791-5981-8e3c-059b82da79b1', 'worldcup-2022', 'wc2022_019', 'lam', 'HOME', false),
  ('5c3c00df-9d35-583e-9cbf-de4b091c540d', 'worldcup-2022', 'wc2022_019', 'tai', 'HOME', false),
  ('b071a92c-948f-55c0-ad94-1169d4ba56c0', 'worldcup-2022', 'wc2022_019', 'tang', 'HOME', false),
  ('15d06b96-7569-569e-bda4-74760367b440', 'worldcup-2022', 'wc2022_019', 'tuc', 'HOME', false),
  ('ff0cc044-5eed-54b4-ac4e-93fca457575e', 'worldcup-2022', 'wc2022_019', 'co', 'AWAY', false),
  ('72a9fb52-c63c-5001-a018-25b24f271741', 'worldcup-2022', 'wc2022_019', 'thuong', 'HOME', false),
  ('436d43fc-02a3-5a88-ac81-d54ce32584dd', 'worldcup-2022', 'wc2022_019', 'tan', 'HOME', false),
  ('32760bce-d94d-56d8-b676-90687303e630', 'worldcup-2022', 'wc2022_020', 'huy', 'HOME', false),
  ('a5d7ca36-192c-56bd-9e69-3f6c2438b6c4', 'worldcup-2022', 'wc2022_020', 'tien', 'HOME', false),
  ('0c46f4b4-afe1-5fcf-8d64-1acc4212f95f', 'worldcup-2022', 'wc2022_020', 'lam', 'HOME', false),
  ('208c73d9-0d9b-55fc-9d1e-b9ea5d4ce07c', 'worldcup-2022', 'wc2022_020', 'tai', 'HOME', false),
  ('dcab48ad-18b9-593e-a125-6e07c6311da8', 'worldcup-2022', 'wc2022_020', 'tang', 'HOME', false),
  ('0dcb647b-a947-5000-8a6b-7bbd05181e34', 'worldcup-2022', 'wc2022_020', 'tuc', 'HOME', false),
  ('406c7026-aec0-506d-bcc8-b7a68547f349', 'worldcup-2022', 'wc2022_020', 'co', 'HOME', false),
  ('12c88933-0350-5cfc-95a2-f8307e1824fc', 'worldcup-2022', 'wc2022_020', 'thuong', 'HOME', false),
  ('2776f150-02b2-57f1-a30e-0c6e18a2c8cd', 'worldcup-2022', 'wc2022_020', 'tan', 'HOME', false),
  ('071541c0-fb8a-5bdc-8900-8b16a08d72fd', 'worldcup-2022', 'wc2022_021', 'huy', 'AWAY', false),
  ('ef4b8eb4-1e76-56c3-afc8-18afea2ed77d', 'worldcup-2022', 'wc2022_021', 'tien', 'HOME', false),
  ('092aafcf-0d2b-5c03-a840-87d4072b1a61', 'worldcup-2022', 'wc2022_021', 'lam', 'AWAY', false),
  ('bdb918fb-6fae-5930-b1c9-2ce930c55237', 'worldcup-2022', 'wc2022_021', 'tai', 'HOME', false),
  ('1eb01070-4f54-59fb-a37a-73deebbad617', 'worldcup-2022', 'wc2022_021', 'tang', 'AWAY', false),
  ('8862af3c-e0d3-58ff-9c91-1dcec50681e4', 'worldcup-2022', 'wc2022_021', 'tuc', 'HOME', false),
  ('b42024d9-0564-5c57-8dbb-4933c3eb3d72', 'worldcup-2022', 'wc2022_021', 'co', 'AWAY', false),
  ('54abfdba-4d81-54a4-8bfb-0035b8aa9149', 'worldcup-2022', 'wc2022_021', 'thuong', 'HOME', false),
  ('18fb8822-bd00-5882-8f66-6e68011d50a7', 'worldcup-2022', 'wc2022_021', 'tan', 'AWAY', false),
  ('3393b2ad-b3ed-5c73-8acb-84abaa0e359b', 'worldcup-2022', 'wc2022_022', 'huy', 'AWAY', false),
  ('34f8c8c9-485d-5db5-ad41-9530e1d2a1c1', 'worldcup-2022', 'wc2022_022', 'tien', 'AWAY', false),
  ('418de1cd-3d79-5583-a607-a74194405d68', 'worldcup-2022', 'wc2022_022', 'lam', 'AWAY', false),
  ('a0c42fe8-0334-5102-a3aa-a41a7ad20b38', 'worldcup-2022', 'wc2022_022', 'tai', 'HOME', false),
  ('2afa596b-ba70-5a17-989b-70b41d8912ef', 'worldcup-2022', 'wc2022_022', 'tang', 'HOME', false),
  ('906c1842-0f88-5171-b0ec-f757d4693d4a', 'worldcup-2022', 'wc2022_022', 'tuc', 'AWAY', false),
  ('ce7aa3a5-8532-593b-a2e9-4ed6804656fc', 'worldcup-2022', 'wc2022_022', 'co', 'AWAY', false),
  ('ba3f63d9-961e-5b35-a17a-86116bd55b9b', 'worldcup-2022', 'wc2022_022', 'thuong', 'HOME', false),
  ('c6d96ee9-a97c-535f-8e98-1a067eaeeba9', 'worldcup-2022', 'wc2022_022', 'tan', 'HOME', false),
  ('b9a1850d-2637-5c4a-ace6-bcf2b23cf4c7', 'worldcup-2022', 'wc2022_023', 'huy', 'HOME', false),
  ('0211b500-cc04-5823-856e-07a2d1c040e7', 'worldcup-2022', 'wc2022_023', 'tien', 'HOME', false),
  ('35abab61-04e3-574b-a61b-fa8438d86bbf', 'worldcup-2022', 'wc2022_023', 'lam', 'HOME', false),
  ('d5de353e-77e9-5817-9b24-9094b0f19331', 'worldcup-2022', 'wc2022_023', 'tai', 'HOME', false),
  ('0b336f43-1b00-58a1-9c18-0acb9019e7c7', 'worldcup-2022', 'wc2022_023', 'tang', 'HOME', false),
  ('95852097-fb26-5c57-9aec-b4fe5cf32664', 'worldcup-2022', 'wc2022_023', 'tuc', 'HOME', false),
  ('4f80d602-2e29-5ba2-a061-d0aa082716a8', 'worldcup-2022', 'wc2022_023', 'co', 'HOME', false),
  ('d62ebec9-fbb7-59ab-bb91-078940a8c78c', 'worldcup-2022', 'wc2022_023', 'thuong', 'HOME', false),
  ('57d2e0cf-e9ae-572d-b95b-9453dc52f5d3', 'worldcup-2022', 'wc2022_023', 'tan', 'HOME', false),
  ('8fb280fd-b907-59ca-9cea-deac9efcc452', 'worldcup-2022', 'wc2022_024', 'huy', 'HOME', false),
  ('f452d5e8-4455-5530-8b03-7f67b061a8d9', 'worldcup-2022', 'wc2022_024', 'tien', 'AWAY', false),
  ('1c4f306a-45ca-52b0-95d4-81caa6299bd5', 'worldcup-2022', 'wc2022_024', 'lam', 'AWAY', false),
  ('b43c28f2-7622-518d-90f3-ef45ea474cb8', 'worldcup-2022', 'wc2022_024', 'tai', 'AWAY', false),
  ('d8abf960-b897-5c89-9362-6e34656343fd', 'worldcup-2022', 'wc2022_024', 'tang', 'HOME', false),
  ('be8e9686-6c9d-5200-8312-d77ff0847054', 'worldcup-2022', 'wc2022_024', 'tuc', 'HOME', false),
  ('0dc22e4b-3ed0-5760-b1d2-3a9c500d492e', 'worldcup-2022', 'wc2022_024', 'co', 'HOME', false),
  ('0d8239da-b2f4-50b1-9f23-daa73c6ab65c', 'worldcup-2022', 'wc2022_024', 'thuong', 'HOME', false),
  ('fb231611-de08-5ba1-a189-991f4667ad30', 'worldcup-2022', 'wc2022_024', 'tan', 'HOME', false),
  ('0b2cfbd2-9d12-5bd7-b6aa-bebb268c5bd6', 'worldcup-2022', 'wc2022_025', 'huy', 'HOME', false),
  ('bd52c25e-d360-5da4-bb13-1609f5480d89', 'worldcup-2022', 'wc2022_025', 'tien', 'AWAY', false),
  ('845dbb9d-8b85-5d31-91ad-cdfb7df40106', 'worldcup-2022', 'wc2022_025', 'lam', 'HOME', false),
  ('5c8b060c-bf0a-5a92-80c0-ada0681d603e', 'worldcup-2022', 'wc2022_025', 'tai', 'AWAY', false),
  ('2283a839-8337-5913-948c-9ca4afeadd1b', 'worldcup-2022', 'wc2022_025', 'tang', 'HOME', false),
  ('c7b7b6cc-ef84-54d6-93f8-2fe8cd4a1e20', 'worldcup-2022', 'wc2022_025', 'tuc', 'HOME', false),
  ('6f887028-16a3-5ebf-8380-ef62e300907a', 'worldcup-2022', 'wc2022_025', 'co', 'AWAY', false),
  ('09d6ad9d-47bc-5269-b511-12cfb3909a27', 'worldcup-2022', 'wc2022_025', 'thuong', 'HOME', false),
  ('0ddb39b4-884f-5201-b6d6-9eec75487ef7', 'worldcup-2022', 'wc2022_025', 'tan', 'AWAY', false),
  ('8401198b-cda2-57ae-b3e0-31a8ba185d9e', 'worldcup-2022', 'wc2022_026', 'huy', 'HOME', false),
  ('3bbe403f-7219-5a1e-ba7c-b343c656fdf1', 'worldcup-2022', 'wc2022_026', 'tien', 'HOME', false),
  ('7505f2be-e9d6-5513-925e-0addecb9c56c', 'worldcup-2022', 'wc2022_026', 'lam', 'HOME', false),
  ('df96ed48-a020-568c-a280-6fddedf5dbca', 'worldcup-2022', 'wc2022_026', 'tai', 'HOME', false),
  ('2ae239ad-d31b-592a-9e5b-929f49133a23', 'worldcup-2022', 'wc2022_026', 'tang', 'HOME', false),
  ('a42aaf0d-1d1c-5fed-8c5c-c3d7478af270', 'worldcup-2022', 'wc2022_026', 'tuc', 'HOME', false),
  ('3067eac3-6a7e-5849-ac4d-eeaa1aba2de5', 'worldcup-2022', 'wc2022_026', 'co', 'HOME', false),
  ('6e04fdce-5b6b-5302-91d8-2fc3edc5ce07', 'worldcup-2022', 'wc2022_026', 'thuong', 'HOME', false),
  ('91ac4d15-85d9-5531-8354-5ba9acd060ed', 'worldcup-2022', 'wc2022_026', 'tan', 'HOME', false),
  ('5b7fb751-8a4c-5b47-815b-5c099f1383d2', 'worldcup-2022', 'wc2022_027', 'huy', 'HOME', false),
  ('fd965b82-d7e5-518c-89d0-3b6717237b72', 'worldcup-2022', 'wc2022_027', 'tien', 'AWAY', false),
  ('00085837-28fd-52d3-bc55-60397cb3b748', 'worldcup-2022', 'wc2022_027', 'lam', 'AWAY', false),
  ('fd844d17-45e8-5cc8-b4c4-0fc019befaa7', 'worldcup-2022', 'wc2022_027', 'tai', 'HOME', false),
  ('d3fe1bb7-1bc7-5d53-b2b8-21e4068b1c37', 'worldcup-2022', 'wc2022_027', 'tang', 'HOME', false),
  ('bd860459-f12e-588a-b3ed-0f93a8e4de56', 'worldcup-2022', 'wc2022_027', 'tuc', 'HOME', false),
  ('6d9e4872-3786-5acd-95bd-e9b83d16f936', 'worldcup-2022', 'wc2022_027', 'co', 'AWAY', false),
  ('df3e0d44-f8fd-51cb-8ffa-ad80b4e0bc51', 'worldcup-2022', 'wc2022_027', 'thuong', 'HOME', false),
  ('96af6376-f9d2-5c37-81ba-6f878c27251c', 'worldcup-2022', 'wc2022_027', 'tan', 'AWAY', false),
  ('9a13c319-1fdd-58dc-ad00-138f4eb3a904', 'worldcup-2022', 'wc2022_028', 'huy', 'HOME', false),
  ('52a09a2f-4909-52a4-bbe8-c97d41575c19', 'worldcup-2022', 'wc2022_028', 'tien', 'HOME', false),
  ('5367ffae-e5a6-5348-bdeb-6ea7d99fa185', 'worldcup-2022', 'wc2022_028', 'lam', 'HOME', false),
  ('c4605d49-b28b-5925-b0ad-b7654987885f', 'worldcup-2022', 'wc2022_028', 'tai', 'AWAY', false),
  ('0699e86d-3339-5ea5-a979-1c999c6f1afa', 'worldcup-2022', 'wc2022_028', 'tang', 'AWAY', false),
  ('05f2e1da-0d5a-55a6-8eac-630215e46355', 'worldcup-2022', 'wc2022_028', 'tuc', 'HOME', false),
  ('101f7d43-8e9d-5ca2-850e-ea02eddc6a13', 'worldcup-2022', 'wc2022_028', 'co', 'HOME', false),
  ('d4f8b782-3b4f-5e6d-8f92-15c908d605a0', 'worldcup-2022', 'wc2022_028', 'thuong', 'HOME', false),
  ('9c3dabab-38e3-5266-9999-adbee65e9a94', 'worldcup-2022', 'wc2022_028', 'tan', 'HOME', false),
  ('17a7c553-84d2-5358-9991-0286ad54ab2b', 'worldcup-2022', 'wc2022_029', 'huy', 'AWAY', false),
  ('b5bcdb0e-ec2c-5ad8-972f-961c5ac75ed0', 'worldcup-2022', 'wc2022_029', 'tien', 'HOME', false),
  ('5f21a15a-ef5e-5ce1-a19c-41046fea6826', 'worldcup-2022', 'wc2022_029', 'lam', 'HOME', false),
  ('886b7978-ab26-5636-a20e-64147a474e61', 'worldcup-2022', 'wc2022_029', 'tai', 'HOME', false),
  ('a5ebf0e4-3173-5afe-a487-ad3c9242fd7b', 'worldcup-2022', 'wc2022_029', 'tang', 'HOME', false),
  ('01efe50f-a9d1-5926-9a0b-44b2f9eb98a7', 'worldcup-2022', 'wc2022_029', 'tuc', 'AWAY', false),
  ('bd2f671b-70b0-5483-b72b-0da27249688a', 'worldcup-2022', 'wc2022_029', 'co', 'HOME', false),
  ('808b735c-60dc-56c8-b581-2abc24f71468', 'worldcup-2022', 'wc2022_029', 'thuong', 'HOME', false),
  ('240ddd66-5f11-517c-ad25-daa8dd8968e5', 'worldcup-2022', 'wc2022_029', 'tan', 'AWAY', false),
  ('8449dc9a-2a0d-53a1-8cfe-5be26e49b453', 'worldcup-2022', 'wc2022_030', 'huy', 'AWAY', false),
  ('455f2576-be47-5f1f-8242-90bc14deb272', 'worldcup-2022', 'wc2022_030', 'tien', 'HOME', false),
  ('93a0de0b-dea8-55b2-a519-23e71f8f19be', 'worldcup-2022', 'wc2022_030', 'lam', 'AWAY', false),
  ('fcfc92c0-6868-521d-8410-425e5ae334cc', 'worldcup-2022', 'wc2022_030', 'tai', 'HOME', false),
  ('c2c6603a-a2ca-5785-bd67-7342eb2032a5', 'worldcup-2022', 'wc2022_030', 'tang', 'AWAY', false),
  ('f84997fb-40e2-5ada-9d7f-71119e595afc', 'worldcup-2022', 'wc2022_030', 'tuc', 'AWAY', false),
  ('0817c590-a7f3-5eef-b7dc-a3428258eea3', 'worldcup-2022', 'wc2022_030', 'co', 'AWAY', false),
  ('175da9f3-3793-52dd-93f7-8d867f817e87', 'worldcup-2022', 'wc2022_030', 'thuong', 'HOME', false),
  ('a48a8c9f-7460-5dc9-89c2-29bb9235cb51', 'worldcup-2022', 'wc2022_030', 'tan', 'AWAY', false),
  ('1a366bde-2d61-5bed-923d-46aaa953321d', 'worldcup-2022', 'wc2022_031', 'huy', 'HOME', false),
  ('e84104d4-f945-5355-bd42-e2134156c0e4', 'worldcup-2022', 'wc2022_031', 'tien', 'AWAY', false),
  ('65850bc4-0682-518a-b9a5-9cd2c55220b9', 'worldcup-2022', 'wc2022_031', 'lam', 'HOME', false),
  ('dab89df4-f390-5ff4-a008-056bccae2a58', 'worldcup-2022', 'wc2022_031', 'tai', 'AWAY', false),
  ('8ef74cdb-da71-5b2e-a0ee-92c53835ffb2', 'worldcup-2022', 'wc2022_031', 'tang', 'HOME', false),
  ('4ce99741-d5b9-54eb-9727-3a82754b6666', 'worldcup-2022', 'wc2022_031', 'tuc', 'HOME', false),
  ('4e695505-164d-5260-b814-1b63f9f9c611', 'worldcup-2022', 'wc2022_031', 'co', 'HOME', false),
  ('cb0e0121-417f-5875-bbce-5c79bf463c1c', 'worldcup-2022', 'wc2022_031', 'thuong', 'HOME', false),
  ('cbc3500e-bd5c-52c9-884b-5bcf7a9a1fa3', 'worldcup-2022', 'wc2022_031', 'tan', 'HOME', false),
  ('b9f16cbc-d4e4-505c-99d0-cb0d44f3fc19', 'worldcup-2022', 'wc2022_032', 'huy', 'AWAY', false),
  ('1aba07b0-cd77-57d1-ae3c-cd2f8c114568', 'worldcup-2022', 'wc2022_032', 'tien', 'AWAY', false),
  ('0145de86-4a9a-5e92-a78e-81bd6c5fb0a1', 'worldcup-2022', 'wc2022_032', 'lam', 'HOME', false),
  ('a72ceda5-c410-579f-855b-1cb41b163133', 'worldcup-2022', 'wc2022_032', 'tai', 'AWAY', false),
  ('12324882-c1a1-5992-ad5f-e0ddd6a22083', 'worldcup-2022', 'wc2022_032', 'tang', 'HOME', false),
  ('6a31b5a3-7f7d-51b7-abbf-7ba0724c04e8', 'worldcup-2022', 'wc2022_032', 'tuc', 'HOME', false),
  ('58f25137-7b20-598d-aacd-12a14b45ee04', 'worldcup-2022', 'wc2022_032', 'co', 'HOME', false),
  ('38cc085b-c452-544b-937a-6bd189b2d7eb', 'worldcup-2022', 'wc2022_032', 'thuong', 'HOME', false),
  ('5035ce65-e625-5cc0-aaa9-079868a963a4', 'worldcup-2022', 'wc2022_032', 'tan', 'HOME', false),
  ('16d88974-5861-5036-8c3f-0506dacdce3a', 'worldcup-2022', 'wc2022_033', 'huy', 'HOME', false),
  ('20421778-ddf4-5f00-a558-137f0c95e938', 'worldcup-2022', 'wc2022_033', 'tien', 'HOME', false),
  ('85e0bba9-7a8f-5d91-8c00-94003244cfca', 'worldcup-2022', 'wc2022_033', 'lam', 'HOME', false),
  ('a39f1d77-ccaa-5484-b8e5-0c7371ed10c1', 'worldcup-2022', 'wc2022_033', 'tai', 'HOME', false),
  ('5c7f75e3-daf2-5818-be66-c84277f6d707', 'worldcup-2022', 'wc2022_033', 'tang', 'HOME', false),
  ('10ae94a2-2b08-5fa0-b771-62c07669b8a8', 'worldcup-2022', 'wc2022_033', 'tuc', 'AWAY', false),
  ('883a2da0-7edc-51ef-82e7-0334ba6be54c', 'worldcup-2022', 'wc2022_033', 'co', 'HOME', false),
  ('b9771481-0fb4-5a6c-b33f-0968bd9698fb', 'worldcup-2022', 'wc2022_033', 'thuong', 'HOME', false),
  ('0b5ee608-601c-5257-8146-85fa6a2b325f', 'worldcup-2022', 'wc2022_033', 'tan', 'AWAY', false),
  ('9c490f77-52f8-5d68-8ad5-b7a8ab38485f', 'worldcup-2022', 'wc2022_034', 'huy', 'HOME', false),
  ('7c942e05-823c-5d6e-ba27-516baf40e09e', 'worldcup-2022', 'wc2022_034', 'tien', 'HOME', false),
  ('89f709ef-66db-5140-8239-5c3f38fe38b4', 'worldcup-2022', 'wc2022_034', 'lam', 'HOME', false),
  ('1c6a533f-635f-5d32-aaf1-d9310297aa97', 'worldcup-2022', 'wc2022_034', 'tai', 'AWAY', false),
  ('8b566c81-9163-59f1-8700-c4118d079839', 'worldcup-2022', 'wc2022_034', 'tang', 'HOME', false),
  ('afe1c179-4732-5bf9-96db-a38d87395aa4', 'worldcup-2022', 'wc2022_034', 'tuc', 'HOME', false),
  ('38dc8c5b-3a9d-5965-aa0c-5103b461146f', 'worldcup-2022', 'wc2022_034', 'co', 'HOME', false),
  ('08fb97d1-9e0b-5af3-b1b7-1252b76c021e', 'worldcup-2022', 'wc2022_034', 'thuong', 'HOME', false),
  ('6f42c203-78de-5284-b46b-a7a70a000aee', 'worldcup-2022', 'wc2022_034', 'tan', 'HOME', false),
  ('210cd825-88ff-5e8c-98a5-03bd3007a562', 'worldcup-2022', 'wc2022_035', 'huy', 'AWAY', false),
  ('366b5bc4-9a38-5033-a49a-3693845513b4', 'worldcup-2022', 'wc2022_035', 'tien', 'AWAY', false),
  ('5cce909a-b30d-5b9e-84a3-1bf593844d57', 'worldcup-2022', 'wc2022_035', 'lam', 'AWAY', false),
  ('bafde041-d143-5125-adf9-93dceeb6549d', 'worldcup-2022', 'wc2022_035', 'tai', 'AWAY', false),
  ('85c901f7-84b7-5c8a-baa5-9274bd6ad869', 'worldcup-2022', 'wc2022_035', 'tang', 'AWAY', false),
  ('3ddfb6b9-7bc2-5e12-b160-def0ac1010ef', 'worldcup-2022', 'wc2022_035', 'tuc', 'AWAY', false),
  ('6ab97ef4-cd79-5b78-9fad-e20166ab4aec', 'worldcup-2022', 'wc2022_035', 'co', 'AWAY', false),
  ('3292a671-d4ed-5f87-877b-efe6333be014', 'worldcup-2022', 'wc2022_035', 'thuong', 'HOME', false),
  ('20bdee4c-4e19-5605-b27a-a604e813f113', 'worldcup-2022', 'wc2022_035', 'tan', 'AWAY', false),
  ('7af5b7c2-2e2d-50f7-97ee-c4227fbe3e7f', 'worldcup-2022', 'wc2022_036', 'huy', 'HOME', false),
  ('11322c83-2eaf-5330-b458-9768a933565c', 'worldcup-2022', 'wc2022_036', 'tien', 'AWAY', false),
  ('ad55e5f5-76e9-5aaa-911f-b113fa2fb42d', 'worldcup-2022', 'wc2022_036', 'lam', 'AWAY', false),
  ('ca0366ec-1f2e-532d-9184-4441acc10947', 'worldcup-2022', 'wc2022_036', 'tai', 'AWAY', false),
  ('9f5a5318-2cf2-5b79-9e55-7ee24886836c', 'worldcup-2022', 'wc2022_036', 'tang', 'AWAY', false),
  ('7af1922d-284d-5f1b-859e-1cb37b46cd94', 'worldcup-2022', 'wc2022_036', 'tuc', 'AWAY', false),
  ('1abed5cf-2b17-5f46-a458-a58c35b9cf21', 'worldcup-2022', 'wc2022_036', 'co', 'AWAY', false),
  ('3e25bb96-cadd-5c48-89df-e96a738c0049', 'worldcup-2022', 'wc2022_036', 'thuong', 'HOME', false),
  ('4d4ee22f-bdf1-5ae1-9d22-924bd5696677', 'worldcup-2022', 'wc2022_036', 'tan', 'AWAY', false),
  ('c5ae2978-fb6c-58f0-977a-f20e8386a436', 'worldcup-2022', 'wc2022_037', 'huy', 'AWAY', false),
  ('7cb8872f-2ab2-55a5-bed6-14cc1f8fd43a', 'worldcup-2022', 'wc2022_037', 'tien', 'AWAY', false),
  ('080e4f75-a134-54f1-ab5f-8b1fdce525d5', 'worldcup-2022', 'wc2022_037', 'lam', 'AWAY', false),
  ('1e85a1b5-bdc1-549b-9e61-0ddfa696c7fd', 'worldcup-2022', 'wc2022_037', 'tai', 'AWAY', false),
  ('2901a8cd-6203-5f30-88e0-4a9c0302ceda', 'worldcup-2022', 'wc2022_037', 'tang', 'AWAY', false),
  ('3a257b25-a5f5-5ed3-81fb-c0839b0fd2c9', 'worldcup-2022', 'wc2022_037', 'tuc', 'AWAY', false),
  ('cd395637-998a-5c21-bd28-b2bc40cf6788', 'worldcup-2022', 'wc2022_037', 'co', 'HOME', false),
  ('b833721e-32aa-5fb7-974f-1b001d1997d8', 'worldcup-2022', 'wc2022_037', 'thuong', 'HOME', false),
  ('e52830ea-f4b0-52cc-a66e-ae99f7d9cb3a', 'worldcup-2022', 'wc2022_037', 'tan', 'HOME', false),
  ('c1d9e0f5-3b84-5744-83a7-c943212312d6', 'worldcup-2022', 'wc2022_038', 'huy', 'AWAY', false),
  ('bb321f4e-d1f6-50b7-8652-177520b23fda', 'worldcup-2022', 'wc2022_038', 'tien', 'AWAY', false),
  ('e3277842-7a06-562a-b4a5-971a6476b762', 'worldcup-2022', 'wc2022_038', 'lam', 'AWAY', false),
  ('3e955b47-bc11-584e-a620-f7b323c8c100', 'worldcup-2022', 'wc2022_038', 'tai', 'AWAY', false),
  ('8b1ed4c9-d4c2-5a66-ad37-be389632a103', 'worldcup-2022', 'wc2022_038', 'tang', 'AWAY', false),
  ('56f4d1f1-a8fe-56c5-8dcd-9bca15c5dcb0', 'worldcup-2022', 'wc2022_038', 'tuc', 'AWAY', false),
  ('c73e1b21-3557-5cb6-a51e-9fdddf1c8f35', 'worldcup-2022', 'wc2022_038', 'co', 'HOME', false),
  ('e16d0207-8bf1-51ee-bc90-21fed5bf838f', 'worldcup-2022', 'wc2022_038', 'thuong', 'HOME', false),
  ('eca7a76b-49d2-530a-81d8-185e7fb12e10', 'worldcup-2022', 'wc2022_038', 'tan', 'AWAY', false),
  ('cf072ea2-9631-5d84-abfc-69c87728958d', 'worldcup-2022', 'wc2022_039', 'huy', 'AWAY', false),
  ('07d08c24-f241-5579-9f47-f916c0deb452', 'worldcup-2022', 'wc2022_039', 'tien', 'AWAY', false),
  ('c504f4e8-92bc-5996-b0e8-34b768332c5e', 'worldcup-2022', 'wc2022_039', 'lam', 'HOME', false),
  ('89a341e8-f598-5552-81f7-d451aac40a5b', 'worldcup-2022', 'wc2022_039', 'tai', 'HOME', false),
  ('c4a41175-fe2e-5778-bd28-941bc233e371', 'worldcup-2022', 'wc2022_039', 'tang', 'HOME', false),
  ('74e4b89a-7ff8-5808-b752-1ad2c83d91c4', 'worldcup-2022', 'wc2022_039', 'tuc', 'AWAY', false),
  ('bc9c16c6-5396-57e7-9f82-597122ece837', 'worldcup-2022', 'wc2022_039', 'co', 'HOME', false),
  ('20f535d5-2ae2-5318-a435-2947bde914a3', 'worldcup-2022', 'wc2022_039', 'thuong', 'HOME', false),
  ('ed0da733-4411-5939-a73c-59e622352021', 'worldcup-2022', 'wc2022_039', 'tan', 'AWAY', false),
  ('44d0220e-b4b0-51de-ba08-13d795885c1a', 'worldcup-2022', 'wc2022_040', 'huy', 'HOME', false),
  ('c40de79b-343a-5f9d-bcf3-b2263ed472bc', 'worldcup-2022', 'wc2022_040', 'tien', 'AWAY', false),
  ('b888f817-c275-5877-956e-eb91356ef92a', 'worldcup-2022', 'wc2022_040', 'lam', 'HOME', false),
  ('85b5092e-6182-534f-8ae3-d33a10c63550', 'worldcup-2022', 'wc2022_040', 'tai', 'AWAY', false),
  ('b78334fd-5b96-5c43-8523-446a3ba6f0ed', 'worldcup-2022', 'wc2022_040', 'tang', 'HOME', false),
  ('ba8e61cc-aded-5f13-bdd1-e97f4b01e51d', 'worldcup-2022', 'wc2022_040', 'tuc', 'AWAY', false),
  ('96c1924b-5290-53e1-92a4-56871fcecb99', 'worldcup-2022', 'wc2022_040', 'co', 'AWAY', false),
  ('7698d6d8-82fe-54d0-9ab9-15b0558ffdf7', 'worldcup-2022', 'wc2022_040', 'thuong', 'HOME', false),
  ('dec9ecf5-8ea9-5520-a6ec-e002057052b8', 'worldcup-2022', 'wc2022_040', 'tan', 'AWAY', false),
  ('5933dec8-9942-5a28-9584-f8fca8c9ee03', 'worldcup-2022', 'wc2022_041', 'huy', 'HOME', false),
  ('8902fb70-ba62-5ec1-9470-59d73de830e2', 'worldcup-2022', 'wc2022_041', 'tien', 'HOME', false),
  ('991f3969-4a08-57d7-ad90-2b710cc156eb', 'worldcup-2022', 'wc2022_041', 'lam', 'AWAY', false),
  ('fb9e0dad-e5e4-5363-98c9-761b8cb19b5c', 'worldcup-2022', 'wc2022_041', 'tai', 'HOME', false),
  ('ef21576d-e8db-5136-a46e-093841f97775', 'worldcup-2022', 'wc2022_041', 'tang', 'HOME', false),
  ('2700237c-08ad-52b6-bcd7-9c33e2ea8f76', 'worldcup-2022', 'wc2022_041', 'tuc', 'HOME', false),
  ('98d6fe5c-b3a4-51ff-a531-1b07ac15f430', 'worldcup-2022', 'wc2022_041', 'co', 'AWAY', false),
  ('bf6ef211-a12c-57a7-8552-cee6ef96a0a1', 'worldcup-2022', 'wc2022_041', 'thuong', 'HOME', false),
  ('39399e2d-9835-576a-9197-c9d616021fd8', 'worldcup-2022', 'wc2022_041', 'tan', 'HOME', false),
  ('e12417b7-cd8f-5e7b-bd94-678f2ce23413', 'worldcup-2022', 'wc2022_042', 'huy', 'AWAY', false),
  ('7998346b-2ca5-58e1-948a-d9912f6cb9af', 'worldcup-2022', 'wc2022_042', 'tien', 'HOME', false),
  ('3380843d-66f3-5446-9f5d-6ee5cf8da9c4', 'worldcup-2022', 'wc2022_042', 'lam', 'AWAY', false),
  ('de09e7f0-9893-5d7e-b62a-c8d363e14cf6', 'worldcup-2022', 'wc2022_042', 'tai', 'AWAY', false),
  ('5d548fa0-f101-5c70-bbfa-7f3b96bb7e6e', 'worldcup-2022', 'wc2022_042', 'tang', 'AWAY', false),
  ('fbf5db36-a6e9-59a3-a444-bf8f4d734b04', 'worldcup-2022', 'wc2022_042', 'tuc', 'AWAY', false),
  ('fbf8a27d-5405-5ae8-ad79-66378223ca5e', 'worldcup-2022', 'wc2022_042', 'co', 'HOME', false),
  ('6a172e55-d7bc-547f-9d7f-dc6528562aaf', 'worldcup-2022', 'wc2022_042', 'thuong', 'HOME', false),
  ('b6adc652-3cba-57ea-af1e-a203a253ab0e', 'worldcup-2022', 'wc2022_042', 'tan', 'HOME', false),
  ('ddaf4d6a-ea1a-5d79-99d1-1682de575e02', 'worldcup-2022', 'wc2022_043', 'huy', 'AWAY', false),
  ('d269f4df-89b1-5f59-9ff6-f5741de2bf0f', 'worldcup-2022', 'wc2022_043', 'tien', 'AWAY', false),
  ('0f3f930d-8a1a-5986-b089-dafc849da3d8', 'worldcup-2022', 'wc2022_043', 'lam', 'AWAY', false),
  ('a327f10d-6ae2-5d66-a0cc-453431f8fb0a', 'worldcup-2022', 'wc2022_043', 'tai', 'AWAY', false),
  ('7c926572-6596-5555-b9c8-15d7c1f84008', 'worldcup-2022', 'wc2022_043', 'tang', 'AWAY', false),
  ('5cf57cc6-05b2-57e1-b386-9409155aef7c', 'worldcup-2022', 'wc2022_043', 'tuc', 'AWAY', false),
  ('7b0b0b03-3a29-5905-bc0e-14d79961b94c', 'worldcup-2022', 'wc2022_043', 'co', 'AWAY', false),
  ('b78b7ea4-e8aa-5ae1-b95e-1c9b05ff78e8', 'worldcup-2022', 'wc2022_043', 'thuong', 'HOME', false),
  ('2091f95b-81f3-5a16-8f5f-eb7dbe4efd30', 'worldcup-2022', 'wc2022_043', 'tan', 'AWAY', false),
  ('771c3d72-4b03-54de-a03f-96f20b6322ba', 'worldcup-2022', 'wc2022_044', 'huy', 'HOME', false),
  ('f7c91a81-3d4f-5d0d-a3c3-56ec6eacbe10', 'worldcup-2022', 'wc2022_044', 'tien', 'AWAY', false),
  ('12031f62-223f-5d23-8329-39177bb5b3fc', 'worldcup-2022', 'wc2022_044', 'lam', 'HOME', false),
  ('e2b78ba4-f674-5ef4-bf2b-6fe2bc78a860', 'worldcup-2022', 'wc2022_044', 'tai', 'HOME', false),
  ('96334a9c-4314-5afd-8812-8b8b987bf36c', 'worldcup-2022', 'wc2022_044', 'tang', 'HOME', false),
  ('5ffef3e8-280b-5819-90b2-8e8a442a5ace', 'worldcup-2022', 'wc2022_044', 'tuc', 'HOME', false),
  ('2a71eebe-5a28-577b-8013-7d34e06a1a7e', 'worldcup-2022', 'wc2022_044', 'co', 'HOME', false),
  ('53946b7c-df1a-5737-b51c-acbbfce642d0', 'worldcup-2022', 'wc2022_044', 'thuong', 'HOME', false),
  ('b99d154e-94b9-5f77-be14-fdc776f6f360', 'worldcup-2022', 'wc2022_044', 'tan', 'HOME', false),
  ('ad31f97a-324d-569f-a1ae-6bc26a8679be', 'worldcup-2022', 'wc2022_045', 'huy', 'AWAY', false),
  ('4fe176c7-cb61-5b83-a39f-d916eb52097e', 'worldcup-2022', 'wc2022_045', 'tien', 'HOME', false),
  ('b99225f8-d6ae-5e40-8f02-6dbb60689869', 'worldcup-2022', 'wc2022_045', 'lam', 'HOME', false),
  ('d293a81a-9df4-5155-9dbf-fc3ed952cd8f', 'worldcup-2022', 'wc2022_045', 'tai', 'HOME', false),
  ('0221a254-0c14-55aa-b0e5-6ad37916d6e8', 'worldcup-2022', 'wc2022_045', 'tang', 'HOME', false),
  ('c494bbd1-49f6-5f6c-a1f0-cc0b69c257e1', 'worldcup-2022', 'wc2022_045', 'tuc', 'AWAY', false),
  ('dfdb6c33-7023-5425-b989-9724a4b60e70', 'worldcup-2022', 'wc2022_045', 'co', 'HOME', false),
  ('5a470e18-b833-52d6-8434-c518fe6eca4b', 'worldcup-2022', 'wc2022_045', 'thuong', 'HOME', false),
  ('e7c04e78-5a48-5fa2-aeeb-799084c89049', 'worldcup-2022', 'wc2022_045', 'tan', 'HOME', false),
  ('cf339008-b5de-5994-b4fe-5a1660861531', 'worldcup-2022', 'wc2022_046', 'huy', 'HOME', false),
  ('0f709c45-0f3a-5eaf-8fc1-e906bf863550', 'worldcup-2022', 'wc2022_046', 'tien', 'AWAY', false),
  ('2954fdb0-8bf3-52e2-9c48-1d6980fb3c76', 'worldcup-2022', 'wc2022_046', 'lam', 'AWAY', false),
  ('488484bc-62de-5d84-9176-661bf5d774fb', 'worldcup-2022', 'wc2022_046', 'tai', 'AWAY', false),
  ('954398dc-dcf7-57b1-8b01-5eb6de3083dc', 'worldcup-2022', 'wc2022_046', 'tang', 'HOME', false),
  ('76f0b6ee-891e-5053-8f93-a3fb8be25aad', 'worldcup-2022', 'wc2022_046', 'tuc', 'AWAY', false),
  ('d48d1614-a5f1-5e03-8d52-a6d03248ba51', 'worldcup-2022', 'wc2022_046', 'co', 'AWAY', false),
  ('b7aee0a3-4d97-57d5-82e3-cf210640e691', 'worldcup-2022', 'wc2022_046', 'thuong', 'HOME', false),
  ('05b39d2d-bdbc-5575-92a6-70b83e5e7c59', 'worldcup-2022', 'wc2022_046', 'tan', 'AWAY', false),
  ('aa011c96-2ed9-5c45-b3f9-fc7dc90f23f8', 'worldcup-2022', 'wc2022_047', 'huy', 'HOME', false),
  ('8ba4b435-5d2e-56b2-85cc-b1c26dd8bb1b', 'worldcup-2022', 'wc2022_047', 'tien', 'AWAY', false),
  ('4adb6061-229a-5b97-a822-9063370c6a58', 'worldcup-2022', 'wc2022_047', 'lam', 'AWAY', false),
  ('f4775338-f096-527e-ae55-f7e0b8076b54', 'worldcup-2022', 'wc2022_047', 'tai', 'AWAY', false),
  ('69724a39-63b9-540e-90d1-6f7500f7c1fa', 'worldcup-2022', 'wc2022_047', 'tang', 'AWAY', false),
  ('02b1dc04-a8d8-539b-b770-27e92167e68e', 'worldcup-2022', 'wc2022_047', 'tuc', 'AWAY', false),
  ('e78293c5-e8d1-5aff-af8d-c75d22a1cd59', 'worldcup-2022', 'wc2022_047', 'co', 'AWAY', false),
  ('c5d11580-a392-5ac1-8f33-0e5d75ff2393', 'worldcup-2022', 'wc2022_047', 'thuong', 'HOME', false),
  ('517c800f-896a-58be-8cf1-6810b234b0f6', 'worldcup-2022', 'wc2022_047', 'tan', 'HOME', false),
  ('2681d026-7105-5652-ac5f-7cffc0e340d4', 'worldcup-2022', 'wc2022_048', 'huy', 'AWAY', false),
  ('9ffdaeec-9ab5-556e-bbe5-ce1191d95227', 'worldcup-2022', 'wc2022_048', 'tien', 'AWAY', false),
  ('d2bb74d7-763e-5d75-86d3-65831fcc410d', 'worldcup-2022', 'wc2022_048', 'lam', 'HOME', false),
  ('9952d60c-7393-5ce7-a5f9-0fc3be7fc3c1', 'worldcup-2022', 'wc2022_048', 'tai', 'AWAY', false),
  ('68d1e7aa-65c2-5c78-a90c-c6aa7a68686b', 'worldcup-2022', 'wc2022_048', 'tang', 'HOME', false),
  ('ee3100c9-0ec9-5f72-8141-352178a768a6', 'worldcup-2022', 'wc2022_048', 'tuc', 'AWAY', false),
  ('9a03150d-82b9-5c5a-b6d2-ea2d141e9f2e', 'worldcup-2022', 'wc2022_048', 'co', 'AWAY', false),
  ('a7b036d9-4f1d-5689-94b8-e344cab49201', 'worldcup-2022', 'wc2022_048', 'thuong', 'HOME', false),
  ('088cfc6f-53d4-59e4-aea2-b0ffeb2b0d26', 'worldcup-2022', 'wc2022_048', 'tan', 'AWAY', false),
  ('3cbf826d-a81e-5639-a44a-935e1a8255b4', 'worldcup-2022', 'wc2022_049', 'huy', 'HOME', false),
  ('0a4932fc-6100-5a75-aa9f-507a42006a49', 'worldcup-2022', 'wc2022_049', 'tien', 'HOME', false),
  ('0bb1f3fc-771f-521a-897a-cf369925c8d2', 'worldcup-2022', 'wc2022_049', 'lam', 'HOME', false),
  ('2147c4b9-f435-5bc6-90e3-333882f071aa', 'worldcup-2022', 'wc2022_049', 'tai', 'HOME', false),
  ('8f7bc7b2-85df-5b33-b257-bb02e6334b07', 'worldcup-2022', 'wc2022_049', 'tang', 'HOME', false),
  ('7e6cfaeb-2327-5574-9d7a-79d554664de3', 'worldcup-2022', 'wc2022_049', 'tuc', 'HOME', false),
  ('8609c8d7-8030-5749-b1c3-8dd8e7f0b64a', 'worldcup-2022', 'wc2022_049', 'co', 'HOME', false),
  ('bf822f4f-6c15-536f-a53f-147cef9e3031', 'worldcup-2022', 'wc2022_049', 'thuong', 'HOME', false),
  ('bb8900bf-afeb-5744-88db-a641f3076161', 'worldcup-2022', 'wc2022_049', 'tan', 'HOME', false),
  ('5273d465-b4a5-5373-861b-c76e45f0bdec', 'worldcup-2022', 'wc2022_050', 'huy', 'AWAY', false),
  ('df551c2a-cdc2-54c5-816d-ca039f6065ff', 'worldcup-2022', 'wc2022_050', 'tien', 'AWAY', false),
  ('e6338ac8-8910-541c-94d4-ad550667649f', 'worldcup-2022', 'wc2022_050', 'lam', 'AWAY', false),
  ('a4133cd8-6240-57e9-b08c-24eed7b07116', 'worldcup-2022', 'wc2022_050', 'tai', 'AWAY', false),
  ('cb7f95a7-d27b-50bf-b9e0-01eaf8c5b420', 'worldcup-2022', 'wc2022_050', 'tang', 'AWAY', false),
  ('38fb0b0a-12a0-51c4-8fd2-15c0e4b1f1b1', 'worldcup-2022', 'wc2022_050', 'tuc', 'AWAY', false),
  ('822c9d17-4a4d-56ef-a91e-bf631767c4cd', 'worldcup-2022', 'wc2022_050', 'co', 'AWAY', false),
  ('bb0f4ca9-c333-5c36-a756-986fa328ebe6', 'worldcup-2022', 'wc2022_050', 'thuong', 'HOME', false),
  ('9d22aaab-3d52-57f4-97f2-380eda996669', 'worldcup-2022', 'wc2022_050', 'tan', 'AWAY', false),
  ('17331f44-bbe5-5822-aab3-0d6c82a1cf2c', 'worldcup-2022', 'wc2022_051', 'huy', 'HOME', false),
  ('37bdddb5-506b-5b4d-8550-736e42b8fd7c', 'worldcup-2022', 'wc2022_051', 'tien', 'AWAY', false),
  ('cabce6f2-0eab-5cc2-ad53-6ec6d70238b8', 'worldcup-2022', 'wc2022_051', 'lam', 'HOME', false),
  ('081a497e-554d-5295-b9a1-32deb0f10f08', 'worldcup-2022', 'wc2022_051', 'tai', 'AWAY', false),
  ('26137240-cb8a-5eec-9160-d0ae0be1b288', 'worldcup-2022', 'wc2022_051', 'tang', 'HOME', false),
  ('8a18e793-28fd-516b-83dc-6157553b0dab', 'worldcup-2022', 'wc2022_051', 'tuc', 'HOME', false),
  ('b47bd21a-9eda-506a-b5d0-6617fc8aabaa', 'worldcup-2022', 'wc2022_051', 'co', 'HOME', false),
  ('4814d2a9-9ada-569e-b784-6c6f3c4d9a04', 'worldcup-2022', 'wc2022_051', 'thuong', 'HOME', false),
  ('3e2e0ee8-bb39-50bc-8be9-a63b1da33ddd', 'worldcup-2022', 'wc2022_051', 'tan', 'AWAY', false),
  ('feeabbcb-aae6-5163-9fbe-120f697a900a', 'worldcup-2022', 'wc2022_052', 'huy', 'HOME', false),
  ('96248c59-c48c-5cd5-bda4-f5b8a49fbf4a', 'worldcup-2022', 'wc2022_052', 'tien', 'HOME', false),
  ('e89fa24b-9a65-5539-bcb3-487cb86ae7f1', 'worldcup-2022', 'wc2022_052', 'lam', 'HOME', false),
  ('de94a3c7-8b0c-5e9f-adde-d396481e7a74', 'worldcup-2022', 'wc2022_052', 'tai', 'HOME', false),
  ('691c84a1-1613-5f3b-ab81-e96bae25430b', 'worldcup-2022', 'wc2022_052', 'tang', 'HOME', false),
  ('941f3125-e107-5b4f-9b31-22a923ca8d99', 'worldcup-2022', 'wc2022_052', 'tuc', 'HOME', false),
  ('8a455940-9a0e-51ed-bd51-080da833608d', 'worldcup-2022', 'wc2022_052', 'co', 'HOME', false),
  ('0b2a8cd3-2ca1-5603-9cf9-04d841007fb5', 'worldcup-2022', 'wc2022_052', 'thuong', 'HOME', false),
  ('c9fcce5f-3cda-583c-8536-f88b9ceb2e6f', 'worldcup-2022', 'wc2022_052', 'tan', 'HOME', false),
  ('f8d96f23-31d8-543f-a3f9-74c6e13ac02c', 'worldcup-2022', 'wc2022_053', 'huy', 'HOME', false),
  ('8551bdc8-b2bb-51f5-9e18-b1754f7f4471', 'worldcup-2022', 'wc2022_053', 'tien', 'HOME', false),
  ('d7164b5f-b975-591a-91e8-44cf6f72778b', 'worldcup-2022', 'wc2022_053', 'lam', 'AWAY', false),
  ('c40ae624-7419-5c21-bb6b-765509ae0951', 'worldcup-2022', 'wc2022_053', 'tai', 'HOME', false),
  ('5d399625-42fa-5a8a-9620-a1578a4a8b0f', 'worldcup-2022', 'wc2022_053', 'tang', 'AWAY', false),
  ('e895ae74-9352-5ec8-a719-c77beff36c12', 'worldcup-2022', 'wc2022_053', 'tuc', 'AWAY', false),
  ('c73c438f-60b3-5f36-834e-6ba544c3a456', 'worldcup-2022', 'wc2022_053', 'co', 'HOME', false),
  ('4b4e8362-e45e-5c88-ab4c-516b20d02c40', 'worldcup-2022', 'wc2022_053', 'thuong', 'HOME', false),
  ('d5a27695-c43c-5a62-8fd3-ef4fdddf89ef', 'worldcup-2022', 'wc2022_053', 'tan', 'AWAY', false),
  ('e0500c37-d85e-5fa6-92f0-eaac802ffc29', 'worldcup-2022', 'wc2022_054', 'huy', 'HOME', false),
  ('5bc6fcca-1c30-504e-8e5b-4a0c62a01fb7', 'worldcup-2022', 'wc2022_054', 'tien', 'HOME', false),
  ('fae931e2-fe91-56ad-9022-2e6fefd44e01', 'worldcup-2022', 'wc2022_054', 'lam', 'HOME', false),
  ('b5634c9c-d216-58bb-91be-0c060bbc12c3', 'worldcup-2022', 'wc2022_054', 'tai', 'AWAY', false),
  ('13d06841-8343-5268-bb26-569b8a453158', 'worldcup-2022', 'wc2022_054', 'tang', 'HOME', false),
  ('b92d000a-d10f-5141-a59d-694365d6a9ad', 'worldcup-2022', 'wc2022_054', 'tuc', 'HOME', false),
  ('cae1b812-623a-56b1-b9ec-bb234e0f5784', 'worldcup-2022', 'wc2022_054', 'co', 'HOME', false),
  ('f93b2159-106b-5cf6-bec0-0881933ea927', 'worldcup-2022', 'wc2022_054', 'thuong', 'HOME', false),
  ('38d6c852-069a-548e-a108-15ee24ac5726', 'worldcup-2022', 'wc2022_054', 'tan', 'AWAY', false),
  ('8c6f7612-d9f4-56df-942e-ebedffd9c190', 'worldcup-2022', 'wc2022_055', 'huy', 'HOME', false),
  ('17286020-aeb1-5d45-b3ac-62c399195b32', 'worldcup-2022', 'wc2022_055', 'tien', 'AWAY', false),
  ('a5660dbb-98b0-5c1c-b66d-cdfedf7a33d6', 'worldcup-2022', 'wc2022_055', 'lam', 'AWAY', false),
  ('663a3759-efd3-5739-b439-2cce4e438bd3', 'worldcup-2022', 'wc2022_055', 'tai', 'AWAY', false),
  ('7519de64-b301-5a4d-9bce-43007bb44012', 'worldcup-2022', 'wc2022_055', 'tang', 'AWAY', false),
  ('6107edf9-d522-5733-862c-5bd8d163f9e4', 'worldcup-2022', 'wc2022_055', 'tuc', 'AWAY', false),
  ('6b5bdc1a-381b-5115-bb56-f6d1cb262ca1', 'worldcup-2022', 'wc2022_055', 'co', 'AWAY', false),
  ('7c18d848-70db-5364-b1e3-cbf643581030', 'worldcup-2022', 'wc2022_055', 'thuong', 'HOME', false),
  ('d5888599-8ef8-57fa-99db-7ead8cc2d937', 'worldcup-2022', 'wc2022_055', 'tan', 'AWAY', false),
  ('08c5b999-71cb-57a3-9b3b-50b83c9a77c1', 'worldcup-2022', 'wc2022_056', 'huy', 'AWAY', false),
  ('cd1c99e4-dd10-561a-9417-944f1e9a722a', 'worldcup-2022', 'wc2022_056', 'tien', 'HOME', false),
  ('a83d0d9b-6e7a-5735-bc22-eecf4996adaa', 'worldcup-2022', 'wc2022_056', 'lam', 'HOME', false),
  ('cb14a348-e508-543e-b69f-663aafb74774', 'worldcup-2022', 'wc2022_056', 'tai', 'HOME', false),
  ('15ab2ac4-5258-502d-bb57-5f7ba3c86410', 'worldcup-2022', 'wc2022_056', 'tang', 'HOME', false),
  ('b7e091f2-1573-5d82-8118-2dd66990d980', 'worldcup-2022', 'wc2022_056', 'tuc', 'HOME', false),
  ('e473a3cd-e963-5fe9-bde7-a4dd825900f0', 'worldcup-2022', 'wc2022_056', 'co', 'AWAY', false),
  ('5a9dee84-3234-564d-ba21-be333e463658', 'worldcup-2022', 'wc2022_056', 'thuong', 'HOME', false),
  ('9b69e5a2-4d6c-5550-a6a7-befab4c9ccf2', 'worldcup-2022', 'wc2022_056', 'tan', 'HOME', false),
  ('06a06ffe-6655-5641-97e5-02242186cc0f', 'worldcup-2022', 'wc2022_057', 'huy', 'HOME', false),
  ('47d16061-4436-54ed-b177-fc64a894c74a', 'worldcup-2022', 'wc2022_057', 'tien', 'AWAY', true),
  ('60b52284-0ff4-5825-839b-64135f26c650', 'worldcup-2022', 'wc2022_057', 'lam', 'AWAY', false),
  ('0b937b38-7e20-5e19-8dbb-de8602bd8895', 'worldcup-2022', 'wc2022_057', 'tai', 'AWAY', false),
  ('0f9efcaf-f77e-5b9a-93af-6244f8996ee8', 'worldcup-2022', 'wc2022_057', 'tang', 'HOME', false),
  ('fee949e6-b64c-5307-8cc1-910fd061be1e', 'worldcup-2022', 'wc2022_057', 'tuc', 'AWAY', false),
  ('37081889-0907-55f0-8093-7175cb2a5b2f', 'worldcup-2022', 'wc2022_057', 'co', 'AWAY', true),
  ('0d05edef-5c92-5d68-ba60-54a142819eb2', 'worldcup-2022', 'wc2022_057', 'thuong', 'HOME', false),
  ('be488807-dad1-5cfc-af09-519df715c766', 'worldcup-2022', 'wc2022_057', 'tan', 'AWAY', false),
  ('92262abc-b304-5b62-8617-7e261a4bbb19', 'worldcup-2022', 'wc2022_058', 'huy', 'AWAY', false),
  ('b5870dd6-add4-56b0-9f93-2ed040fef29a', 'worldcup-2022', 'wc2022_058', 'tien', 'HOME', false),
  ('6877cbbd-4a94-5782-a1fb-8dfe868c2259', 'worldcup-2022', 'wc2022_058', 'lam', 'HOME', false),
  ('848b068c-2fbe-53e2-a764-75c849aabb70', 'worldcup-2022', 'wc2022_058', 'tai', 'HOME', false),
  ('b2cbbd6a-742c-5ddc-8b89-dcef53ba24a2', 'worldcup-2022', 'wc2022_058', 'tang', 'AWAY', false),
  ('02e7aecb-cd94-5419-b6b1-771b56629858', 'worldcup-2022', 'wc2022_058', 'tuc', 'HOME', false),
  ('7db13471-c913-5174-9c5d-d4fbbac8c2d7', 'worldcup-2022', 'wc2022_058', 'co', 'AWAY', false),
  ('d3da2349-fa24-59f8-889a-83ff2f6782ac', 'worldcup-2022', 'wc2022_058', 'thuong', 'HOME', false),
  ('d095eb58-9de2-56fa-b874-457a843f7cac', 'worldcup-2022', 'wc2022_058', 'tan', 'HOME', false),
  ('a1f5bf95-2647-55a6-a106-c1e8698e1cce', 'worldcup-2022', 'wc2022_059', 'huy', 'HOME', false),
  ('d8218ca8-4d70-5264-b150-3a203c2eaae1', 'worldcup-2022', 'wc2022_059', 'tien', 'AWAY', false),
  ('19c26d9e-3164-5a15-a5d7-59e23d3ef0d0', 'worldcup-2022', 'wc2022_059', 'lam', 'AWAY', false),
  ('d9451b3e-4692-5c48-98e4-d46eeaf43023', 'worldcup-2022', 'wc2022_059', 'tai', 'AWAY', false),
  ('db12f416-7be7-5bf3-ae00-5520a77e57dd', 'worldcup-2022', 'wc2022_059', 'tang', 'HOME', false),
  ('239d6bfd-ee5d-5206-88f9-c4a263c9a99a', 'worldcup-2022', 'wc2022_059', 'tuc', 'AWAY', false),
  ('b2188b2b-4da0-5a59-ad18-f9360091e3cd', 'worldcup-2022', 'wc2022_059', 'co', 'HOME', false),
  ('01f6d9c4-8462-571d-b00e-d12e7715e411', 'worldcup-2022', 'wc2022_059', 'thuong', 'HOME', false),
  ('86b618c3-178f-5573-b061-2e4729c711cb', 'worldcup-2022', 'wc2022_059', 'tan', 'AWAY', false),
  ('3559cb39-5161-5613-ad6e-b0ea22eff634', 'worldcup-2022', 'wc2022_060', 'huy', 'AWAY', false),
  ('bc306ae6-f346-57fa-bf5d-de8b365edbf6', 'worldcup-2022', 'wc2022_060', 'tien', 'AWAY', false),
  ('19057afd-a641-536e-a65a-b09140c80fb5', 'worldcup-2022', 'wc2022_060', 'lam', 'HOME', false),
  ('a9ca4244-fde8-597a-b641-6094db08c1c9', 'worldcup-2022', 'wc2022_060', 'tai', 'AWAY', false),
  ('3b73d548-ecab-543f-9e82-87e0045fe271', 'worldcup-2022', 'wc2022_060', 'tang', 'AWAY', false),
  ('608dfec9-bc27-5675-b5fe-313845de5ce6', 'worldcup-2022', 'wc2022_060', 'tuc', 'HOME', false),
  ('47fc0080-256f-5138-8caf-380d0a38f784', 'worldcup-2022', 'wc2022_060', 'co', 'HOME', false),
  ('564c0249-0aea-5783-8dd3-a6756b343a14', 'worldcup-2022', 'wc2022_060', 'thuong', 'HOME', false),
  ('2a2e62eb-8018-5dc2-950b-f890b89f029f', 'worldcup-2022', 'wc2022_060', 'tan', 'AWAY', false),
  ('0e622524-0995-5adf-9c39-1fead8c1044a', 'worldcup-2022', 'wc2022_061', 'huy', 'AWAY', false),
  ('f4557533-4755-502d-8d6d-975d4b86bcce', 'worldcup-2022', 'wc2022_061', 'tien', 'AWAY', false),
  ('757f18ca-4e06-563c-b0b0-9e057664a5fc', 'worldcup-2022', 'wc2022_061', 'lam', 'AWAY', false),
  ('8af7763d-7c26-5af9-97a2-7840c2dc7283', 'worldcup-2022', 'wc2022_061', 'tai', 'AWAY', false),
  ('cad3d04a-df33-540d-aeae-ca63c23ad5e9', 'worldcup-2022', 'wc2022_061', 'tang', 'AWAY', false),
  ('c745bf13-288a-5c85-8632-421509fd7e44', 'worldcup-2022', 'wc2022_061', 'tuc', 'AWAY', false),
  ('f72fcdb3-b201-52eb-9e4b-d803a21da521', 'worldcup-2022', 'wc2022_061', 'co', 'HOME', true),
  ('3d001b23-6ab7-51a7-8d58-273018110770', 'worldcup-2022', 'wc2022_061', 'thuong', 'HOME', false),
  ('ca416a41-7824-5c91-8206-75dfbde7d59b', 'worldcup-2022', 'wc2022_061', 'tan', 'HOME', false),
  ('daaef18c-c7e1-58f8-88a5-019eaf520917', 'worldcup-2022', 'wc2022_062', 'huy', 'HOME', false),
  ('9e7a5a53-6b64-5d9c-9ee4-ae5c62ebc7c2', 'worldcup-2022', 'wc2022_062', 'tien', 'HOME', true),
  ('f34b3ec0-380e-5538-8a35-d967d46ca511', 'worldcup-2022', 'wc2022_062', 'lam', 'HOME', false),
  ('27eb1778-a216-5a7b-aa9e-f1dec8e9412b', 'worldcup-2022', 'wc2022_062', 'tai', 'HOME', false),
  ('3ef80a04-e07d-5869-a210-d4283b32dc1c', 'worldcup-2022', 'wc2022_062', 'tang', 'HOME', false),
  ('18677649-f6b9-5c6c-b141-54cb4c935f52', 'worldcup-2022', 'wc2022_062', 'tuc', 'HOME', false),
  ('4f5af6e7-3296-5731-a60c-933873b0516a', 'worldcup-2022', 'wc2022_062', 'co', 'HOME', false),
  ('d394c2a0-46eb-5732-b441-bdf01043e078', 'worldcup-2022', 'wc2022_062', 'thuong', 'HOME', false),
  ('0549944f-d557-5a26-b9e2-52c02b910116', 'worldcup-2022', 'wc2022_062', 'tan', 'HOME', false),
  ('a94c491e-6fea-59ff-baaf-7aa1fb3c3288', 'worldcup-2022', 'wc2022_063', 'huy', 'HOME', false),
  ('81d4140a-b360-54fe-8b65-6da544e2f47c', 'worldcup-2022', 'wc2022_063', 'tien', 'AWAY', false),
  ('782324b6-2048-5e4a-88cf-1a5884d089e3', 'worldcup-2022', 'wc2022_063', 'lam', 'AWAY', false),
  ('d64da61d-7cfa-5557-856d-4beb18fc30a3', 'worldcup-2022', 'wc2022_063', 'tai', 'HOME', false),
  ('966df4f5-9a02-5797-9c62-0f7cb872d0fc', 'worldcup-2022', 'wc2022_063', 'tang', 'HOME', false),
  ('88b4938c-62de-5b5e-850f-d35b56bf573a', 'worldcup-2022', 'wc2022_063', 'tuc', 'AWAY', false),
  ('280d34a6-4995-5f52-a33d-e55243eb64ae', 'worldcup-2022', 'wc2022_063', 'co', 'AWAY', true),
  ('57fb5fdb-a8ff-5f03-bb77-3da95218f052', 'worldcup-2022', 'wc2022_063', 'thuong', 'HOME', false),
  ('2b86cc7c-1a2e-54c7-816d-6f0c58425122', 'worldcup-2022', 'wc2022_063', 'tan', 'AWAY', false),
  ('d301d4c2-a3d0-59a9-8881-dbad1238884b', 'worldcup-2022', 'wc2022_064', 'huy', 'AWAY', false),
  ('3fb91886-22bd-5c95-89e4-b89ec97b401b', 'worldcup-2022', 'wc2022_064', 'tien', 'AWAY', false),
  ('ff553db3-81d4-5c4a-878a-45d8236ced67', 'worldcup-2022', 'wc2022_064', 'lam', 'AWAY', false),
  ('f15177b8-4a7e-5fd0-ad82-edcae983f67b', 'worldcup-2022', 'wc2022_064', 'tai', 'AWAY', false),
  ('d88c91cd-1caf-5f5c-8250-3f8e479204b1', 'worldcup-2022', 'wc2022_064', 'tang', 'AWAY', false),
  ('bb12884f-1d10-5026-b7bb-b8e4f63ecaa8', 'worldcup-2022', 'wc2022_064', 'tuc', 'AWAY', false),
  ('703a9728-6548-5ee7-885c-0b5d36ab6906', 'worldcup-2022', 'wc2022_064', 'co', 'HOME', false),
  ('074b9768-c1cd-5de9-9daa-5e6f6d742f92', 'worldcup-2022', 'wc2022_064', 'thuong', 'HOME', false),
  ('9e034c5c-e5b2-5634-80f4-b509487c4c5a', 'worldcup-2022', 'wc2022_064', 'tan', 'AWAY', false)
on conflict (match_id, player_id) do update set
  id = excluded.id,
  competition_id = excluded.competition_id,
  choice = excluded.choice,
  hope_star = excluded.hope_star,
  updated_at = now();

insert into public.settlements (id, competition_id, match_id, player_id, prediction_id, status, penalty_vnd) values
  ('8285611a-d475-562e-9190-c4aa2fe2c578', 'worldcup-2022', 'wc2022_001', 'huy', '3b6c2a25-f9bd-5374-abf7-6a32f23862b0', 'WIN', 0),
  ('547edd3f-a621-50ab-8af2-2486d9856c9e', 'worldcup-2022', 'wc2022_001', 'tien', 'cdd4b65e-f8fc-526b-aa1e-42112017e03d', 'WIN', 0),
  ('8acf64e4-eaa4-58d6-bb5a-d8017d1c2e78', 'worldcup-2022', 'wc2022_001', 'lam', '813064f7-190f-5854-a938-81ebcf5a7843', 'LOSE', 10000),
  ('10683b09-e656-585a-a552-7f6b1a22ea36', 'worldcup-2022', 'wc2022_001', 'tai', 'b5f799de-be91-52f8-a73e-3a366b384e9c', 'WIN', 0),
  ('97e130d7-901e-56c0-bf5f-01a268e81330', 'worldcup-2022', 'wc2022_001', 'tang', 'c82874ef-f9cb-5cda-907b-43d41eebbe3b', 'LOSE', 10000),
  ('bf141eca-8c4f-5467-a989-d1af35b21538', 'worldcup-2022', 'wc2022_001', 'tuc', '94bec75e-8bdf-5c57-9c7b-130f8cf0026e', 'WIN', 0),
  ('6a700f93-79cc-5a20-86de-b24b33ed81b6', 'worldcup-2022', 'wc2022_001', 'co', '6ee0dd2e-6832-5a7c-9a69-a8b6d6e9be03', 'LOSE', 10000),
  ('4e5c26d6-fe6d-519f-a843-f6e5fb429a64', 'worldcup-2022', 'wc2022_001', 'thuong', '114adf45-ee6d-54d3-8fa0-d99744b24382', 'LOSE', 10000),
  ('52348bcc-3fd0-59d7-981a-b8b39eaa12ad', 'worldcup-2022', 'wc2022_001', 'tan', 'fd9d61c3-b6a9-5176-9e18-a936ae3e83d1', 'LOSE', 10000),
  ('adc73d30-cbce-5b38-9c3c-ec114ba9f2e7', 'worldcup-2022', 'wc2022_002', 'huy', '9a979644-12b7-535a-a722-da0208d3f832', 'WIN', 0),
  ('5d8aff47-0a00-5068-a229-4e0916bf0218', 'worldcup-2022', 'wc2022_002', 'tien', '44a25acc-d9bb-5a56-9b5b-34260117dbfc', 'WIN', 0),
  ('cd0d4da3-a375-5dc1-8cb9-2aa7f2a743ac', 'worldcup-2022', 'wc2022_002', 'lam', 'cef7f763-3c2b-51bb-b0b7-0dada04b89f2', 'LOSE', 10000),
  ('177d0626-edaa-5bab-bc49-86b4af851cd9', 'worldcup-2022', 'wc2022_002', 'tai', 'f4d8ea29-64bd-5f33-a5dc-7bfec02142e3', 'WIN', 0),
  ('a2299b2f-772d-50da-a9bd-1d7283ba14a6', 'worldcup-2022', 'wc2022_002', 'tang', '17ddd1dd-4fbd-5bd0-baea-97916f7119a6', 'WIN', 0),
  ('de6eb2b5-565a-5e48-9a2a-ca595d2e9da2', 'worldcup-2022', 'wc2022_002', 'tuc', '60901bf9-2307-59f9-9b35-e4fa31067478', 'WIN', 0),
  ('2673f8e5-5102-5698-a66a-b69bd1efcecd', 'worldcup-2022', 'wc2022_002', 'co', '5b7b96a9-eb34-5631-bd82-aebd15134d98', 'WIN', 0),
  ('772d8a8f-6174-51f6-aef9-75b80d484d7d', 'worldcup-2022', 'wc2022_002', 'thuong', '263fac3b-2021-5c68-bf85-44b1b9fc1132', 'LOSE', 10000),
  ('bc60b9b4-1b47-5869-8e7f-2de502b0256a', 'worldcup-2022', 'wc2022_002', 'tan', 'c9f2993d-04f3-5f97-a13c-91046479b76a', 'WIN', 0),
  ('f8aa983c-5e2b-59f2-b02a-2385f17ad00f', 'worldcup-2022', 'wc2022_003', 'huy', '9ed1926a-778c-5aa2-ac2a-b99484cd962a', 'WIN', 0),
  ('2120166c-8abf-5564-84e7-61b045e58c73', 'worldcup-2022', 'wc2022_003', 'tien', 'ffabfced-231e-5efb-9640-2b02ef36ed89', 'WIN', 0),
  ('c2f2ce10-909d-5917-86d2-ec09d78aba08', 'worldcup-2022', 'wc2022_003', 'lam', 'd0481e77-33cb-5e04-9a12-5d2e5fd73c8f', 'WIN', 0),
  ('6e21e60d-f35c-5883-8c61-387da566d630', 'worldcup-2022', 'wc2022_003', 'tai', 'bd472fef-a638-516f-b537-c8a16078d1b3', 'WIN', 0),
  ('5862fc7a-30de-547e-b591-c6a1ee45b570', 'worldcup-2022', 'wc2022_003', 'tang', 'c30eb836-23df-515a-8e84-ce2b41f3dba6', 'WIN', 0),
  ('461f5b06-17fe-5078-a117-1414cb2ed9f9', 'worldcup-2022', 'wc2022_003', 'tuc', 'f3fe82c5-e83a-5255-adca-1608e4949392', 'LOSE', 10000),
  ('d8a4e252-4715-57d6-bf10-f4a0cbbf0d6e', 'worldcup-2022', 'wc2022_003', 'co', '36c80b5f-015b-59be-97c1-63780e030b64', 'WIN', 0),
  ('bb41eb08-be4c-52e8-9a54-ee617e6a8396', 'worldcup-2022', 'wc2022_003', 'thuong', 'ddd222cd-a3ab-5340-a2f0-c0cbf9a83d56', 'WIN', 0),
  ('9d9f817d-4178-5ddf-9e5e-87750139c6aa', 'worldcup-2022', 'wc2022_003', 'tan', 'b9b9b66f-f84a-5377-bfe7-7eef77bf271c', 'WIN', 0),
  ('7e3569bd-8c54-51f9-9ecb-1daf84706a55', 'worldcup-2022', 'wc2022_004', 'huy', '450cf307-2082-5141-8ca7-6ff9587d13f8', 'LOSE_HALF', 5000),
  ('dd2fb979-395e-5c98-8b2a-edcf0953a6bf', 'worldcup-2022', 'wc2022_004', 'tien', '8eb5e26b-c977-5d00-9469-309a4f739558', 'WIN', 0),
  ('5014fe75-0aae-59d8-928e-fd27dfad1030', 'worldcup-2022', 'wc2022_004', 'lam', '5309da17-3347-545c-8bc8-a9bbae3f46bd', 'WIN', 0),
  ('b0aa75ad-17ba-5a10-8b98-2614fd774801', 'worldcup-2022', 'wc2022_004', 'tai', 'b95d64b1-1054-59cf-9894-01f2a965b274', 'LOSE_HALF', 5000),
  ('2f7a17ca-97de-5b94-9912-59ea1b5e75da', 'worldcup-2022', 'wc2022_004', 'tang', '70b7edf6-07a0-5a92-87ba-613a91a64094', 'WIN', 0),
  ('304b8d33-6084-5312-b963-02f01f9b19c5', 'worldcup-2022', 'wc2022_004', 'tuc', 'f9760529-8c33-52c0-bd07-fe3ce82c1edc', 'WIN', 0),
  ('e7a550ce-545f-53a1-87aa-739c97e26e50', 'worldcup-2022', 'wc2022_004', 'co', 'a4439dda-0693-50c7-b5c6-12e894d2789e', 'WIN', 0),
  ('c8d69196-7e37-5bc6-ac53-9308d4fa6450', 'worldcup-2022', 'wc2022_004', 'thuong', '4f90fae8-2002-5470-af89-dd4cceb93aa6', 'LOSE_HALF', 5000),
  ('131f1fbc-9471-5a0e-93f0-96b4b3db02b1', 'worldcup-2022', 'wc2022_004', 'tan', '40fddb11-fa78-58fd-9afb-caa57d24f33f', 'WIN', 0),
  ('1faa4786-652e-574d-8b18-593ec75177e4', 'worldcup-2022', 'wc2022_005', 'huy', 'c2805ee4-fb9c-5c0b-aa01-76665125d875', 'LOSE', 10000),
  ('9eb58f78-2437-5a1e-9c5b-2e3041f87c8d', 'worldcup-2022', 'wc2022_005', 'tien', '3cdd2b4c-8ba6-5e37-8eda-4541450f0298', 'LOSE', 10000),
  ('45a65a46-d443-5d95-8bed-fc3213fa83e0', 'worldcup-2022', 'wc2022_005', 'lam', '265eb436-47cb-5291-9c83-9db608552dbf', 'LOSE', 10000),
  ('a0b14cb6-6bd9-5fc3-ad3e-f0c48a227458', 'worldcup-2022', 'wc2022_005', 'tai', '618c1882-ba4c-563f-a988-381597319a12', 'WIN', 0),
  ('9f542883-b187-51e5-98df-f8b3ac2c26b4', 'worldcup-2022', 'wc2022_005', 'tang', '765bfb03-7f14-5198-be3e-74df8c4e0bb2', 'LOSE', 10000),
  ('a0daad85-3ce7-5020-9f16-dca61ff5df20', 'worldcup-2022', 'wc2022_005', 'tuc', '194524b9-0b05-5cb3-813e-699cf5132745', 'LOSE', 10000),
  ('d3fa4fd7-f94e-5f1a-8d6d-f03d38b9ffdc', 'worldcup-2022', 'wc2022_005', 'co', '04c187a4-36d6-538a-983c-f3929cead9aa', 'LOSE', 10000),
  ('7c26cb51-cd08-53fd-a129-ce5e68dbe376', 'worldcup-2022', 'wc2022_005', 'thuong', '73cc890a-62d6-5d9d-a829-6a530715952b', 'LOSE', 10000),
  ('a455e73f-3748-5f7e-af7c-cf5a7d61afd5', 'worldcup-2022', 'wc2022_005', 'tan', '49ddd33c-a63e-5a17-b91f-c0476c126ff7', 'LOSE', 10000),
  ('aa20ebac-9c30-5767-84e2-5f671850ab46', 'worldcup-2022', 'wc2022_006', 'huy', '79fea0ab-00b0-5ba1-9321-c39ea78a68c3', 'LOSE', 10000),
  ('2951e9e6-b33b-5860-9638-c19090664aa5', 'worldcup-2022', 'wc2022_006', 'tien', 'd73bae7e-72ab-5163-a6c6-edff6591cca8', 'LOSE', 10000),
  ('131ecec9-68b1-5539-8c1b-1453a06b1fd1', 'worldcup-2022', 'wc2022_006', 'lam', '4040da42-8b44-592a-923c-cd9d1883ca50', 'LOSE', 10000),
  ('4369a479-d4a3-51b6-8032-40946e8dbf2c', 'worldcup-2022', 'wc2022_006', 'tai', '00b31052-bf00-56ee-a6d5-8af8b8157ca9', 'LOSE', 10000),
  ('13064401-a336-5354-be2d-c231e14e26dc', 'worldcup-2022', 'wc2022_006', 'tang', 'd3fe8cd1-ffa6-50f2-9f34-603732ade239', 'LOSE', 10000),
  ('e516ba98-803f-5ad1-b9ba-3785cc4cad06', 'worldcup-2022', 'wc2022_006', 'tuc', '4a4fc92d-fd04-5209-afdb-a2c66114f773', 'LOSE', 10000),
  ('8b46591b-ea09-5d2f-a610-d36ddd0cc2f0', 'worldcup-2022', 'wc2022_006', 'co', 'ec5d360f-3733-5713-82bc-fef943ea00c6', 'LOSE', 10000),
  ('607d784a-8807-50ce-a31e-d121ab797869', 'worldcup-2022', 'wc2022_006', 'thuong', '0223f353-2d43-5bfc-8781-b3801ef62027', 'LOSE', 10000),
  ('5ff630de-5e44-5be7-86eb-d8e3f1359620', 'worldcup-2022', 'wc2022_006', 'tan', 'e416088d-3035-5172-86ac-6a10ce2f72be', 'LOSE', 10000),
  ('f06be791-9abd-5b2a-9ef8-507561c7924d', 'worldcup-2022', 'wc2022_007', 'huy', 'c4fbb1f0-007f-511c-9125-da3e4f04955e', 'WIN', 0),
  ('2da7dd3f-c05a-56c6-a36f-3809ee120c5b', 'worldcup-2022', 'wc2022_007', 'tien', 'c33ba481-dd11-5383-9ea6-c7c73b2e1ffd', 'WIN', 0),
  ('9a8c1664-1f48-582a-bbc2-cbc350a8cad6', 'worldcup-2022', 'wc2022_007', 'lam', '1d7ece32-39ce-5baa-b133-458d49bc6cb6', 'WIN', 0),
  ('16a5f212-d44b-5ad3-930f-9e71f5a8ebe1', 'worldcup-2022', 'wc2022_007', 'tai', 'a9c45a90-bff3-5840-be12-dff6b347c1ea', 'WIN', 0),
  ('d5981ac2-9846-53ce-a814-b25b86100284', 'worldcup-2022', 'wc2022_007', 'tang', '0a3ff7a8-03b9-5a01-a43d-517b486f66d2', 'WIN', 0),
  ('6f65bc0e-438e-5437-9903-af1cb8d5cf24', 'worldcup-2022', 'wc2022_007', 'tuc', 'c35e2071-d2ad-5d81-8b6d-ba15b297070c', 'WIN', 0),
  ('dc95ff90-e27e-56dd-8349-2b1b12f55521', 'worldcup-2022', 'wc2022_007', 'co', '7f81fc79-2752-5b1e-b0d3-1244b64130b9', 'WIN', 0),
  ('dfa5e8c9-cd6e-57a3-9e07-649808560db8', 'worldcup-2022', 'wc2022_007', 'thuong', '8b8fc77e-55f4-59b8-9e9a-83c3a62d1716', 'WIN', 0),
  ('3c302993-0f15-5390-b78c-fbf1d8955743', 'worldcup-2022', 'wc2022_007', 'tan', '5d78ac68-90eb-56fe-8bb6-b28febec217d', 'WIN', 0),
  ('a843228a-4b88-56b9-8828-593812275857', 'worldcup-2022', 'wc2022_008', 'huy', '7542af60-31ff-5584-94a0-c489e6a6406b', 'WIN', 0),
  ('8ce6e359-a147-581b-b1ec-a6473a7366a0', 'worldcup-2022', 'wc2022_008', 'tien', 'd0c0099f-550a-58c0-bcb8-4d7bc6f9388b', 'WIN', 0),
  ('086ceee7-77d1-5dc8-957f-48fe54216c21', 'worldcup-2022', 'wc2022_008', 'lam', '66499f7b-63c2-5390-bea6-c660e8af54c2', 'WIN', 0),
  ('dff6df04-45aa-5fe4-81d5-d7506fee82de', 'worldcup-2022', 'wc2022_008', 'tai', '03cb2dba-4084-5eef-9f92-e86bdccdd090', 'WIN', 0),
  ('52cac7ac-4d1d-5586-81f9-2f7be940209d', 'worldcup-2022', 'wc2022_008', 'tang', 'e7a068db-4b77-5f35-9316-d257b212e8cd', 'WIN', 0),
  ('b4ea352f-ac1f-58ca-946b-aea8cdaecf58', 'worldcup-2022', 'wc2022_008', 'tuc', '0a27f51d-ec02-5df5-93fa-6ce36bf6e763', 'WIN', 0),
  ('90a65c0c-2181-58f3-8b8d-848dc7126d3d', 'worldcup-2022', 'wc2022_008', 'co', '52818b1b-07f3-5351-a66a-ba402f7dc317', 'WIN', 0),
  ('23ccdfce-d41f-57c1-9691-7f48ad0f173c', 'worldcup-2022', 'wc2022_008', 'thuong', '8c7b91b9-6078-5d0a-9b94-d85c8850b71d', 'WIN', 0),
  ('811975e6-8989-5b89-aad6-2e2f8ede9844', 'worldcup-2022', 'wc2022_008', 'tan', '3cc63670-c924-520b-864a-8cdfe4ee76ad', 'WIN', 0),
  ('dae5987e-a093-5b3a-b7c1-8ee1c444abaa', 'worldcup-2022', 'wc2022_009', 'huy', '0e650d38-b7e0-5152-bf81-19b187f0158f', 'LOSE_HALF', 5000),
  ('92e96f06-7672-5957-8019-58c4ec65cc1d', 'worldcup-2022', 'wc2022_009', 'tien', '9d1aa42d-fce7-5275-8147-9d5e0348931c', 'LOSE_HALF', 5000),
  ('27e142e2-a588-538c-937c-840b13a7c0be', 'worldcup-2022', 'wc2022_009', 'lam', 'abd1d5f0-8fd2-526b-8e5a-b6bb1b0249e4', 'LOSE_HALF', 5000),
  ('5dde35de-0f01-5ac3-9c85-964a896a6600', 'worldcup-2022', 'wc2022_009', 'tai', '10b449d7-7531-5af6-9e81-173a8d8296a0', 'LOSE_HALF', 5000),
  ('5abb7f24-a2c7-5976-82ad-7441c588a980', 'worldcup-2022', 'wc2022_009', 'tang', '1b6a0e58-0551-5314-9c1e-3d937bd64e6a', 'LOSE_HALF', 5000),
  ('3c018461-0a64-5c9c-bbc8-243ba91a1bd7', 'worldcup-2022', 'wc2022_009', 'tuc', 'cc696636-6e6b-595d-aa97-99daa2f8bc4e', 'LOSE_HALF', 5000),
  ('0e656609-0077-5741-832a-62a1ac2a42a5', 'worldcup-2022', 'wc2022_009', 'co', '2fa961d2-cf8a-5711-b794-3a5f103f1ab9', 'LOSE_HALF', 5000),
  ('6e3a4077-7fb4-5d3b-b8cc-ad5f341cad9a', 'worldcup-2022', 'wc2022_009', 'thuong', '332475e8-0676-5e16-8623-554cd0e918dc', 'WIN', 0),
  ('e5a5cb82-24cd-55f2-9976-e1e998478af1', 'worldcup-2022', 'wc2022_009', 'tan', '8319360b-a314-5671-92cb-8d4be383f4ef', 'LOSE_HALF', 5000),
  ('576272b1-74fc-5490-bc4d-0fe60ac693ee', 'worldcup-2022', 'wc2022_010', 'huy', '939f210e-8348-5859-9572-31d60ebc0151', 'WIN', 0),
  ('bcb777a9-7b5b-53c3-9c3a-401e6f512ed2', 'worldcup-2022', 'wc2022_010', 'tien', '1d343099-7af4-5a5b-8580-383610c205d6', 'LOSE', 10000),
  ('ddc58c4a-5aef-567d-ac1a-34cc1e0fac1c', 'worldcup-2022', 'wc2022_010', 'lam', 'b1d8b005-e8e7-572c-9934-2305e4bd44b4', 'WIN', 0),
  ('86ffdde5-6c42-510f-9bcb-a7c87e7ee7c7', 'worldcup-2022', 'wc2022_010', 'tai', '500f050d-663d-5855-a4cc-ae1e8e0d64fe', 'LOSE', 10000),
  ('d2c18c75-d12e-544a-b63d-38def2a764ce', 'worldcup-2022', 'wc2022_010', 'tang', '1c742d0d-8b07-59f1-9e5e-173105f4fd7d', 'LOSE', 10000),
  ('001d412f-1553-5b80-8440-8d62e7142af6', 'worldcup-2022', 'wc2022_010', 'tuc', 'ac301e60-363d-5f44-936a-5f8389551487', 'LOSE', 10000),
  ('32b89ca7-7168-532f-8ca0-afd0a616f568', 'worldcup-2022', 'wc2022_010', 'co', '7f27edfd-fedf-5a1c-9578-cb163270a556', 'LOSE', 10000),
  ('8ff44082-3a4e-5e07-acf7-160eb7d585ed', 'worldcup-2022', 'wc2022_010', 'thuong', 'e2294f24-3426-5f55-a57c-6f50ed2ed0f5', 'LOSE', 10000),
  ('bfe024e3-8158-558f-aa69-e46c401bed62', 'worldcup-2022', 'wc2022_010', 'tan', '99e8bd5c-1401-5f6a-a0a9-a4a1308197c9', 'LOSE', 10000),
  ('64cc5dd7-4504-5882-bb70-ae2967681b63', 'worldcup-2022', 'wc2022_011', 'huy', '3a92d7d8-8cb8-55f6-a9d6-0757e7df4d73', 'WIN', 0),
  ('ce110799-a611-5d8d-b639-a245665624d7', 'worldcup-2022', 'wc2022_011', 'tien', 'e5c82ba0-588b-5cdc-ae3f-116f9e471efe', 'LOSE', 10000),
  ('6ddac252-6e72-526f-a481-d2a8dc58bc2c', 'worldcup-2022', 'wc2022_011', 'lam', '24e3da70-c0eb-5b4c-932e-70f8563b0f5d', 'LOSE', 10000),
  ('693b3d9d-63c2-55a9-8954-54b43577ddfd', 'worldcup-2022', 'wc2022_011', 'tai', 'e7bf87fb-6ad0-5454-a4d4-2b1e466574fa', 'LOSE', 10000),
  ('4fc37f44-af7b-5d41-8010-f892657d6e3f', 'worldcup-2022', 'wc2022_011', 'tang', '1d2a0907-7157-57ec-aedb-ed28f155b436', 'WIN', 0),
  ('0deb157d-342a-504b-a4be-e22cd3d3da56', 'worldcup-2022', 'wc2022_011', 'tuc', '7c93388e-cf95-589a-9ad9-c7f10159f5fe', 'LOSE', 10000),
  ('dc1fb60e-f7d6-57db-8f66-4ccfb2f633b2', 'worldcup-2022', 'wc2022_011', 'co', '4465ece9-f259-5bae-8930-1575129ede15', 'WIN', 0),
  ('d0e48570-453f-5390-9e39-9af97adcd36a', 'worldcup-2022', 'wc2022_011', 'thuong', '20645024-bf57-5d6a-9bac-1a90a1e09e21', 'WIN', 0),
  ('6578e5cf-0e61-58ca-94e8-31e36499c568', 'worldcup-2022', 'wc2022_011', 'tan', 'd9badf04-f273-56d6-bf20-b8f2c5132995', 'WIN', 0),
  ('68969408-29ab-526a-a825-4dc1d648e387', 'worldcup-2022', 'wc2022_012', 'huy', '2630504d-d013-5f9e-9cd8-d29bbc349d9c', 'WIN', 0),
  ('e73a4a8d-8a6c-5d5f-bbf5-f50ee80af89f', 'worldcup-2022', 'wc2022_012', 'tien', 'c2657289-d64f-5da8-bc91-8e15beb28a7a', 'WIN', 0),
  ('aaeeaf0a-5dca-5611-9e51-ca60bcb5cb86', 'worldcup-2022', 'wc2022_012', 'lam', '228e39e2-b679-593d-8719-75344e751a71', 'WIN', 0),
  ('b6795c6e-edd5-5202-8f40-f0b25f91a3b1', 'worldcup-2022', 'wc2022_012', 'tai', 'b2ad4066-9e48-56a6-89f2-47538c91062c', 'WIN', 0),
  ('11d46fc6-32fa-51b1-84ce-6153f145010e', 'worldcup-2022', 'wc2022_012', 'tang', '4cdd0670-33db-553e-8ca3-21d27d7b46c4', 'WIN', 0),
  ('231c4811-690e-5914-a57c-65a54550efe3', 'worldcup-2022', 'wc2022_012', 'tuc', 'c487e0d7-a484-5c6a-b299-922c11c18a3f', 'WIN', 0),
  ('8018e52e-7397-5cf5-946b-6051ee039a01', 'worldcup-2022', 'wc2022_012', 'co', '23281615-1a73-564c-a097-44739a96296c', 'WIN', 0),
  ('4d07a575-a3f5-518d-953e-355345186f4a', 'worldcup-2022', 'wc2022_012', 'thuong', 'f8363960-aaa1-5474-aa1e-d221ee6ee7fd', 'WIN', 0),
  ('aed1e562-5024-570a-9c64-401d5193ff1a', 'worldcup-2022', 'wc2022_012', 'tan', 'd4136683-a16b-552f-8385-235ecc9f4162', 'WIN', 0),
  ('3ea83725-8db3-51be-bb43-b323e21f200a', 'worldcup-2022', 'wc2022_013', 'huy', '7cb6554d-693f-594e-8251-baca0c24c21f', 'LOSE_HALF', 5000),
  ('04f06c20-2c6d-57a6-a7e7-c002d927293a', 'worldcup-2022', 'wc2022_013', 'tien', '7012414e-ca5d-5f1e-839c-98294aed01db', 'LOSE_HALF', 5000),
  ('87665d32-f202-5ec0-8ea2-0bfa436d7707', 'worldcup-2022', 'wc2022_013', 'lam', '0bf8f720-9a9f-5a74-acb1-6bf8426d41cd', 'LOSE_HALF', 5000),
  ('d8aa11d6-1fca-52e7-8fdf-9f655e423ef6', 'worldcup-2022', 'wc2022_013', 'tai', '0961353a-69da-5a49-8e25-0b38b750e9a3', 'LOSE_HALF', 5000),
  ('432612d2-5142-5cd7-800c-ae0abfa841f3', 'worldcup-2022', 'wc2022_013', 'tang', '7a6a11d4-79b3-56e5-9837-8ba4e006433e', 'LOSE_HALF', 5000),
  ('61178b1a-23c7-5b86-91e8-80e299d8db9d', 'worldcup-2022', 'wc2022_013', 'tuc', 'bba0da86-3592-5487-b809-365ec927b6b8', 'WIN', 0),
  ('64edbd12-110a-5259-b418-990a6ae770d9', 'worldcup-2022', 'wc2022_013', 'co', '4fd0b70d-8acd-56c0-9ffb-09c2a7cf289e', 'LOSE_HALF', 5000),
  ('9a329838-d4b2-5093-8da8-3e2e87b47ad9', 'worldcup-2022', 'wc2022_013', 'thuong', '329d2159-f7d1-596f-85c9-6c3917ff31b6', 'WIN', 0),
  ('ee2da956-6464-52a1-acea-13b5c69b2b78', 'worldcup-2022', 'wc2022_013', 'tan', '65d9ca58-fc88-5a44-bfa1-fddf67079f95', 'WIN', 0),
  ('7f6ac7da-afdd-561c-b62c-28247b5237be', 'worldcup-2022', 'wc2022_014', 'huy', '304560a0-b61f-5b45-a10a-7d40f8760497', 'LOSE', 10000),
  ('a1372c1d-ca92-5887-b533-1090ae3b5527', 'worldcup-2022', 'wc2022_014', 'tien', 'dc866590-c52b-5fb6-8c88-68edbcbd779c', 'LOSE', 10000),
  ('bda58ebf-ab73-591e-a6fe-356081a5a482', 'worldcup-2022', 'wc2022_014', 'lam', 'd2c97f55-7c30-5659-8e80-bd9b2cdf9cfd', 'WIN', 0),
  ('0b6fcf71-0c0a-5570-a141-f723c5190d53', 'worldcup-2022', 'wc2022_014', 'tai', '2e75f3d8-3188-545b-9698-9da91745574b', 'LOSE', 10000),
  ('20f7883e-9d2b-5743-9b61-a45c310e6cb3', 'worldcup-2022', 'wc2022_014', 'tang', '19ea987e-4fbb-5f40-bec1-ff093547315c', 'LOSE', 10000),
  ('98320a43-7daf-5a6c-a360-d77fba8acfe6', 'worldcup-2022', 'wc2022_014', 'tuc', '7158bcf2-f107-5670-b41f-3e6189e07a6c', 'LOSE', 10000),
  ('8986f7ba-5356-54be-942e-5cc547006698', 'worldcup-2022', 'wc2022_014', 'co', '2bda7e2e-d8cc-5518-9a78-92c1ff315344', 'WIN', 0),
  ('5de28723-af9c-5458-9721-94eb60f640e1', 'worldcup-2022', 'wc2022_014', 'thuong', 'cb7c1796-c67c-590e-aebd-3e1b0dff69f5', 'LOSE', 10000),
  ('f912719e-77dd-5e21-8aee-9d04530ac4c1', 'worldcup-2022', 'wc2022_014', 'tan', '9c6f62f4-ee64-5526-becd-2a26cc289241', 'LOSE', 10000),
  ('cf098259-4ec8-5ac8-997c-51a5ed4d696e', 'worldcup-2022', 'wc2022_015', 'huy', '2abb5b0d-d659-563f-8e02-4da619f325c3', 'LOSE_HALF', 5000),
  ('963c602a-efa3-5c23-a649-1fe612f1f286', 'worldcup-2022', 'wc2022_015', 'tien', 'bbafc817-ea0e-5b5c-bf1d-16295be0090c', 'WIN', 0),
  ('4b271a30-ee92-57d0-a977-4485f79e6a93', 'worldcup-2022', 'wc2022_015', 'lam', '975a475b-7a10-5576-bede-2de9c33d6b4d', 'LOSE_HALF', 5000),
  ('fd59dc26-d0ad-5c71-a8a3-916d30f50935', 'worldcup-2022', 'wc2022_015', 'tai', 'd267d4f0-7b6a-5543-8337-313fecaba614', 'WIN', 0),
  ('78162ac6-237c-5fa3-a304-daeb439ecc72', 'worldcup-2022', 'wc2022_015', 'tang', 'a0f35ae7-5a3a-5790-a7b9-fc40451cc926', 'LOSE_HALF', 5000),
  ('ac29993d-fcf9-588d-923a-bcc9c5a3b872', 'worldcup-2022', 'wc2022_015', 'tuc', 'b2536748-d863-5141-ac4b-2e7711ae8176', 'LOSE_HALF', 5000),
  ('31fcd6eb-c76c-5a76-b249-7ba4df7b46cc', 'worldcup-2022', 'wc2022_015', 'co', '84da29ec-2bb3-588a-b553-ffedbcf285b8', 'LOSE_HALF', 5000),
  ('7c788806-bb03-515f-ada1-08d321879ecb', 'worldcup-2022', 'wc2022_015', 'thuong', '6c3c8210-2056-5a7c-9682-7b0d44c94f54', 'LOSE_HALF', 5000),
  ('0749e692-159f-50e9-8bbd-76e8619513a5', 'worldcup-2022', 'wc2022_015', 'tan', '2db2f8e9-bb92-5ab9-bd75-983cf7edd073', 'LOSE_HALF', 5000),
  ('69fcac76-61a9-53e2-b547-86da639f1740', 'worldcup-2022', 'wc2022_016', 'huy', '5395c301-a478-5ac2-83e2-75146d283521', 'WIN', 0),
  ('5e5e0fe9-36f9-560a-91c1-1f03f2b20453', 'worldcup-2022', 'wc2022_016', 'tien', '01b04447-82c6-5dd3-9669-3b4258348595', 'WIN', 0),
  ('ac652693-7863-5329-acc8-832d32506ee2', 'worldcup-2022', 'wc2022_016', 'lam', 'e7a08010-3fe4-5574-aafe-392ff1d94cf9', 'WIN', 0),
  ('e0437634-7715-5135-88c0-ec1cec248168', 'worldcup-2022', 'wc2022_016', 'tai', 'e05dea25-e0f4-586a-8872-50c9c365d0b4', 'WIN', 0),
  ('7090c092-eb5f-5fe4-8c04-9c7e80b2d525', 'worldcup-2022', 'wc2022_016', 'tang', 'edb18a48-fffa-5833-b6d9-af8cf01d9320', 'WIN', 0),
  ('f8e0695a-15b7-5e11-88b6-f28f51230e56', 'worldcup-2022', 'wc2022_016', 'tuc', 'f242fd0b-c5c7-5c6e-b95e-7af260458dcd', 'WIN', 0),
  ('a5bc4e30-542e-5e08-9952-e330c3ca19e5', 'worldcup-2022', 'wc2022_016', 'co', '0a3a3309-86bf-5995-98d4-fd9f3587f6f2', 'WIN', 0),
  ('8ae795ee-fbba-588c-aafd-228756d14ee8', 'worldcup-2022', 'wc2022_016', 'thuong', 'd247b6e0-4220-52ef-830d-12de10ee8625', 'WIN', 0),
  ('f704db99-0021-5a3b-8591-404e1c811f75', 'worldcup-2022', 'wc2022_016', 'tan', '681c4e1c-c2d4-527d-8678-7ae3810087ba', 'WIN', 0),
  ('7de22601-470b-56c8-ad60-380ac4799743', 'worldcup-2022', 'wc2022_017', 'huy', '321352b2-5753-5fe1-8ed3-40bb88c17660', 'LOSE', 10000),
  ('fe89d58d-403f-5652-a2b4-d711b9a60600', 'worldcup-2022', 'wc2022_017', 'tien', '82fe4dca-0442-5757-bfdc-a0f0c0148061', 'WIN', 0),
  ('b3bd0eaa-7d80-5393-8a58-7ecf3d8189db', 'worldcup-2022', 'wc2022_017', 'lam', 'd2e68b75-268d-53ce-bd02-b78e48312280', 'WIN', 0),
  ('fdafa17d-54b8-51be-9ec9-eeac0ef93b58', 'worldcup-2022', 'wc2022_017', 'tai', '583efe28-a67b-545f-811f-77608e8d0e3d', 'LOSE', 10000),
  ('5c117bbf-6cda-5bd8-8f79-0bf9b02a6081', 'worldcup-2022', 'wc2022_017', 'tang', 'c2dea54f-13cd-564f-949b-6ea4fb395618', 'LOSE', 10000),
  ('268eb0de-7627-5ce9-b14c-7d99a14ec623', 'worldcup-2022', 'wc2022_017', 'tuc', '2e1d7cff-6a72-58f7-9afa-0666453bd9a0', 'LOSE', 10000),
  ('b10d011c-abd0-531f-a9a3-bd77403b5294', 'worldcup-2022', 'wc2022_017', 'co', 'b92aed3f-e941-56f8-93e4-3c6bab626f7b', 'LOSE', 10000),
  ('5258135f-ea0d-5908-a34c-e3abeabc67dc', 'worldcup-2022', 'wc2022_017', 'thuong', 'ccbbd39f-335d-5afb-b3e5-6c872a680be1', 'LOSE', 10000),
  ('b8bf76ff-c70d-5538-a21d-a32ed3433166', 'worldcup-2022', 'wc2022_017', 'tan', '62a7f1b1-4180-5bba-9904-de28749c8721', 'WIN', 0),
  ('fdd3165c-a714-5ece-bab8-14f5829ed297', 'worldcup-2022', 'wc2022_018', 'huy', '6ed584c1-9a7f-5ae2-a0fe-19cfaea50c98', 'WIN', 0),
  ('e3df5186-0f1b-58fb-9189-d9a72a249243', 'worldcup-2022', 'wc2022_018', 'tien', 'cf26e1e0-1423-5797-a0d9-9ce327a77365', 'WIN', 0),
  ('5b49070d-984a-54a5-b1a7-27ee611c2be6', 'worldcup-2022', 'wc2022_018', 'lam', 'fbed550c-9cf9-5ccd-882a-55a4f0592d7a', 'WIN', 0),
  ('c4304561-8e32-5d99-9d40-08c364d95821', 'worldcup-2022', 'wc2022_018', 'tai', 'ef0f2d4f-696e-5728-845f-7d8935ff1723', 'WIN', 0),
  ('7b89e35f-e664-5d4f-bb96-ad0741469f3d', 'worldcup-2022', 'wc2022_018', 'tang', '5706a945-9228-5433-9dca-711770e84f33', 'WIN', 0),
  ('8935bc5d-5c42-5922-95f3-797091d2d212', 'worldcup-2022', 'wc2022_018', 'tuc', '5caca64b-978a-5b1f-a576-bd893aaa8946', 'WIN', 0),
  ('5a57f1ce-204a-50fa-9542-2dc4701c901c', 'worldcup-2022', 'wc2022_018', 'co', '13a30de3-c321-5c1b-93a0-8bf6944e6c7b', 'LOSE', 10000),
  ('2ddd0047-a1ca-55de-aef8-7b7e55866f90', 'worldcup-2022', 'wc2022_018', 'thuong', '336aeed3-5b9a-5c0a-8dc7-b303205b62d2', 'LOSE', 10000),
  ('67dc9e8d-c837-5602-ba1f-5a1ba68873a7', 'worldcup-2022', 'wc2022_018', 'tan', '07f84237-dc23-54bb-b98b-9b56399fc6b6', 'WIN', 0),
  ('145ffe37-b61a-52ab-ab14-754c0a8a3e51', 'worldcup-2022', 'wc2022_019', 'huy', '4e88adb7-aac2-50ae-ba16-18f5cdf4cb0f', 'LOSE', 10000),
  ('b41a88ef-8d16-5f73-bbab-34880ab75951', 'worldcup-2022', 'wc2022_019', 'tien', '18c9cccd-b721-528b-ba3f-944aa1c5193a', 'LOSE', 10000),
  ('b4fd293e-02b9-55cb-8bff-dd16ac0089a0', 'worldcup-2022', 'wc2022_019', 'lam', '1559e5a7-1791-5981-8e3c-059b82da79b1', 'LOSE', 10000),
  ('0bfca1eb-9cd9-5c75-a439-ef768fb1b930', 'worldcup-2022', 'wc2022_019', 'tai', '5c3c00df-9d35-583e-9cbf-de4b091c540d', 'LOSE', 10000),
  ('09090a27-39a3-554f-9d08-a9aa5d22774e', 'worldcup-2022', 'wc2022_019', 'tang', 'b071a92c-948f-55c0-ad94-1169d4ba56c0', 'LOSE', 10000),
  ('ba9ee06d-8978-5bbe-814e-2adee9a4e62f', 'worldcup-2022', 'wc2022_019', 'tuc', '15d06b96-7569-569e-bda4-74760367b440', 'LOSE', 10000),
  ('7426b622-87f4-5de2-9a7e-d50dbe83f049', 'worldcup-2022', 'wc2022_019', 'co', 'ff0cc044-5eed-54b4-ac4e-93fca457575e', 'WIN', 0),
  ('fc2ce389-6387-5561-b4cb-a78367060883', 'worldcup-2022', 'wc2022_019', 'thuong', '72a9fb52-c63c-5001-a018-25b24f271741', 'LOSE', 10000),
  ('ec348b2b-ae6b-5ee0-bff4-0e3221f6c414', 'worldcup-2022', 'wc2022_019', 'tan', '436d43fc-02a3-5a88-ac81-d54ce32584dd', 'LOSE', 10000),
  ('79a04cdd-9ce0-5e37-9ea2-7c9e7a312bdf', 'worldcup-2022', 'wc2022_020', 'huy', '32760bce-d94d-56d8-b676-90687303e630', 'LOSE', 10000),
  ('04ddea3f-7e4c-5f63-86bf-22460a27077c', 'worldcup-2022', 'wc2022_020', 'tien', 'a5d7ca36-192c-56bd-9e69-3f6c2438b6c4', 'LOSE', 10000),
  ('3bcd484e-2ed1-5c13-92de-a772e6b58929', 'worldcup-2022', 'wc2022_020', 'lam', '0c46f4b4-afe1-5fcf-8d64-1acc4212f95f', 'LOSE', 10000),
  ('03c95930-3390-5644-be67-e39185bbcddf', 'worldcup-2022', 'wc2022_020', 'tai', '208c73d9-0d9b-55fc-9d1e-b9ea5d4ce07c', 'LOSE', 10000),
  ('2fd9bd7c-87d1-5968-9e73-43928d4b5688', 'worldcup-2022', 'wc2022_020', 'tang', 'dcab48ad-18b9-593e-a125-6e07c6311da8', 'LOSE', 10000),
  ('038f7138-b156-510b-b9d5-22d2a448c77b', 'worldcup-2022', 'wc2022_020', 'tuc', '0dcb647b-a947-5000-8a6b-7bbd05181e34', 'LOSE', 10000),
  ('3cb8353b-3d17-5399-ba63-ba9ecbf2d300', 'worldcup-2022', 'wc2022_020', 'co', '406c7026-aec0-506d-bcc8-b7a68547f349', 'LOSE', 10000),
  ('f6b97a6c-00b3-5662-909c-e177e34aa427', 'worldcup-2022', 'wc2022_020', 'thuong', '12c88933-0350-5cfc-95a2-f8307e1824fc', 'LOSE', 10000),
  ('4b709f08-09ad-5524-ad52-f004fd84a42e', 'worldcup-2022', 'wc2022_020', 'tan', '2776f150-02b2-57f1-a30e-0c6e18a2c8cd', 'LOSE', 10000),
  ('51993003-3766-5e94-8f7a-59f98694896e', 'worldcup-2022', 'wc2022_021', 'huy', '071541c0-fb8a-5bdc-8900-8b16a08d72fd', 'WIN', 0),
  ('db94f7cb-83ab-5b15-b3df-f898fb24470d', 'worldcup-2022', 'wc2022_021', 'tien', 'ef4b8eb4-1e76-56c3-afc8-18afea2ed77d', 'LOSE', 10000),
  ('2a67408d-092e-5607-a61d-86687c3a3844', 'worldcup-2022', 'wc2022_021', 'lam', '092aafcf-0d2b-5c03-a840-87d4072b1a61', 'WIN', 0),
  ('6e8bf648-fc44-5c03-872f-a10c994ac25a', 'worldcup-2022', 'wc2022_021', 'tai', 'bdb918fb-6fae-5930-b1c9-2ce930c55237', 'LOSE', 10000),
  ('1f93e59b-1244-5485-bc68-3967497e8aa4', 'worldcup-2022', 'wc2022_021', 'tang', '1eb01070-4f54-59fb-a37a-73deebbad617', 'WIN', 0),
  ('9ae1dff4-9697-54a0-9358-1a7b30c11e6f', 'worldcup-2022', 'wc2022_021', 'tuc', '8862af3c-e0d3-58ff-9c91-1dcec50681e4', 'LOSE', 10000),
  ('755f777b-cff8-50fb-96d7-08228f912f19', 'worldcup-2022', 'wc2022_021', 'co', 'b42024d9-0564-5c57-8dbb-4933c3eb3d72', 'WIN', 0),
  ('2b1c338f-def7-5b51-8059-4dacc3826fa2', 'worldcup-2022', 'wc2022_021', 'thuong', '54abfdba-4d81-54a4-8bfb-0035b8aa9149', 'LOSE', 10000),
  ('a76fd65a-32ee-5b48-9ec1-2c4068b7049b', 'worldcup-2022', 'wc2022_021', 'tan', '18fb8822-bd00-5882-8f66-6e68011d50a7', 'WIN', 0),
  ('06272165-7e95-52f0-9948-a348747e0991', 'worldcup-2022', 'wc2022_022', 'huy', '3393b2ad-b3ed-5c73-8acb-84abaa0e359b', 'LOSE', 10000),
  ('aa77b8a5-d213-5219-b672-955d40d0cbb2', 'worldcup-2022', 'wc2022_022', 'tien', '34f8c8c9-485d-5db5-ad41-9530e1d2a1c1', 'LOSE', 10000),
  ('b8af3ced-9140-51c1-a8a9-0c2199e3a2c0', 'worldcup-2022', 'wc2022_022', 'lam', '418de1cd-3d79-5583-a607-a74194405d68', 'LOSE', 10000),
  ('8084deb5-a20f-5461-bf09-8ba063d7ae76', 'worldcup-2022', 'wc2022_022', 'tai', 'a0c42fe8-0334-5102-a3aa-a41a7ad20b38', 'WIN', 0),
  ('4ba3765f-1563-5438-821d-8c83e4f269b5', 'worldcup-2022', 'wc2022_022', 'tang', '2afa596b-ba70-5a17-989b-70b41d8912ef', 'WIN', 0),
  ('2f688934-0a9a-5c79-8bb3-016fd15ca55f', 'worldcup-2022', 'wc2022_022', 'tuc', '906c1842-0f88-5171-b0ec-f757d4693d4a', 'LOSE', 10000),
  ('75d166c3-c6ba-52d4-bf2f-1b2d6367f39e', 'worldcup-2022', 'wc2022_022', 'co', 'ce7aa3a5-8532-593b-a2e9-4ed6804656fc', 'LOSE', 10000),
  ('b1b14413-d2e8-566e-b98d-87520d1572d2', 'worldcup-2022', 'wc2022_022', 'thuong', 'ba3f63d9-961e-5b35-a17a-86116bd55b9b', 'WIN', 0),
  ('cd39a13b-36fd-5d32-8491-76e489fa1376', 'worldcup-2022', 'wc2022_022', 'tan', 'c6d96ee9-a97c-535f-8e98-1a067eaeeba9', 'WIN', 0),
  ('65135871-c027-5a33-8666-df3eff49e90d', 'worldcup-2022', 'wc2022_023', 'huy', 'b9a1850d-2637-5c4a-ace6-bcf2b23cf4c7', 'WIN', 0),
  ('dac42fed-df6d-552a-a6f4-7e170a15a682', 'worldcup-2022', 'wc2022_023', 'tien', '0211b500-cc04-5823-856e-07a2d1c040e7', 'WIN', 0),
  ('7a3c88cc-f321-5a22-80fc-7b111eb5eb8b', 'worldcup-2022', 'wc2022_023', 'lam', '35abab61-04e3-574b-a61b-fa8438d86bbf', 'WIN', 0),
  ('34ddf105-2530-5a03-b411-020b0d58f739', 'worldcup-2022', 'wc2022_023', 'tai', 'd5de353e-77e9-5817-9b24-9094b0f19331', 'WIN', 0),
  ('5d475f48-ac02-56cb-b62d-b88f7edf3fc9', 'worldcup-2022', 'wc2022_023', 'tang', '0b336f43-1b00-58a1-9c18-0acb9019e7c7', 'WIN', 0),
  ('aab3be1e-5650-5aa1-ab71-08785605f65f', 'worldcup-2022', 'wc2022_023', 'tuc', '95852097-fb26-5c57-9aec-b4fe5cf32664', 'WIN', 0),
  ('d70655d5-4ef6-5473-9686-68d05136eec2', 'worldcup-2022', 'wc2022_023', 'co', '4f80d602-2e29-5ba2-a061-d0aa082716a8', 'WIN', 0),
  ('67888018-1be6-53cf-ba77-31a72c6d013f', 'worldcup-2022', 'wc2022_023', 'thuong', 'd62ebec9-fbb7-59ab-bb91-078940a8c78c', 'WIN', 0),
  ('3ff80618-209f-534a-a5d7-6aa2931bbc14', 'worldcup-2022', 'wc2022_023', 'tan', '57d2e0cf-e9ae-572d-b95b-9453dc52f5d3', 'WIN', 0),
  ('6b10021d-e2df-52bd-9d93-bf8c887d0342', 'worldcup-2022', 'wc2022_024', 'huy', '8fb280fd-b907-59ca-9cea-deac9efcc452', 'WIN', 0),
  ('52f9b98f-8ab3-542a-8978-887f89f62ab2', 'worldcup-2022', 'wc2022_024', 'tien', 'f452d5e8-4455-5530-8b03-7f67b061a8d9', 'LOSE', 10000),
  ('6efc593a-f6c7-5277-83f4-20455f63ecdc', 'worldcup-2022', 'wc2022_024', 'lam', '1c4f306a-45ca-52b0-95d4-81caa6299bd5', 'LOSE', 10000),
  ('b64c029c-86e0-5662-92a6-22cabef9c389', 'worldcup-2022', 'wc2022_024', 'tai', 'b43c28f2-7622-518d-90f3-ef45ea474cb8', 'LOSE', 10000),
  ('73e2dba4-07c3-5eb7-8a46-c7b71d9b5cac', 'worldcup-2022', 'wc2022_024', 'tang', 'd8abf960-b897-5c89-9362-6e34656343fd', 'WIN', 0),
  ('cb5897e3-ee98-5292-9546-3c516e03f3e0', 'worldcup-2022', 'wc2022_024', 'tuc', 'be8e9686-6c9d-5200-8312-d77ff0847054', 'WIN', 0),
  ('bd3971f6-1883-53c2-b43e-9cb2282b32fc', 'worldcup-2022', 'wc2022_024', 'co', '0dc22e4b-3ed0-5760-b1d2-3a9c500d492e', 'WIN', 0),
  ('381a00bd-2c0a-5f90-bf4f-5c22a9b2ecdd', 'worldcup-2022', 'wc2022_024', 'thuong', '0d8239da-b2f4-50b1-9f23-daa73c6ab65c', 'WIN', 0),
  ('44ed40b8-24b6-51e6-a08e-b06e78b619fe', 'worldcup-2022', 'wc2022_024', 'tan', 'fb231611-de08-5ba1-a189-991f4667ad30', 'WIN', 0),
  ('da1f1c22-0dcf-53ba-b77e-cf35dc334315', 'worldcup-2022', 'wc2022_025', 'huy', '0b2cfbd2-9d12-5bd7-b6aa-bebb268c5bd6', 'LOSE', 10000),
  ('d3d0963d-2cfd-5784-8ca8-f2dde7c4d341', 'worldcup-2022', 'wc2022_025', 'tien', 'bd52c25e-d360-5da4-bb13-1609f5480d89', 'WIN', 0),
  ('7fabc82a-bbba-5ff6-8cdb-18856f72884e', 'worldcup-2022', 'wc2022_025', 'lam', '845dbb9d-8b85-5d31-91ad-cdfb7df40106', 'LOSE', 10000),
  ('f8a1b30a-ac83-5a9e-a2b4-5228e2708ae9', 'worldcup-2022', 'wc2022_025', 'tai', '5c8b060c-bf0a-5a92-80c0-ada0681d603e', 'WIN', 0),
  ('584fc53f-2782-505e-a218-a5f9ef93e476', 'worldcup-2022', 'wc2022_025', 'tang', '2283a839-8337-5913-948c-9ca4afeadd1b', 'LOSE', 10000),
  ('f23a8287-9472-5bb1-a8fd-e332a6255a37', 'worldcup-2022', 'wc2022_025', 'tuc', 'c7b7b6cc-ef84-54d6-93f8-2fe8cd4a1e20', 'LOSE', 10000),
  ('01928c83-e267-54d0-a6dc-f0e090f4b825', 'worldcup-2022', 'wc2022_025', 'co', '6f887028-16a3-5ebf-8380-ef62e300907a', 'WIN', 0),
  ('07ea8632-857e-5116-8c14-49877340ad7c', 'worldcup-2022', 'wc2022_025', 'thuong', '09d6ad9d-47bc-5269-b511-12cfb3909a27', 'LOSE', 10000),
  ('30359300-bcda-5295-92aa-2c98493afced', 'worldcup-2022', 'wc2022_025', 'tan', '0ddb39b4-884f-5201-b6d6-9eec75487ef7', 'WIN', 0),
  ('7f50bf35-4a5b-5e4c-ae9d-4113d6bd33b8', 'worldcup-2022', 'wc2022_026', 'huy', '8401198b-cda2-57ae-b3e0-31a8ba185d9e', 'LOSE', 10000),
  ('3f1f2441-439d-55f5-b6f5-addd6ab78d00', 'worldcup-2022', 'wc2022_026', 'tien', '3bbe403f-7219-5a1e-ba7c-b343c656fdf1', 'LOSE', 10000),
  ('8dd3ade8-ed2e-5e55-ae0b-74539dc6cd2b', 'worldcup-2022', 'wc2022_026', 'lam', '7505f2be-e9d6-5513-925e-0addecb9c56c', 'LOSE', 10000),
  ('1799db7f-b557-5014-ae7c-24d2e4ecf02a', 'worldcup-2022', 'wc2022_026', 'tai', 'df96ed48-a020-568c-a280-6fddedf5dbca', 'LOSE', 10000),
  ('d167dfbc-2bd8-56f7-9123-e82e5da83592', 'worldcup-2022', 'wc2022_026', 'tang', '2ae239ad-d31b-592a-9e5b-929f49133a23', 'LOSE', 10000),
  ('cf4e681e-ba6d-5d86-a361-86b0d95465ad', 'worldcup-2022', 'wc2022_026', 'tuc', 'a42aaf0d-1d1c-5fed-8c5c-c3d7478af270', 'LOSE', 10000),
  ('5c2e074b-b9b6-5578-b903-7e07432ff21e', 'worldcup-2022', 'wc2022_026', 'co', '3067eac3-6a7e-5849-ac4d-eeaa1aba2de5', 'LOSE', 10000),
  ('585fe1ab-18a7-50f2-b322-f8d6ad5e3ac4', 'worldcup-2022', 'wc2022_026', 'thuong', '6e04fdce-5b6b-5302-91d8-2fc3edc5ce07', 'LOSE', 10000),
  ('e7441c4a-f496-50f1-ac22-6d6765507cf5', 'worldcup-2022', 'wc2022_026', 'tan', '91ac4d15-85d9-5531-8354-5ba9acd060ed', 'LOSE', 10000),
  ('bde4c5c5-0f94-559e-8552-547452ccc507', 'worldcup-2022', 'wc2022_027', 'huy', '5b7fb751-8a4c-5b47-815b-5c099f1383d2', 'WIN', 0),
  ('647b9cf6-d915-5f86-88bd-91b723b5d608', 'worldcup-2022', 'wc2022_027', 'tien', 'fd965b82-d7e5-518c-89d0-3b6717237b72', 'LOSE', 10000),
  ('0198ae1b-e289-5892-a759-808a1f284289', 'worldcup-2022', 'wc2022_027', 'lam', '00085837-28fd-52d3-bc55-60397cb3b748', 'LOSE', 10000),
  ('870185ee-61c1-5250-bab9-e75a1ca5f5f7', 'worldcup-2022', 'wc2022_027', 'tai', 'fd844d17-45e8-5cc8-b4c4-0fc019befaa7', 'WIN', 0),
  ('8fbb7d89-29ff-5d6c-bfd7-fa948456a5b8', 'worldcup-2022', 'wc2022_027', 'tang', 'd3fe1bb7-1bc7-5d53-b2b8-21e4068b1c37', 'WIN', 0),
  ('85d803fb-1d32-562e-af5c-6772b311c3e0', 'worldcup-2022', 'wc2022_027', 'tuc', 'bd860459-f12e-588a-b3ed-0f93a8e4de56', 'WIN', 0),
  ('664d01e9-483b-5b33-8dc2-fa38f71b2f7f', 'worldcup-2022', 'wc2022_027', 'co', '6d9e4872-3786-5acd-95bd-e9b83d16f936', 'LOSE', 10000),
  ('03490906-7003-5517-8798-ce41128268ce', 'worldcup-2022', 'wc2022_027', 'thuong', 'df3e0d44-f8fd-51cb-8ffa-ad80b4e0bc51', 'WIN', 0),
  ('828000a9-92d7-527c-9bef-6120aae304cb', 'worldcup-2022', 'wc2022_027', 'tan', '96af6376-f9d2-5c37-81ba-6f878c27251c', 'LOSE', 10000),
  ('e177fb89-be19-5dc7-bfbd-07fec0c7a752', 'worldcup-2022', 'wc2022_028', 'huy', '9a13c319-1fdd-58dc-ad00-138f4eb3a904', 'LOSE_HALF', 5000),
  ('41c4f175-4b72-5b94-a3b6-5a8dc88e7236', 'worldcup-2022', 'wc2022_028', 'tien', '52a09a2f-4909-52a4-bbe8-c97d41575c19', 'LOSE_HALF', 5000),
  ('369cb07a-1752-59ea-b560-99396c570321', 'worldcup-2022', 'wc2022_028', 'lam', '5367ffae-e5a6-5348-bdeb-6ea7d99fa185', 'LOSE_HALF', 5000),
  ('12296d16-7289-5c89-8695-e8657663a43b', 'worldcup-2022', 'wc2022_028', 'tai', 'c4605d49-b28b-5925-b0ad-b7654987885f', 'WIN', 0),
  ('2dc5f660-6df4-5975-83ed-cbde29584a16', 'worldcup-2022', 'wc2022_028', 'tang', '0699e86d-3339-5ea5-a979-1c999c6f1afa', 'WIN', 0),
  ('7532acc2-f6e7-57a0-b052-28a36b7d0b9f', 'worldcup-2022', 'wc2022_028', 'tuc', '05f2e1da-0d5a-55a6-8eac-630215e46355', 'LOSE_HALF', 5000),
  ('f4e3fddb-97f5-5b13-af76-a46264375f70', 'worldcup-2022', 'wc2022_028', 'co', '101f7d43-8e9d-5ca2-850e-ea02eddc6a13', 'LOSE_HALF', 5000),
  ('5c1e1fbb-16d1-5adc-9973-b328698821d7', 'worldcup-2022', 'wc2022_028', 'thuong', 'd4f8b782-3b4f-5e6d-8f92-15c908d605a0', 'LOSE_HALF', 5000),
  ('66fb07e9-1f86-58df-8f42-51c89ef33f55', 'worldcup-2022', 'wc2022_028', 'tan', '9c3dabab-38e3-5266-9999-adbee65e9a94', 'LOSE_HALF', 5000),
  ('e1af4714-72ea-53d9-b66a-cc06182a7629', 'worldcup-2022', 'wc2022_029', 'huy', '17a7c553-84d2-5358-9991-0286ad54ab2b', 'LOSE', 10000),
  ('1f8fee26-6f94-586d-af97-30bbc4965e34', 'worldcup-2022', 'wc2022_029', 'tien', 'b5bcdb0e-ec2c-5ad8-972f-961c5ac75ed0', 'WIN', 0),
  ('98ebbcc9-e8b2-5131-9bc2-fbe4e3aa28d6', 'worldcup-2022', 'wc2022_029', 'lam', '5f21a15a-ef5e-5ce1-a19c-41046fea6826', 'WIN', 0),
  ('83c5a663-56ea-5498-8812-cb98cad44347', 'worldcup-2022', 'wc2022_029', 'tai', '886b7978-ab26-5636-a20e-64147a474e61', 'WIN', 0),
  ('a6e8ad42-ee21-5f1d-88bc-832f6637a180', 'worldcup-2022', 'wc2022_029', 'tang', 'a5ebf0e4-3173-5afe-a487-ad3c9242fd7b', 'WIN', 0),
  ('7835a5aa-a014-52e6-bbb9-b40987ee5e5e', 'worldcup-2022', 'wc2022_029', 'tuc', '01efe50f-a9d1-5926-9a0b-44b2f9eb98a7', 'LOSE', 10000),
  ('a6a8f60c-cc53-5247-97a3-d796f8f89454', 'worldcup-2022', 'wc2022_029', 'co', 'bd2f671b-70b0-5483-b72b-0da27249688a', 'WIN', 0),
  ('d1d2a5fc-2ceb-5a0f-a8b0-78ba7743116a', 'worldcup-2022', 'wc2022_029', 'thuong', '808b735c-60dc-56c8-b581-2abc24f71468', 'WIN', 0),
  ('de87e21f-04bd-53c6-bde8-bf99c9d6014b', 'worldcup-2022', 'wc2022_029', 'tan', '240ddd66-5f11-517c-ad25-daa8dd8968e5', 'LOSE', 10000),
  ('1e1050b4-5c93-5132-87f5-1cc2c9701a01', 'worldcup-2022', 'wc2022_030', 'huy', '8449dc9a-2a0d-53a1-8cfe-5be26e49b453', 'WIN', 0),
  ('16b030eb-f47c-566c-8130-5b1e9713fb3d', 'worldcup-2022', 'wc2022_030', 'tien', '455f2576-be47-5f1f-8242-90bc14deb272', 'LOSE', 10000),
  ('68c6ea14-770f-5d50-96a6-d13566e3e205', 'worldcup-2022', 'wc2022_030', 'lam', '93a0de0b-dea8-55b2-a519-23e71f8f19be', 'WIN', 0),
  ('95c24a5f-840e-589b-a909-d085ed6f1ee3', 'worldcup-2022', 'wc2022_030', 'tai', 'fcfc92c0-6868-521d-8410-425e5ae334cc', 'LOSE', 10000),
  ('ab4f49dc-88d9-5353-b305-6ad5030e982a', 'worldcup-2022', 'wc2022_030', 'tang', 'c2c6603a-a2ca-5785-bd67-7342eb2032a5', 'WIN', 0),
  ('f5c54871-3dc8-5615-b21a-3c3b9157565b', 'worldcup-2022', 'wc2022_030', 'tuc', 'f84997fb-40e2-5ada-9d7f-71119e595afc', 'WIN', 0),
  ('eaa3beff-d290-55b7-bdbb-725bd94d60c4', 'worldcup-2022', 'wc2022_030', 'co', '0817c590-a7f3-5eef-b7dc-a3428258eea3', 'WIN', 0),
  ('c89c7142-c7fa-5e68-b8b1-0773a37392ea', 'worldcup-2022', 'wc2022_030', 'thuong', '175da9f3-3793-52dd-93f7-8d867f817e87', 'LOSE', 10000),
  ('a6c2f155-fb7a-52dd-808a-7735c7b3ff79', 'worldcup-2022', 'wc2022_030', 'tan', 'a48a8c9f-7460-5dc9-89c2-29bb9235cb51', 'WIN', 0),
  ('571150cd-f589-5bd4-9543-e6ff9f5f51e8', 'worldcup-2022', 'wc2022_031', 'huy', '1a366bde-2d61-5bed-923d-46aaa953321d', 'LOSE_HALF', 5000),
  ('d23822c3-5599-55c5-850d-451ad0aa48aa', 'worldcup-2022', 'wc2022_031', 'tien', 'e84104d4-f945-5355-bd42-e2134156c0e4', 'WIN', 0),
  ('32302f1f-659f-5432-934f-4051517f0d2b', 'worldcup-2022', 'wc2022_031', 'lam', '65850bc4-0682-518a-b9a5-9cd2c55220b9', 'LOSE_HALF', 5000),
  ('2a3a8986-a717-5319-a08a-e56ae7bff515', 'worldcup-2022', 'wc2022_031', 'tai', 'dab89df4-f390-5ff4-a008-056bccae2a58', 'WIN', 0),
  ('8ec2a74f-728e-532f-98f4-6a2924490a71', 'worldcup-2022', 'wc2022_031', 'tang', '8ef74cdb-da71-5b2e-a0ee-92c53835ffb2', 'LOSE_HALF', 5000),
  ('1c273b4a-8b6b-54c2-864e-6aaef06106fa', 'worldcup-2022', 'wc2022_031', 'tuc', '4ce99741-d5b9-54eb-9727-3a82754b6666', 'LOSE_HALF', 5000),
  ('e8bc0386-46a5-5499-bfd9-295d4f5dc664', 'worldcup-2022', 'wc2022_031', 'co', '4e695505-164d-5260-b814-1b63f9f9c611', 'LOSE_HALF', 5000),
  ('672eae52-e81c-589a-81a0-9ed3a358177a', 'worldcup-2022', 'wc2022_031', 'thuong', 'cb0e0121-417f-5875-bbce-5c79bf463c1c', 'LOSE_HALF', 5000),
  ('fb7112d6-5b79-5b38-883b-458b5bd93a54', 'worldcup-2022', 'wc2022_031', 'tan', 'cbc3500e-bd5c-52c9-884b-5bcf7a9a1fa3', 'LOSE_HALF', 5000),
  ('05c0affa-3b70-5a92-8467-af53130889f6', 'worldcup-2022', 'wc2022_032', 'huy', 'b9f16cbc-d4e4-505c-99d0-cb0d44f3fc19', 'LOSE', 10000),
  ('44a90ced-4fa4-57e2-98c7-e309206d4c82', 'worldcup-2022', 'wc2022_032', 'tien', '1aba07b0-cd77-57d1-ae3c-cd2f8c114568', 'LOSE', 10000),
  ('0dd64541-afd8-5c98-b862-f292f6e6ef61', 'worldcup-2022', 'wc2022_032', 'lam', '0145de86-4a9a-5e92-a78e-81bd6c5fb0a1', 'WIN', 0),
  ('1cb31e71-2d86-50ab-8695-86d2352f6823', 'worldcup-2022', 'wc2022_032', 'tai', 'a72ceda5-c410-579f-855b-1cb41b163133', 'LOSE', 10000),
  ('a5f9ac61-c6c8-5165-81a1-d0ae386ac5f8', 'worldcup-2022', 'wc2022_032', 'tang', '12324882-c1a1-5992-ad5f-e0ddd6a22083', 'WIN', 0),
  ('a6e943c0-af28-5374-bed8-e41cce8c2483', 'worldcup-2022', 'wc2022_032', 'tuc', '6a31b5a3-7f7d-51b7-abbf-7ba0724c04e8', 'WIN', 0),
  ('3dcdd256-1610-58b4-b173-7482eeb32d35', 'worldcup-2022', 'wc2022_032', 'co', '58f25137-7b20-598d-aacd-12a14b45ee04', 'WIN', 0),
  ('a6b5368c-20f5-5579-ae95-692df62592e5', 'worldcup-2022', 'wc2022_032', 'thuong', '38cc085b-c452-544b-937a-6bd189b2d7eb', 'WIN', 0),
  ('874d3afb-e54d-52df-917d-f3406cdd4585', 'worldcup-2022', 'wc2022_032', 'tan', '5035ce65-e625-5cc0-aaa9-079868a963a4', 'WIN', 0),
  ('6e353740-7bf0-54d4-9a90-758408d0db8a', 'worldcup-2022', 'wc2022_033', 'huy', '16d88974-5861-5036-8c3f-0506dacdce3a', 'LOSE', 10000),
  ('ccd14549-7fc7-5787-a848-3c2648c83f93', 'worldcup-2022', 'wc2022_033', 'tien', '20421778-ddf4-5f00-a558-137f0c95e938', 'LOSE', 10000),
  ('22603b9c-26da-5d66-bf7f-cece00b10ee1', 'worldcup-2022', 'wc2022_033', 'lam', '85e0bba9-7a8f-5d91-8c00-94003244cfca', 'LOSE', 10000),
  ('d97fbcb2-0df5-5bfd-8223-479da6b8bd88', 'worldcup-2022', 'wc2022_033', 'tai', 'a39f1d77-ccaa-5484-b8e5-0c7371ed10c1', 'LOSE', 10000),
  ('c2d7881b-3436-5b7b-8488-6d346d7b0e87', 'worldcup-2022', 'wc2022_033', 'tang', '5c7f75e3-daf2-5818-be66-c84277f6d707', 'LOSE', 10000),
  ('32fd4962-c0bf-5981-85e2-aab78f9f8e71', 'worldcup-2022', 'wc2022_033', 'tuc', '10ae94a2-2b08-5fa0-b771-62c07669b8a8', 'WIN', 0),
  ('26d647e8-8023-5e8b-b060-c6c0870b626e', 'worldcup-2022', 'wc2022_033', 'co', '883a2da0-7edc-51ef-82e7-0334ba6be54c', 'LOSE', 10000),
  ('0cd0e058-2112-5db2-9244-7f2a1ac7f55c', 'worldcup-2022', 'wc2022_033', 'thuong', 'b9771481-0fb4-5a6c-b33f-0968bd9698fb', 'LOSE', 10000),
  ('754e5536-7348-54ec-94e1-7c152113e524', 'worldcup-2022', 'wc2022_033', 'tan', '0b5ee608-601c-5257-8146-85fa6a2b325f', 'WIN', 0),
  ('208edffd-12f2-5172-b87e-76640b37fd13', 'worldcup-2022', 'wc2022_034', 'huy', '9c490f77-52f8-5d68-8ad5-b7a8ab38485f', 'WIN', 0),
  ('059161b3-0c43-5c15-8e26-1f952e04fe25', 'worldcup-2022', 'wc2022_034', 'tien', '7c942e05-823c-5d6e-ba27-516baf40e09e', 'WIN', 0),
  ('d5eadb2b-39a9-5b17-829e-a4c08c61d1e9', 'worldcup-2022', 'wc2022_034', 'lam', '89f709ef-66db-5140-8239-5c3f38fe38b4', 'WIN', 0),
  ('e8e08b59-9d75-5d12-a3a9-d468d9158711', 'worldcup-2022', 'wc2022_034', 'tai', '1c6a533f-635f-5d32-aaf1-d9310297aa97', 'LOSE_HALF', 5000),
  ('f824833b-f8b1-5151-8058-15e46761cd70', 'worldcup-2022', 'wc2022_034', 'tang', '8b566c81-9163-59f1-8700-c4118d079839', 'WIN', 0),
  ('aa781a6d-2e0d-5524-8915-8fed8934d375', 'worldcup-2022', 'wc2022_034', 'tuc', 'afe1c179-4732-5bf9-96db-a38d87395aa4', 'WIN', 0),
  ('a3877f27-82e8-5025-bf67-c28cb08d12bd', 'worldcup-2022', 'wc2022_034', 'co', '38dc8c5b-3a9d-5965-aa0c-5103b461146f', 'WIN', 0),
  ('1348a669-a75f-565f-801b-d8cd0081e13e', 'worldcup-2022', 'wc2022_034', 'thuong', '08fb97d1-9e0b-5af3-b1b7-1252b76c021e', 'WIN', 0),
  ('7581a1b7-8237-5548-8a52-7803635415fb', 'worldcup-2022', 'wc2022_034', 'tan', '6f42c203-78de-5284-b46b-a7a70a000aee', 'WIN', 0),
  ('aa004d9f-3ac1-5ea6-ad9b-7c7b18e260d8', 'worldcup-2022', 'wc2022_035', 'huy', '210cd825-88ff-5e8c-98a5-03bd3007a562', 'WIN', 0),
  ('0f4aed44-26f2-597e-b02f-d86af6d9393c', 'worldcup-2022', 'wc2022_035', 'tien', '366b5bc4-9a38-5033-a49a-3693845513b4', 'WIN', 0),
  ('763fd5b0-3c68-52a3-91f4-50499437014b', 'worldcup-2022', 'wc2022_035', 'lam', '5cce909a-b30d-5b9e-84a3-1bf593844d57', 'WIN', 0),
  ('956f5f63-e1a2-58b5-a81b-b1bd30d117c0', 'worldcup-2022', 'wc2022_035', 'tai', 'bafde041-d143-5125-adf9-93dceeb6549d', 'WIN', 0),
  ('7b6cf0b5-d3ea-5977-b875-6775315f1a9b', 'worldcup-2022', 'wc2022_035', 'tang', '85c901f7-84b7-5c8a-baa5-9274bd6ad869', 'WIN', 0),
  ('be8fdc67-c388-52a3-87b2-8365c228ecfe', 'worldcup-2022', 'wc2022_035', 'tuc', '3ddfb6b9-7bc2-5e12-b160-def0ac1010ef', 'WIN', 0),
  ('f7561d32-56d5-5549-881d-e4e1f6ac7e9d', 'worldcup-2022', 'wc2022_035', 'co', '6ab97ef4-cd79-5b78-9fad-e20166ab4aec', 'WIN', 0),
  ('c85615ad-485a-547a-8812-58fb9ccf2565', 'worldcup-2022', 'wc2022_035', 'thuong', '3292a671-d4ed-5f87-877b-efe6333be014', 'LOSE', 10000),
  ('0db656b3-3c65-57ea-93ac-0217b7cde418', 'worldcup-2022', 'wc2022_035', 'tan', '20bdee4c-4e19-5605-b27a-a604e813f113', 'WIN', 0),
  ('49227a9c-1971-58d9-ad9c-4104e7e8be5a', 'worldcup-2022', 'wc2022_036', 'huy', '7af5b7c2-2e2d-50f7-97ee-c4227fbe3e7f', 'LOSE', 10000),
  ('20dba068-5ff0-5996-9785-d08f99a4e4d8', 'worldcup-2022', 'wc2022_036', 'tien', '11322c83-2eaf-5330-b458-9768a933565c', 'WIN', 0),
  ('41df9c79-250a-5170-aadd-2df2ad4d1394', 'worldcup-2022', 'wc2022_036', 'lam', 'ad55e5f5-76e9-5aaa-911f-b113fa2fb42d', 'WIN', 0),
  ('a3829b50-526d-537d-87f7-b11c047d7ce9', 'worldcup-2022', 'wc2022_036', 'tai', 'ca0366ec-1f2e-532d-9184-4441acc10947', 'WIN', 0),
  ('925b1737-4943-53fc-b171-7237ce8d8e09', 'worldcup-2022', 'wc2022_036', 'tang', '9f5a5318-2cf2-5b79-9e55-7ee24886836c', 'WIN', 0),
  ('bbf17f6d-1e19-5d7f-8653-91f7b2278706', 'worldcup-2022', 'wc2022_036', 'tuc', '7af1922d-284d-5f1b-859e-1cb37b46cd94', 'WIN', 0),
  ('f0688947-2990-5d7a-a0cc-bb7d43144491', 'worldcup-2022', 'wc2022_036', 'co', '1abed5cf-2b17-5f46-a458-a58c35b9cf21', 'WIN', 0),
  ('91483e28-502d-5687-b25f-ca2b75248710', 'worldcup-2022', 'wc2022_036', 'thuong', '3e25bb96-cadd-5c48-89df-e96a738c0049', 'LOSE', 10000),
  ('eb4ddd61-3e32-5998-9bb7-32ade1f724c2', 'worldcup-2022', 'wc2022_036', 'tan', '4d4ee22f-bdf1-5ae1-9d22-924bd5696677', 'WIN', 0),
  ('4849124d-903e-5280-a528-a9dea4b147ad', 'worldcup-2022', 'wc2022_037', 'huy', 'c5ae2978-fb6c-58f0-977a-f20e8386a436', 'LOSE', 10000),
  ('1c58b031-4473-51b6-9a3c-4884a2d248a8', 'worldcup-2022', 'wc2022_037', 'tien', '7cb8872f-2ab2-55a5-bed6-14cc1f8fd43a', 'LOSE', 10000),
  ('59321918-a5f4-5d36-ab19-3888a44b0972', 'worldcup-2022', 'wc2022_037', 'lam', '080e4f75-a134-54f1-ab5f-8b1fdce525d5', 'LOSE', 10000),
  ('17784ce7-290c-5725-9029-81be4ba5864f', 'worldcup-2022', 'wc2022_037', 'tai', '1e85a1b5-bdc1-549b-9e61-0ddfa696c7fd', 'LOSE', 10000),
  ('37b13334-fb77-527b-9d64-6c590623653d', 'worldcup-2022', 'wc2022_037', 'tang', '2901a8cd-6203-5f30-88e0-4a9c0302ceda', 'LOSE', 10000),
  ('a5f51e23-e861-5d8a-a6cf-ceceebcbfc02', 'worldcup-2022', 'wc2022_037', 'tuc', '3a257b25-a5f5-5ed3-81fb-c0839b0fd2c9', 'LOSE', 10000),
  ('dd7e8379-d8f5-5d78-b26e-defe592be552', 'worldcup-2022', 'wc2022_037', 'co', 'cd395637-998a-5c21-bd28-b2bc40cf6788', 'WIN', 0),
  ('7b5a9f90-6c46-593c-8928-bc5833c77c1a', 'worldcup-2022', 'wc2022_037', 'thuong', 'b833721e-32aa-5fb7-974f-1b001d1997d8', 'WIN', 0),
  ('e85f61c7-ef0c-51a9-a6e3-f6668d1db5a9', 'worldcup-2022', 'wc2022_037', 'tan', 'e52830ea-f4b0-52cc-a66e-ae99f7d9cb3a', 'WIN', 0),
  ('8d10ad92-9f53-5eae-91df-d2f8d9be84b8', 'worldcup-2022', 'wc2022_038', 'huy', 'c1d9e0f5-3b84-5744-83a7-c943212312d6', 'LOSE', 10000),
  ('a658e341-40ec-515d-bf0d-70780c750283', 'worldcup-2022', 'wc2022_038', 'tien', 'bb321f4e-d1f6-50b7-8652-177520b23fda', 'LOSE', 10000),
  ('2e632912-9cbd-5ba8-9add-e8c60cd97b58', 'worldcup-2022', 'wc2022_038', 'lam', 'e3277842-7a06-562a-b4a5-971a6476b762', 'LOSE', 10000),
  ('0981eb7d-4dcf-5e99-a3cc-baf1ade62fa9', 'worldcup-2022', 'wc2022_038', 'tai', '3e955b47-bc11-584e-a620-f7b323c8c100', 'LOSE', 10000),
  ('8e71c27e-080d-52ed-9931-c9685e2b5422', 'worldcup-2022', 'wc2022_038', 'tang', '8b1ed4c9-d4c2-5a66-ad37-be389632a103', 'LOSE', 10000),
  ('bd61e117-f97e-555d-9155-7c4949c0b0a7', 'worldcup-2022', 'wc2022_038', 'tuc', '56f4d1f1-a8fe-56c5-8dcd-9bca15c5dcb0', 'LOSE', 10000),
  ('0a6bc269-6600-5d17-9b1c-74cd9598ae52', 'worldcup-2022', 'wc2022_038', 'co', 'c73e1b21-3557-5cb6-a51e-9fdddf1c8f35', 'WIN', 0),
  ('9eaf70cb-2bc8-5693-8607-ea51d8eea478', 'worldcup-2022', 'wc2022_038', 'thuong', 'e16d0207-8bf1-51ee-bc90-21fed5bf838f', 'WIN', 0),
  ('9afcdcbd-6dc1-5f29-b0cc-89e75cbc1ebc', 'worldcup-2022', 'wc2022_038', 'tan', 'eca7a76b-49d2-530a-81d8-185e7fb12e10', 'LOSE', 10000),
  ('d43c08b9-e882-593a-bcce-260046aa7e1f', 'worldcup-2022', 'wc2022_039', 'huy', 'cf072ea2-9631-5d84-abfc-69c87728958d', 'WIN', 0),
  ('5f6eaea3-7c40-5617-9347-efaba89a5f18', 'worldcup-2022', 'wc2022_039', 'tien', '07d08c24-f241-5579-9f47-f916c0deb452', 'WIN', 0),
  ('af40fd8a-e26d-5d69-8834-9ddca2b464db', 'worldcup-2022', 'wc2022_039', 'lam', 'c504f4e8-92bc-5996-b0e8-34b768332c5e', 'LOSE', 10000),
  ('e937b0d2-bb19-5a5a-8f73-5319493639e8', 'worldcup-2022', 'wc2022_039', 'tai', '89a341e8-f598-5552-81f7-d451aac40a5b', 'LOSE', 10000),
  ('63c94fb5-e437-589a-8cb0-25d3108a4967', 'worldcup-2022', 'wc2022_039', 'tang', 'c4a41175-fe2e-5778-bd28-941bc233e371', 'LOSE', 10000),
  ('5b8b1130-b2a4-5591-b72b-ce722321d8cb', 'worldcup-2022', 'wc2022_039', 'tuc', '74e4b89a-7ff8-5808-b752-1ad2c83d91c4', 'WIN', 0),
  ('03df45c9-d5f2-5ebd-a387-56335d5b92f8', 'worldcup-2022', 'wc2022_039', 'co', 'bc9c16c6-5396-57e7-9f82-597122ece837', 'LOSE', 10000),
  ('eab1ddf0-5357-5df7-954d-52bfe9973a6c', 'worldcup-2022', 'wc2022_039', 'thuong', '20f535d5-2ae2-5318-a435-2947bde914a3', 'LOSE', 10000),
  ('2f6df998-95e6-5159-9f5a-68223ff8ee7c', 'worldcup-2022', 'wc2022_039', 'tan', 'ed0da733-4411-5939-a73c-59e622352021', 'WIN', 0),
  ('032bb8eb-301c-5fe4-84a1-8ba443db891f', 'worldcup-2022', 'wc2022_040', 'huy', '44d0220e-b4b0-51de-ba08-13d795885c1a', 'LOSE_HALF', 5000),
  ('9640d3e8-13bb-5cee-8f1e-0eb4f6ede48e', 'worldcup-2022', 'wc2022_040', 'tien', 'c40de79b-343a-5f9d-bcf3-b2263ed472bc', 'WIN', 0),
  ('d1eda228-75a0-58a7-a52c-7bbe927b98e7', 'worldcup-2022', 'wc2022_040', 'lam', 'b888f817-c275-5877-956e-eb91356ef92a', 'LOSE_HALF', 5000),
  ('5315071b-c7ab-5419-aeb9-75345a4e06e7', 'worldcup-2022', 'wc2022_040', 'tai', '85b5092e-6182-534f-8ae3-d33a10c63550', 'WIN', 0),
  ('a46dce7c-d327-56e9-b51b-668f2b530fed', 'worldcup-2022', 'wc2022_040', 'tang', 'b78334fd-5b96-5c43-8523-446a3ba6f0ed', 'LOSE_HALF', 5000),
  ('0a9e8e68-c631-5453-b55c-c6cd27aa4738', 'worldcup-2022', 'wc2022_040', 'tuc', 'ba8e61cc-aded-5f13-bdd1-e97f4b01e51d', 'WIN', 0),
  ('2558bb4b-c571-5ab8-8aad-7b9762d2d667', 'worldcup-2022', 'wc2022_040', 'co', '96c1924b-5290-53e1-92a4-56871fcecb99', 'WIN', 0),
  ('d85c6d2f-c6c2-5b79-a3b9-9a63a4b8c589', 'worldcup-2022', 'wc2022_040', 'thuong', '7698d6d8-82fe-54d0-9ab9-15b0558ffdf7', 'LOSE_HALF', 5000),
  ('c7e4885f-6e8e-5392-bace-cbc9f7408b2e', 'worldcup-2022', 'wc2022_040', 'tan', 'dec9ecf5-8ea9-5520-a6ec-e002057052b8', 'WIN', 0),
  ('e3a35ad1-e717-576e-9c53-dea7b902f215', 'worldcup-2022', 'wc2022_041', 'huy', '5933dec8-9942-5a28-9584-f8fca8c9ee03', 'WIN', 0),
  ('95a8ba23-53b6-58c8-8755-8c6b692e1af4', 'worldcup-2022', 'wc2022_041', 'tien', '8902fb70-ba62-5ec1-9470-59d73de830e2', 'WIN', 0),
  ('e58e90bc-7dd7-51bf-906b-4fbd21dfe86a', 'worldcup-2022', 'wc2022_041', 'lam', '991f3969-4a08-57d7-ad90-2b710cc156eb', 'WIN', 0),
  ('c5b575b2-9659-5b1d-995a-949b53b0d9ab', 'worldcup-2022', 'wc2022_041', 'tai', 'fb9e0dad-e5e4-5363-98c9-761b8cb19b5c', 'WIN', 0),
  ('b81191cb-b9e4-5e03-8269-61fa86d72f73', 'worldcup-2022', 'wc2022_041', 'tang', 'ef21576d-e8db-5136-a46e-093841f97775', 'WIN', 0),
  ('4df0f4e8-c2de-53e3-93a6-98f3c9dd0721', 'worldcup-2022', 'wc2022_041', 'tuc', '2700237c-08ad-52b6-bcd7-9c33e2ea8f76', 'WIN', 0),
  ('20daee35-8fa7-522a-93aa-edba79fe9434', 'worldcup-2022', 'wc2022_041', 'co', '98d6fe5c-b3a4-51ff-a531-1b07ac15f430', 'WIN', 0),
  ('523fa637-aa6c-5c35-a333-d4b2615609a2', 'worldcup-2022', 'wc2022_041', 'thuong', 'bf6ef211-a12c-57a7-8552-cee6ef96a0a1', 'WIN', 0),
  ('527c5e8a-429c-5d89-acd4-17f138129b51', 'worldcup-2022', 'wc2022_041', 'tan', '39399e2d-9835-576a-9197-c9d616021fd8', 'WIN', 0),
  ('9dcf54d9-ec6d-57d0-81e1-ec81a1510ade', 'worldcup-2022', 'wc2022_042', 'huy', 'e12417b7-cd8f-5e7b-bd94-678f2ce23413', 'WIN', 0),
  ('004014d5-39c4-5dcf-bfed-7a2e7b131737', 'worldcup-2022', 'wc2022_042', 'tien', '7998346b-2ca5-58e1-948a-d9912f6cb9af', 'LOSE', 10000),
  ('452a5e33-3c23-5042-aed7-b2b26f9a2e6c', 'worldcup-2022', 'wc2022_042', 'lam', '3380843d-66f3-5446-9f5d-6ee5cf8da9c4', 'WIN', 0),
  ('5946f2f3-41c4-5651-9a51-7b6dcdc67268', 'worldcup-2022', 'wc2022_042', 'tai', 'de09e7f0-9893-5d7e-b62a-c8d363e14cf6', 'WIN', 0),
  ('b498d88c-babd-5a77-b412-06d091d0020b', 'worldcup-2022', 'wc2022_042', 'tang', '5d548fa0-f101-5c70-bbfa-7f3b96bb7e6e', 'WIN', 0),
  ('8a3b587d-20b8-58dc-b544-7304cd053ccc', 'worldcup-2022', 'wc2022_042', 'tuc', 'fbf5db36-a6e9-59a3-a444-bf8f4d734b04', 'WIN', 0),
  ('5ab686ec-9fdb-59e9-b17e-7455c0e61d73', 'worldcup-2022', 'wc2022_042', 'co', 'fbf8a27d-5405-5ae8-ad79-66378223ca5e', 'LOSE', 10000),
  ('73cb02ec-78b4-597c-bd4c-2840c1dbe3f9', 'worldcup-2022', 'wc2022_042', 'thuong', '6a172e55-d7bc-547f-9d7f-dc6528562aaf', 'LOSE', 10000),
  ('4910e821-30ee-532f-82d3-e4942f9a4e2e', 'worldcup-2022', 'wc2022_042', 'tan', 'b6adc652-3cba-57ea-af1e-a203a253ab0e', 'LOSE', 10000),
  ('09471dd3-1c4f-5741-a7cc-98dbb69dd177', 'worldcup-2022', 'wc2022_043', 'huy', 'ddaf4d6a-ea1a-5d79-99d1-1682de575e02', 'LOSE', 10000),
  ('4c3f3b92-7bf1-5708-b0cc-ad00c794a43a', 'worldcup-2022', 'wc2022_043', 'tien', 'd269f4df-89b1-5f59-9ff6-f5741de2bf0f', 'LOSE', 10000),
  ('2a90549f-5f8f-51dc-a0e0-4731cc6a9a31', 'worldcup-2022', 'wc2022_043', 'lam', '0f3f930d-8a1a-5986-b089-dafc849da3d8', 'LOSE', 10000),
  ('08fa5a66-d440-5db4-b34c-3beab145e9ec', 'worldcup-2022', 'wc2022_043', 'tai', 'a327f10d-6ae2-5d66-a0cc-453431f8fb0a', 'LOSE', 10000),
  ('c3a86c6d-3697-5da8-9736-64e401779289', 'worldcup-2022', 'wc2022_043', 'tang', '7c926572-6596-5555-b9c8-15d7c1f84008', 'LOSE', 10000),
  ('0fba32fe-ced2-5138-abac-b0d99f2fb4fe', 'worldcup-2022', 'wc2022_043', 'tuc', '5cf57cc6-05b2-57e1-b386-9409155aef7c', 'LOSE', 10000),
  ('a1b37d2d-de20-5203-a0ea-8f0c8ff4fa45', 'worldcup-2022', 'wc2022_043', 'co', '7b0b0b03-3a29-5905-bc0e-14d79961b94c', 'LOSE', 10000),
  ('cfe79f33-4c08-582a-b5f2-130ef73817f3', 'worldcup-2022', 'wc2022_043', 'thuong', 'b78b7ea4-e8aa-5ae1-b95e-1c9b05ff78e8', 'WIN', 0),
  ('5f9bc209-96ed-5adc-aa10-4335145cd337', 'worldcup-2022', 'wc2022_043', 'tan', '2091f95b-81f3-5a16-8f5f-eb7dbe4efd30', 'LOSE', 10000),
  ('712ac21e-35cf-5644-8c36-5d08a37021c5', 'worldcup-2022', 'wc2022_044', 'huy', '771c3d72-4b03-54de-a03f-96f20b6322ba', 'WIN', 0),
  ('1619d438-67b9-5d43-a9fd-6b0e64a5159f', 'worldcup-2022', 'wc2022_044', 'tien', 'f7c91a81-3d4f-5d0d-a3c3-56ec6eacbe10', 'LOSE', 10000),
  ('7d0f1031-3220-5e92-b590-0b8a0dd98c40', 'worldcup-2022', 'wc2022_044', 'lam', '12031f62-223f-5d23-8329-39177bb5b3fc', 'WIN', 0),
  ('2d21b1f0-f5b5-5326-9540-6a201070f79d', 'worldcup-2022', 'wc2022_044', 'tai', 'e2b78ba4-f674-5ef4-bf2b-6fe2bc78a860', 'WIN', 0),
  ('526f852c-438a-5118-aea2-1e422c055782', 'worldcup-2022', 'wc2022_044', 'tang', '96334a9c-4314-5afd-8812-8b8b987bf36c', 'WIN', 0),
  ('e587f518-3489-5609-9d85-5960ccd539da', 'worldcup-2022', 'wc2022_044', 'tuc', '5ffef3e8-280b-5819-90b2-8e8a442a5ace', 'WIN', 0),
  ('f43aaded-b470-5c9c-93c8-0b67c9c2877e', 'worldcup-2022', 'wc2022_044', 'co', '2a71eebe-5a28-577b-8013-7d34e06a1a7e', 'WIN', 0),
  ('157115af-cf1e-5bfe-b49b-076eb27ef979', 'worldcup-2022', 'wc2022_044', 'thuong', '53946b7c-df1a-5737-b51c-acbbfce642d0', 'WIN', 0),
  ('0872e937-d3e5-5453-bfc1-a80caf768fa5', 'worldcup-2022', 'wc2022_044', 'tan', 'b99d154e-94b9-5f77-be14-fdc776f6f360', 'WIN', 0),
  ('6282adc5-1e0b-5a24-8981-0fd51e8d6f38', 'worldcup-2022', 'wc2022_045', 'huy', 'ad31f97a-324d-569f-a1ae-6bc26a8679be', 'WIN', 0),
  ('c928310f-ce58-519c-9268-ea91684989d4', 'worldcup-2022', 'wc2022_045', 'tien', '4fe176c7-cb61-5b83-a39f-d916eb52097e', 'LOSE', 10000),
  ('f875c7c9-a4ff-5828-bad3-02dfc9b31ab5', 'worldcup-2022', 'wc2022_045', 'lam', 'b99225f8-d6ae-5e40-8f02-6dbb60689869', 'LOSE', 10000),
  ('6bae6ba8-4712-508e-849c-f298cce0e19a', 'worldcup-2022', 'wc2022_045', 'tai', 'd293a81a-9df4-5155-9dbf-fc3ed952cd8f', 'LOSE', 10000),
  ('514f42c8-2c29-5235-bf67-e9624a5fef45', 'worldcup-2022', 'wc2022_045', 'tang', '0221a254-0c14-55aa-b0e5-6ad37916d6e8', 'LOSE', 10000),
  ('733176a2-4c71-5047-9560-718e3edddb30', 'worldcup-2022', 'wc2022_045', 'tuc', 'c494bbd1-49f6-5f6c-a1f0-cc0b69c257e1', 'WIN', 0),
  ('3b4388f9-6399-51aa-bf3c-08b9ed7b69b0', 'worldcup-2022', 'wc2022_045', 'co', 'dfdb6c33-7023-5425-b989-9724a4b60e70', 'LOSE', 10000),
  ('58eade67-40d4-5068-8520-7784f15f81aa', 'worldcup-2022', 'wc2022_045', 'thuong', '5a470e18-b833-52d6-8434-c518fe6eca4b', 'LOSE', 10000),
  ('e8cd1c80-f87f-5b86-a837-c3d07fc33029', 'worldcup-2022', 'wc2022_045', 'tan', 'e7c04e78-5a48-5fa2-aeeb-799084c89049', 'LOSE', 10000),
  ('d618731d-5b71-5861-87b0-4b364f40ad2a', 'worldcup-2022', 'wc2022_046', 'huy', 'cf339008-b5de-5994-b4fe-5a1660861531', 'WIN', 0),
  ('9d01581d-5f64-54fa-9eaf-658b55fa9fe6', 'worldcup-2022', 'wc2022_046', 'tien', '0f709c45-0f3a-5eaf-8fc1-e906bf863550', 'LOSE', 10000),
  ('4da367cb-1796-5192-837d-982a9a76aad9', 'worldcup-2022', 'wc2022_046', 'lam', '2954fdb0-8bf3-52e2-9c48-1d6980fb3c76', 'LOSE', 10000),
  ('3394b6a7-9114-5300-a35b-ce9b49e69350', 'worldcup-2022', 'wc2022_046', 'tai', '488484bc-62de-5d84-9176-661bf5d774fb', 'LOSE', 10000),
  ('25ff02a5-ee75-5ce1-94ff-84789577beea', 'worldcup-2022', 'wc2022_046', 'tang', '954398dc-dcf7-57b1-8b01-5eb6de3083dc', 'WIN', 0),
  ('5e00536b-6c6b-56e1-8a81-f50a8b37957d', 'worldcup-2022', 'wc2022_046', 'tuc', '76f0b6ee-891e-5053-8f93-a3fb8be25aad', 'LOSE', 10000),
  ('284aff87-7be8-55ef-b8e3-98be7dcab087', 'worldcup-2022', 'wc2022_046', 'co', 'd48d1614-a5f1-5e03-8d52-a6d03248ba51', 'LOSE', 10000),
  ('5870c4ff-c764-5390-a07c-70020e027293', 'worldcup-2022', 'wc2022_046', 'thuong', 'b7aee0a3-4d97-57d5-82e3-cf210640e691', 'WIN', 0),
  ('01a0e7b6-a06d-5c10-9bc0-e05a5fd77be7', 'worldcup-2022', 'wc2022_046', 'tan', '05b39d2d-bdbc-5575-92a6-70b83e5e7c59', 'LOSE', 10000),
  ('827edcfc-882f-5e23-9e6a-ae03e878ae2a', 'worldcup-2022', 'wc2022_047', 'huy', 'aa011c96-2ed9-5c45-b3f9-fc7dc90f23f8', 'LOSE', 10000),
  ('8f9d0e88-40bb-5fe2-b3a1-ae3f2a7ce1d2', 'worldcup-2022', 'wc2022_047', 'tien', '8ba4b435-5d2e-56b2-85cc-b1c26dd8bb1b', 'WIN', 0),
  ('accdf704-4763-5727-bee7-d6cd129e1822', 'worldcup-2022', 'wc2022_047', 'lam', '4adb6061-229a-5b97-a822-9063370c6a58', 'WIN', 0),
  ('0a442631-ad2b-5807-b415-1789e7c6e2ba', 'worldcup-2022', 'wc2022_047', 'tai', 'f4775338-f096-527e-ae55-f7e0b8076b54', 'WIN', 0),
  ('d61ab7b4-b7c5-5c14-b3b8-0d0db5e618ab', 'worldcup-2022', 'wc2022_047', 'tang', '69724a39-63b9-540e-90d1-6f7500f7c1fa', 'WIN', 0),
  ('4dbbcfac-f6f2-5293-ad0c-95b5092469ae', 'worldcup-2022', 'wc2022_047', 'tuc', '02b1dc04-a8d8-539b-b770-27e92167e68e', 'WIN', 0),
  ('60ac0a7a-6528-5e75-8e79-1dd7492c6e86', 'worldcup-2022', 'wc2022_047', 'co', 'e78293c5-e8d1-5aff-af8d-c75d22a1cd59', 'WIN', 0),
  ('bf5f4b55-974a-5fed-8b63-decaaf9326e7', 'worldcup-2022', 'wc2022_047', 'thuong', 'c5d11580-a392-5ac1-8f33-0e5d75ff2393', 'LOSE', 10000),
  ('d0f72d7c-706b-5db9-a62f-ba778a4bb057', 'worldcup-2022', 'wc2022_047', 'tan', '517c800f-896a-58be-8cf1-6810b234b0f6', 'LOSE', 10000),
  ('c14f1a26-b06b-5e8b-9d7c-478ec48589ae', 'worldcup-2022', 'wc2022_048', 'huy', '2681d026-7105-5652-ac5f-7cffc0e340d4', 'LOSE', 10000),
  ('3eef6f89-da86-5610-a066-f364df8871eb', 'worldcup-2022', 'wc2022_048', 'tien', '9ffdaeec-9ab5-556e-bbe5-ce1191d95227', 'LOSE', 10000),
  ('2533b059-08a6-5d77-a4d0-1d070b039980', 'worldcup-2022', 'wc2022_048', 'lam', 'd2bb74d7-763e-5d75-86d3-65831fcc410d', 'WIN', 0),
  ('0dc79f97-5ff3-587d-ac9c-7956d2597744', 'worldcup-2022', 'wc2022_048', 'tai', '9952d60c-7393-5ce7-a5f9-0fc3be7fc3c1', 'LOSE', 10000),
  ('652b60e4-ad04-5985-975e-4030eb939dcd', 'worldcup-2022', 'wc2022_048', 'tang', '68d1e7aa-65c2-5c78-a90c-c6aa7a68686b', 'WIN', 0),
  ('34c3fcb2-64e4-5e8e-af50-899ef325a9fb', 'worldcup-2022', 'wc2022_048', 'tuc', 'ee3100c9-0ec9-5f72-8141-352178a768a6', 'LOSE', 10000),
  ('842acb90-bacc-5af1-9cab-cb220d46143b', 'worldcup-2022', 'wc2022_048', 'co', '9a03150d-82b9-5c5a-b6d2-ea2d141e9f2e', 'LOSE', 10000),
  ('c3d7ed28-1693-54e5-87a7-b151992e2ef6', 'worldcup-2022', 'wc2022_048', 'thuong', 'a7b036d9-4f1d-5689-94b8-e344cab49201', 'WIN', 0),
  ('1ead1cec-3673-58be-a225-67f71dee3e2e', 'worldcup-2022', 'wc2022_048', 'tan', '088cfc6f-53d4-59e4-aea2-b0ffeb2b0d26', 'LOSE', 10000),
  ('0009ca4b-f5ac-597f-ad1a-cf6f0f48cb55', 'worldcup-2022', 'wc2022_049', 'huy', '3cbf826d-a81e-5639-a44a-935e1a8255b4', 'WIN', 0),
  ('8ae73bf3-0ede-5f41-af51-89f499e81843', 'worldcup-2022', 'wc2022_049', 'tien', '0a4932fc-6100-5a75-aa9f-507a42006a49', 'WIN', 0),
  ('f4444b3e-c5d0-546c-8e1d-70050bf1f911', 'worldcup-2022', 'wc2022_049', 'lam', '0bb1f3fc-771f-521a-897a-cf369925c8d2', 'WIN', 0),
  ('b4794740-d866-523e-b329-18c32f521225', 'worldcup-2022', 'wc2022_049', 'tai', '2147c4b9-f435-5bc6-90e3-333882f071aa', 'WIN', 0),
  ('c1796189-1261-5417-a70c-587928f40328', 'worldcup-2022', 'wc2022_049', 'tang', '8f7bc7b2-85df-5b33-b257-bb02e6334b07', 'WIN', 0),
  ('cb1b3d22-a7c1-5b9d-beec-abb6c4e6f79d', 'worldcup-2022', 'wc2022_049', 'tuc', '7e6cfaeb-2327-5574-9d7a-79d554664de3', 'WIN', 0),
  ('843e1b56-dcb0-5000-84c9-827c1dea261e', 'worldcup-2022', 'wc2022_049', 'co', '8609c8d7-8030-5749-b1c3-8dd8e7f0b64a', 'WIN', 0),
  ('a35174c6-cd6e-576f-a1a7-927f18275d46', 'worldcup-2022', 'wc2022_049', 'thuong', 'bf822f4f-6c15-536f-a53f-147cef9e3031', 'WIN', 0),
  ('ef1f9d8e-030f-505d-bd4c-39af1d0eac19', 'worldcup-2022', 'wc2022_049', 'tan', 'bb8900bf-afeb-5744-88db-a641f3076161', 'WIN', 0),
  ('ab942f96-a18c-5065-9c7b-987916b54bf8', 'worldcup-2022', 'wc2022_050', 'huy', '5273d465-b4a5-5373-861b-c76e45f0bdec', 'WIN', 0),
  ('715ec158-0bf6-57eb-9845-3fe95a4281da', 'worldcup-2022', 'wc2022_050', 'tien', 'df551c2a-cdc2-54c5-816d-ca039f6065ff', 'WIN', 0),
  ('4eec7c89-f87b-58f4-bcb2-833d3b5c724b', 'worldcup-2022', 'wc2022_050', 'lam', 'e6338ac8-8910-541c-94d4-ad550667649f', 'WIN', 0),
  ('6440bc24-cfb7-5b2e-a464-487319379452', 'worldcup-2022', 'wc2022_050', 'tai', 'a4133cd8-6240-57e9-b08c-24eed7b07116', 'WIN', 0),
  ('8d83dcc9-35ea-5257-b5f0-40d481f51659', 'worldcup-2022', 'wc2022_050', 'tang', 'cb7f95a7-d27b-50bf-b9e0-01eaf8c5b420', 'WIN', 0),
  ('d2909eb9-e526-5384-9a1e-1e577eebcc23', 'worldcup-2022', 'wc2022_050', 'tuc', '38fb0b0a-12a0-51c4-8fd2-15c0e4b1f1b1', 'WIN', 0),
  ('55ce96ce-dd81-514e-8402-7d8ed3b0b79c', 'worldcup-2022', 'wc2022_050', 'co', '822c9d17-4a4d-56ef-a91e-bf631767c4cd', 'WIN', 0),
  ('d40d9749-45a7-5272-8845-a2db04d2f99a', 'worldcup-2022', 'wc2022_050', 'thuong', 'bb0f4ca9-c333-5c36-a756-986fa328ebe6', 'LOSE', 10000),
  ('484614b0-0d3b-5978-9cea-fc8b00aee1b6', 'worldcup-2022', 'wc2022_050', 'tan', '9d22aaab-3d52-57f4-97f2-380eda996669', 'WIN', 0),
  ('eaf57210-6b26-5b11-b939-5b3fa8c49b87', 'worldcup-2022', 'wc2022_051', 'huy', '17331f44-bbe5-5822-aab3-0d6c82a1cf2c', 'WIN', 0),
  ('c31adc74-39c4-59f7-acdd-6de767090db0', 'worldcup-2022', 'wc2022_051', 'tien', '37bdddb5-506b-5b4d-8550-736e42b8fd7c', 'LOSE', 10000),
  ('92b18367-c8be-5bdd-aae4-01dd8f871484', 'worldcup-2022', 'wc2022_051', 'lam', 'cabce6f2-0eab-5cc2-ad53-6ec6d70238b8', 'WIN', 0),
  ('8e3c0d4c-4be2-5a7b-84d3-2adbd45f4ff0', 'worldcup-2022', 'wc2022_051', 'tai', '081a497e-554d-5295-b9a1-32deb0f10f08', 'LOSE', 10000),
  ('b0f17ddc-84b3-522f-8ffe-1536daa5f15d', 'worldcup-2022', 'wc2022_051', 'tang', '26137240-cb8a-5eec-9160-d0ae0be1b288', 'WIN', 0),
  ('3589b776-b6cb-59bc-9a64-30bebfae478a', 'worldcup-2022', 'wc2022_051', 'tuc', '8a18e793-28fd-516b-83dc-6157553b0dab', 'WIN', 0),
  ('7271ea8a-25c6-5a0c-87ec-ea2afbc9ec64', 'worldcup-2022', 'wc2022_051', 'co', 'b47bd21a-9eda-506a-b5d0-6617fc8aabaa', 'WIN', 0),
  ('4a06f116-1050-51e9-a9d6-755dc25c035c', 'worldcup-2022', 'wc2022_051', 'thuong', '4814d2a9-9ada-569e-b784-6c6f3c4d9a04', 'WIN', 0),
  ('24bf3640-b2b0-5a7d-af18-c90855ac048a', 'worldcup-2022', 'wc2022_051', 'tan', '3e2e0ee8-bb39-50bc-8be9-a63b1da33ddd', 'LOSE', 10000),
  ('a09542ed-0457-506f-a040-ed2e572613f0', 'worldcup-2022', 'wc2022_052', 'huy', 'feeabbcb-aae6-5163-9fbe-120f697a900a', 'WIN', 0),
  ('0272c6ae-24d4-5749-8c55-00fb1475bcd0', 'worldcup-2022', 'wc2022_052', 'tien', '96248c59-c48c-5cd5-bda4-f5b8a49fbf4a', 'WIN', 0),
  ('455b9c61-ec08-575e-893f-bb525c31c537', 'worldcup-2022', 'wc2022_052', 'lam', 'e89fa24b-9a65-5539-bcb3-487cb86ae7f1', 'WIN', 0),
  ('099b36fa-ec75-5e6d-a000-1ec2c69223a3', 'worldcup-2022', 'wc2022_052', 'tai', 'de94a3c7-8b0c-5e9f-adde-d396481e7a74', 'WIN', 0),
  ('ae8d085b-ce58-5b6d-af18-03f5a3169490', 'worldcup-2022', 'wc2022_052', 'tang', '691c84a1-1613-5f3b-ab81-e96bae25430b', 'WIN', 0),
  ('c9bcaba0-e4d8-549d-b8f7-56b7852de002', 'worldcup-2022', 'wc2022_052', 'tuc', '941f3125-e107-5b4f-9b31-22a923ca8d99', 'WIN', 0),
  ('d9b177ef-3e0a-529b-8974-cc5849cde6a0', 'worldcup-2022', 'wc2022_052', 'co', '8a455940-9a0e-51ed-bd51-080da833608d', 'WIN', 0),
  ('ef9fed01-06c5-50c7-84e2-7812345bf3d4', 'worldcup-2022', 'wc2022_052', 'thuong', '0b2a8cd3-2ca1-5603-9cf9-04d841007fb5', 'WIN', 0),
  ('0950f2d5-b35a-5e9e-aef1-b65440ab7b88', 'worldcup-2022', 'wc2022_052', 'tan', 'c9fcce5f-3cda-583c-8536-f88b9ceb2e6f', 'WIN', 0),
  ('2790ab19-564e-5eda-9e9a-25d0c81327a8', 'worldcup-2022', 'wc2022_053', 'huy', 'f8d96f23-31d8-543f-a3f9-74c6e13ac02c', 'WIN', 0),
  ('d0c2ceb6-453b-563b-ac55-df1ffad3a0ef', 'worldcup-2022', 'wc2022_053', 'tien', '8551bdc8-b2bb-51f5-9e18-b1754f7f4471', 'WIN', 0),
  ('ba807560-889a-5900-90cb-f3b440e6e833', 'worldcup-2022', 'wc2022_053', 'lam', 'd7164b5f-b975-591a-91e8-44cf6f72778b', 'LOSE', 10000),
  ('9172ddad-f374-5bd6-9ef0-24ce75185231', 'worldcup-2022', 'wc2022_053', 'tai', 'c40ae624-7419-5c21-bb6b-765509ae0951', 'WIN', 0),
  ('3ee7d835-a5c3-5571-917d-386b3bfcc40c', 'worldcup-2022', 'wc2022_053', 'tang', '5d399625-42fa-5a8a-9620-a1578a4a8b0f', 'LOSE', 10000),
  ('60f42de6-7edd-5bc5-8e24-f5239786bd12', 'worldcup-2022', 'wc2022_053', 'tuc', 'e895ae74-9352-5ec8-a719-c77beff36c12', 'LOSE', 10000),
  ('c11cbf8d-ee0b-5f4d-accd-2168e1c3f617', 'worldcup-2022', 'wc2022_053', 'co', 'c73c438f-60b3-5f36-834e-6ba544c3a456', 'WIN', 0),
  ('9c96dcc0-91b0-5f12-98f1-4f50d5c83a82', 'worldcup-2022', 'wc2022_053', 'thuong', '4b4e8362-e45e-5c88-ab4c-516b20d02c40', 'WIN', 0),
  ('ced4bc2c-acca-5aa9-9aad-6287bf873e0e', 'worldcup-2022', 'wc2022_053', 'tan', 'd5a27695-c43c-5a62-8fd3-ef4fdddf89ef', 'LOSE', 10000),
  ('629d2abd-17e9-52fe-ab11-07961295fbee', 'worldcup-2022', 'wc2022_054', 'huy', 'e0500c37-d85e-5fa6-92f0-eaac802ffc29', 'WIN', 0),
  ('83febbab-1696-52b5-a93a-f17ac0597767', 'worldcup-2022', 'wc2022_054', 'tien', '5bc6fcca-1c30-504e-8e5b-4a0c62a01fb7', 'WIN', 0),
  ('c0c76081-d7b1-5157-9e3e-309c258841ea', 'worldcup-2022', 'wc2022_054', 'lam', 'fae931e2-fe91-56ad-9022-2e6fefd44e01', 'WIN', 0),
  ('aad665c0-6746-5be8-9f05-c8404d094efd', 'worldcup-2022', 'wc2022_054', 'tai', 'b5634c9c-d216-58bb-91be-0c060bbc12c3', 'LOSE', 10000),
  ('25126679-3eae-5d84-b8b1-2c0aa5261a3f', 'worldcup-2022', 'wc2022_054', 'tang', '13d06841-8343-5268-bb26-569b8a453158', 'WIN', 0),
  ('142bf0ce-5889-51e8-be2c-c7aa458e1849', 'worldcup-2022', 'wc2022_054', 'tuc', 'b92d000a-d10f-5141-a59d-694365d6a9ad', 'WIN', 0),
  ('3acee76d-8040-581e-9b8e-d9f4dbb88a3b', 'worldcup-2022', 'wc2022_054', 'co', 'cae1b812-623a-56b1-b9ec-bb234e0f5784', 'WIN', 0),
  ('99040a2f-bccf-5265-933c-1fa3ccee9e41', 'worldcup-2022', 'wc2022_054', 'thuong', 'f93b2159-106b-5cf6-bec0-0881933ea927', 'WIN', 0),
  ('1cff0a74-195d-5954-9590-f9c1cd6a6d26', 'worldcup-2022', 'wc2022_054', 'tan', '38d6c852-069a-548e-a108-15ee24ac5726', 'LOSE', 10000),
  ('fc6dc45c-f270-546f-9202-24aa0ee2f20c', 'worldcup-2022', 'wc2022_055', 'huy', '8c6f7612-d9f4-56df-942e-ebedffd9c190', 'WIN', 0),
  ('c35e89ae-1dab-56e0-a3fd-12954f6ed826', 'worldcup-2022', 'wc2022_055', 'tien', '17286020-aeb1-5d45-b3ac-62c399195b32', 'LOSE', 10000),
  ('68a60df3-d8ac-5e64-8a72-54aeb7424bc5', 'worldcup-2022', 'wc2022_055', 'lam', 'a5660dbb-98b0-5c1c-b66d-cdfedf7a33d6', 'LOSE', 10000),
  ('5f73079c-8e54-57bd-a0da-f3813a92e45a', 'worldcup-2022', 'wc2022_055', 'tai', '663a3759-efd3-5739-b439-2cce4e438bd3', 'LOSE', 10000),
  ('83b18f3a-a7a9-567a-b93e-3a01069b4466', 'worldcup-2022', 'wc2022_055', 'tang', '7519de64-b301-5a4d-9bce-43007bb44012', 'LOSE', 10000),
  ('95515647-bf36-5657-b513-e81f43f8f0fe', 'worldcup-2022', 'wc2022_055', 'tuc', '6107edf9-d522-5733-862c-5bd8d163f9e4', 'LOSE', 10000),
  ('7d41327a-4c87-5cc3-a5b5-d9a55b7863f7', 'worldcup-2022', 'wc2022_055', 'co', '6b5bdc1a-381b-5115-bb56-f6d1cb262ca1', 'LOSE', 10000),
  ('752ee875-d323-5484-8a33-adcfe53a249d', 'worldcup-2022', 'wc2022_055', 'thuong', '7c18d848-70db-5364-b1e3-cbf643581030', 'WIN', 0),
  ('f85dab48-0f97-57a0-bddc-5a3225e0e251', 'worldcup-2022', 'wc2022_055', 'tan', 'd5888599-8ef8-57fa-99db-7ead8cc2d937', 'LOSE', 10000),
  ('83833aac-39fc-5440-932f-4e83d98cca47', 'worldcup-2022', 'wc2022_056', 'huy', '08c5b999-71cb-57a3-9b3b-50b83c9a77c1', 'LOSE', 10000),
  ('fd3186bb-8091-5fe5-b236-8cbd097779a8', 'worldcup-2022', 'wc2022_056', 'tien', 'cd1c99e4-dd10-561a-9417-944f1e9a722a', 'WIN', 0),
  ('7125c240-6247-56d8-8ac5-d753fabb9c91', 'worldcup-2022', 'wc2022_056', 'lam', 'a83d0d9b-6e7a-5735-bc22-eecf4996adaa', 'WIN', 0),
  ('22a3f52d-16e0-5e1a-9dae-501364523b94', 'worldcup-2022', 'wc2022_056', 'tai', 'cb14a348-e508-543e-b69f-663aafb74774', 'WIN', 0),
  ('85d7c421-9781-5551-b4f2-9a25c1953065', 'worldcup-2022', 'wc2022_056', 'tang', '15ab2ac4-5258-502d-bb57-5f7ba3c86410', 'WIN', 0),
  ('5cd57a7a-77b9-52dd-a42a-aca9c4e586cb', 'worldcup-2022', 'wc2022_056', 'tuc', 'b7e091f2-1573-5d82-8118-2dd66990d980', 'WIN', 0),
  ('a8cc3673-d5c0-57ae-9301-042d8c1b6090', 'worldcup-2022', 'wc2022_056', 'co', 'e473a3cd-e963-5fe9-bde7-a4dd825900f0', 'LOSE', 10000),
  ('8d7dba71-5a73-59a9-bdbe-02293a2c8408', 'worldcup-2022', 'wc2022_056', 'thuong', '5a9dee84-3234-564d-ba21-be333e463658', 'WIN', 0),
  ('895b2281-fd78-57d8-8c0e-35084482c49c', 'worldcup-2022', 'wc2022_056', 'tan', '9b69e5a2-4d6c-5550-a6a7-befab4c9ccf2', 'WIN', 0),
  ('3d99f06d-13ce-5045-80fb-400f595f344a', 'worldcup-2022', 'wc2022_057', 'huy', '06a06ffe-6655-5641-97e5-02242186cc0f', 'WIN', 0),
  ('323fb5ba-6432-590a-b8bd-140efc4c7eb4', 'worldcup-2022', 'wc2022_057', 'tien', '47d16061-4436-54ed-b177-fc64a894c74a', 'LOSE_DOUBLE', 20000),
  ('a1a4ede1-9778-5ef9-96b5-93a22c252824', 'worldcup-2022', 'wc2022_057', 'lam', '60b52284-0ff4-5825-839b-64135f26c650', 'LOSE', 10000),
  ('a6999c42-d47f-5234-a72f-038042e6b3a9', 'worldcup-2022', 'wc2022_057', 'tai', '0b937b38-7e20-5e19-8dbb-de8602bd8895', 'LOSE', 10000),
  ('d433200c-c98b-558e-a3e0-4d0f4142fef3', 'worldcup-2022', 'wc2022_057', 'tang', '0f9efcaf-f77e-5b9a-93af-6244f8996ee8', 'WIN', 0),
  ('6cf719f3-3091-5f43-88ea-2700726c67d9', 'worldcup-2022', 'wc2022_057', 'tuc', 'fee949e6-b64c-5307-8cc1-910fd061be1e', 'LOSE', 10000),
  ('1fab14e7-f3cd-5c8d-8ae4-27764ec7c4ac', 'worldcup-2022', 'wc2022_057', 'co', '37081889-0907-55f0-8093-7175cb2a5b2f', 'LOSE_DOUBLE', 20000),
  ('eeaac446-e9cd-54ab-8c88-bae52d1cfd99', 'worldcup-2022', 'wc2022_057', 'thuong', '0d05edef-5c92-5d68-ba60-54a142819eb2', 'WIN', 0),
  ('42ce9cea-25ed-5103-8d72-33b218f7ea23', 'worldcup-2022', 'wc2022_057', 'tan', 'be488807-dad1-5cfc-af09-519df715c766', 'LOSE', 10000),
  ('7f8aba8c-2b5d-5f1c-ae6e-50b1a2fca8af', 'worldcup-2022', 'wc2022_058', 'huy', '92262abc-b304-5b62-8617-7e261a4bbb19', 'LOSE_HALF', 5000),
  ('6412f821-3888-58d2-857d-235ce4c2378d', 'worldcup-2022', 'wc2022_058', 'tien', 'b5870dd6-add4-56b0-9f93-2ed040fef29a', 'WIN', 0),
  ('c67971bb-c8b1-587f-b127-1443d93c936d', 'worldcup-2022', 'wc2022_058', 'lam', '6877cbbd-4a94-5782-a1fb-8dfe868c2259', 'WIN', 0),
  ('a4df83b1-02d4-5251-8c1b-8ce3524b681f', 'worldcup-2022', 'wc2022_058', 'tai', '848b068c-2fbe-53e2-a764-75c849aabb70', 'WIN', 0),
  ('262caf78-ae51-5ccc-853c-38fc05440804', 'worldcup-2022', 'wc2022_058', 'tang', 'b2cbbd6a-742c-5ddc-8b89-dcef53ba24a2', 'LOSE_HALF', 5000),
  ('c74bdfb5-4153-5fb0-9581-80ab1640943a', 'worldcup-2022', 'wc2022_058', 'tuc', '02e7aecb-cd94-5419-b6b1-771b56629858', 'WIN', 0),
  ('0e09d321-b936-58a8-83dd-84e343173023', 'worldcup-2022', 'wc2022_058', 'co', '7db13471-c913-5174-9c5d-d4fbbac8c2d7', 'LOSE', 10000),
  ('36cf6dd2-8314-51f1-ba0a-ab257263934c', 'worldcup-2022', 'wc2022_058', 'thuong', 'd3da2349-fa24-59f8-889a-83ff2f6782ac', 'WIN', 0),
  ('aa30d9f5-62a7-55f6-89bb-8333ec4f3bb0', 'worldcup-2022', 'wc2022_058', 'tan', 'd095eb58-9de2-56fa-b874-457a843f7cac', 'WIN', 0),
  ('cd0fe330-febe-5cdc-82ca-ba83930a1a55', 'worldcup-2022', 'wc2022_059', 'huy', 'a1f5bf95-2647-55a6-a106-c1e8698e1cce', 'WIN', 0),
  ('394d8fe5-93c6-5182-ac0f-382eaf4e62e7', 'worldcup-2022', 'wc2022_059', 'tien', 'd8218ca8-4d70-5264-b150-3a203c2eaae1', 'LOSE', 10000),
  ('23ad0034-3a8b-5012-ab6f-e600014b8e55', 'worldcup-2022', 'wc2022_059', 'lam', '19c26d9e-3164-5a15-a5d7-59e23d3ef0d0', 'LOSE', 10000),
  ('fdc11467-d470-5a56-9e57-e05fc5605ae1', 'worldcup-2022', 'wc2022_059', 'tai', 'd9451b3e-4692-5c48-98e4-d46eeaf43023', 'LOSE', 10000),
  ('e9cc2280-c1a5-502b-a8f5-5bc64125d208', 'worldcup-2022', 'wc2022_059', 'tang', 'db12f416-7be7-5bf3-ae00-5520a77e57dd', 'WIN', 0),
  ('8e67c402-7fdb-5c45-b687-4430f813a125', 'worldcup-2022', 'wc2022_059', 'tuc', '239d6bfd-ee5d-5206-88f9-c4a263c9a99a', 'LOSE', 10000),
  ('2df70643-7c38-52c2-89a2-5fbd6449c001', 'worldcup-2022', 'wc2022_059', 'co', 'b2188b2b-4da0-5a59-ad18-f9360091e3cd', 'WIN', 0),
  ('89756084-0283-5de5-b581-24842cd5add2', 'worldcup-2022', 'wc2022_059', 'thuong', '01f6d9c4-8462-571d-b00e-d12e7715e411', 'WIN', 0),
  ('c8707fa1-5675-5bbf-9960-9258b32cfbe8', 'worldcup-2022', 'wc2022_059', 'tan', '86b618c3-178f-5573-b061-2e4729c711cb', 'LOSE', 10000),
  ('54cbbafd-1fa2-5bbf-a2d7-2842662fc3ce', 'worldcup-2022', 'wc2022_060', 'huy', '3559cb39-5161-5613-ad6e-b0ea22eff634', 'WIN', 0),
  ('93139db1-7494-53e1-a2f6-9b9d3d5882c7', 'worldcup-2022', 'wc2022_060', 'tien', 'bc306ae6-f346-57fa-bf5d-de8b365edbf6', 'WIN', 0),
  ('a01c94cc-bf3d-5769-9093-4b4f650999e2', 'worldcup-2022', 'wc2022_060', 'lam', '19057afd-a641-536e-a65a-b09140c80fb5', 'LOSE', 10000),
  ('20996267-a5de-5071-b2bd-cb9719e2d731', 'worldcup-2022', 'wc2022_060', 'tai', 'a9ca4244-fde8-597a-b641-6094db08c1c9', 'WIN', 0),
  ('e23b7b60-bd72-5198-9c89-c6cd64d5f4f1', 'worldcup-2022', 'wc2022_060', 'tang', '3b73d548-ecab-543f-9e82-87e0045fe271', 'WIN', 0),
  ('2a829a43-2c26-521d-ac5a-867372a61ce3', 'worldcup-2022', 'wc2022_060', 'tuc', '608dfec9-bc27-5675-b5fe-313845de5ce6', 'LOSE', 10000),
  ('926908d7-298c-59c2-8261-91f739fcb4a8', 'worldcup-2022', 'wc2022_060', 'co', '47fc0080-256f-5138-8caf-380d0a38f784', 'LOSE', 10000),
  ('e5d35074-f597-5160-bc5e-b4d5e8b92d59', 'worldcup-2022', 'wc2022_060', 'thuong', '564c0249-0aea-5783-8dd3-a6756b343a14', 'LOSE', 10000),
  ('0bc207e5-62b2-53fc-8dc2-87d55a7279de', 'worldcup-2022', 'wc2022_060', 'tan', '2a2e62eb-8018-5dc2-950b-f890b89f029f', 'WIN', 0),
  ('d8a67d0c-d6c6-5190-adc7-e8f4b416cb54', 'worldcup-2022', 'wc2022_061', 'huy', '0e622524-0995-5adf-9c39-1fead8c1044a', 'LOSE', 10000),
  ('573c00ee-558d-57c5-bc0b-2a9159aca377', 'worldcup-2022', 'wc2022_061', 'tien', 'f4557533-4755-502d-8d6d-975d4b86bcce', 'LOSE', 10000),
  ('7d98e748-eba8-5c48-8a39-8cf9d700ede8', 'worldcup-2022', 'wc2022_061', 'lam', '757f18ca-4e06-563c-b0b0-9e057664a5fc', 'LOSE', 10000),
  ('8ef77ddf-cd41-53ab-8aac-f2b95c384915', 'worldcup-2022', 'wc2022_061', 'tai', '8af7763d-7c26-5af9-97a2-7840c2dc7283', 'LOSE', 10000),
  ('2de4e024-6b1b-55a8-b755-2ea2c893b487', 'worldcup-2022', 'wc2022_061', 'tang', 'cad3d04a-df33-540d-aeae-ca63c23ad5e9', 'LOSE', 10000),
  ('48236073-549a-54d3-82e9-3376d425d44a', 'worldcup-2022', 'wc2022_061', 'tuc', 'c745bf13-288a-5c85-8632-421509fd7e44', 'LOSE', 10000),
  ('97e628e3-518a-5dfe-8a1d-676334893ab2', 'worldcup-2022', 'wc2022_061', 'co', 'f72fcdb3-b201-52eb-9e4b-d803a21da521', 'WIN', -10000),
  ('73805ad4-b10f-599e-a3f6-d0292005ca0a', 'worldcup-2022', 'wc2022_061', 'thuong', '3d001b23-6ab7-51a7-8d58-273018110770', 'WIN', 0),
  ('caf11921-d684-5357-8cb0-4b8509b065db', 'worldcup-2022', 'wc2022_061', 'tan', 'ca416a41-7824-5c91-8206-75dfbde7d59b', 'WIN', 0),
  ('b373861b-c199-5c8a-849b-85f6db127e9f', 'worldcup-2022', 'wc2022_062', 'huy', 'daaef18c-c7e1-58f8-88a5-019eaf520917', 'WIN', 0),
  ('d3682ea9-21bc-5a7a-99d8-5f2011b18978', 'worldcup-2022', 'wc2022_062', 'tien', '9e7a5a53-6b64-5d9c-9ee4-ae5c62ebc7c2', 'WIN', -10000),
  ('fee46db6-2e5f-5572-bb86-0dcf09547412', 'worldcup-2022', 'wc2022_062', 'lam', 'f34b3ec0-380e-5538-8a35-d967d46ca511', 'WIN', 0),
  ('c9957943-7c15-5cb8-a27a-3c4a1f32f783', 'worldcup-2022', 'wc2022_062', 'tai', '27eb1778-a216-5a7b-aa9e-f1dec8e9412b', 'WIN', 0),
  ('78f3f59f-2c38-5cc0-9064-292be5fc3928', 'worldcup-2022', 'wc2022_062', 'tang', '3ef80a04-e07d-5869-a210-d4283b32dc1c', 'WIN', 0),
  ('726dd03a-0bd9-5dce-9cf8-a2c43d53fb66', 'worldcup-2022', 'wc2022_062', 'tuc', '18677649-f6b9-5c6c-b141-54cb4c935f52', 'WIN', 0),
  ('f9798fb8-ee54-5a62-91e3-2d3f36cc1228', 'worldcup-2022', 'wc2022_062', 'co', '4f5af6e7-3296-5731-a60c-933873b0516a', 'WIN', 0),
  ('ee716c5e-858b-579f-94ff-1808ca075048', 'worldcup-2022', 'wc2022_062', 'thuong', 'd394c2a0-46eb-5732-b441-bdf01043e078', 'WIN', 0),
  ('009afaed-bbe4-51dd-ac07-3e441b0ee4f3', 'worldcup-2022', 'wc2022_062', 'tan', '0549944f-d557-5a26-b9e2-52c02b910116', 'WIN', 0),
  ('035ea6b0-75d8-561e-94c4-a9d92bf7f6d5', 'worldcup-2022', 'wc2022_063', 'huy', 'a94c491e-6fea-59ff-baaf-7aa1fb3c3288', 'WIN', 0),
  ('0b53e878-617c-5655-846f-d1a6ddb457ae', 'worldcup-2022', 'wc2022_063', 'tien', '81d4140a-b360-54fe-8b65-6da544e2f47c', 'LOSE', 10000),
  ('1aeb75b6-85ca-5d72-aabd-3669b1a8cb08', 'worldcup-2022', 'wc2022_063', 'lam', '782324b6-2048-5e4a-88cf-1a5884d089e3', 'LOSE', 10000),
  ('8ec0e107-3be8-5794-ad7f-be522abd0696', 'worldcup-2022', 'wc2022_063', 'tai', 'd64da61d-7cfa-5557-856d-4beb18fc30a3', 'WIN', 0),
  ('c783f4ea-5d97-5d8e-bceb-76b510edca76', 'worldcup-2022', 'wc2022_063', 'tang', '966df4f5-9a02-5797-9c62-0f7cb872d0fc', 'WIN', 0),
  ('2a36a753-1acc-54be-8a15-c584837ae1a5', 'worldcup-2022', 'wc2022_063', 'tuc', '88b4938c-62de-5b5e-850f-d35b56bf573a', 'LOSE', 10000),
  ('94138b93-04f3-5fc1-bd14-f8a32fda9ef5', 'worldcup-2022', 'wc2022_063', 'co', '280d34a6-4995-5f52-a33d-e55243eb64ae', 'LOSE_DOUBLE', 20000),
  ('e1173236-911a-52a5-933a-c3bf01658f79', 'worldcup-2022', 'wc2022_063', 'thuong', '57fb5fdb-a8ff-5f03-bb77-3da95218f052', 'WIN', 0),
  ('15e2f358-8aa9-5b15-95d5-2ea5e9243762', 'worldcup-2022', 'wc2022_063', 'tan', '2b86cc7c-1a2e-54c7-816d-6f0c58425122', 'LOSE', 10000),
  ('43397216-0599-505c-8ad6-a685fab8d89b', 'worldcup-2022', 'wc2022_064', 'huy', 'd301d4c2-a3d0-59a9-8881-dbad1238884b', 'WIN', 0),
  ('5ca86f1c-549d-5146-a466-7751b274df27', 'worldcup-2022', 'wc2022_064', 'tien', '3fb91886-22bd-5c95-89e4-b89ec97b401b', 'WIN', 0),
  ('2c5fc130-faae-5a40-976f-d033f5dc524b', 'worldcup-2022', 'wc2022_064', 'lam', 'ff553db3-81d4-5c4a-878a-45d8236ced67', 'WIN', 0),
  ('46b15643-c394-59ac-8bd2-7fcf6498a498', 'worldcup-2022', 'wc2022_064', 'tai', 'f15177b8-4a7e-5fd0-ad82-edcae983f67b', 'WIN', 0),
  ('bd536b89-7e9e-5ddc-b788-2e5def37e267', 'worldcup-2022', 'wc2022_064', 'tang', 'd88c91cd-1caf-5f5c-8250-3f8e479204b1', 'WIN', 0),
  ('685e19b8-ccae-503c-9bc3-12190f48a620', 'worldcup-2022', 'wc2022_064', 'tuc', 'bb12884f-1d10-5026-b7bb-b8e4f63ecaa8', 'WIN', 0),
  ('1650a411-5969-530c-a701-8a47044c80b9', 'worldcup-2022', 'wc2022_064', 'co', '703a9728-6548-5ee7-885c-0b5d36ab6906', 'WIN', 0),
  ('257cf21f-7820-5542-877c-163feaaec517', 'worldcup-2022', 'wc2022_064', 'thuong', '074b9768-c1cd-5de9-9daa-5e6f6d742f92', 'WIN', 0),
  ('66b0f987-a976-5b16-b098-f01fa4e49874', 'worldcup-2022', 'wc2022_064', 'tan', '9e034c5c-e5b2-5634-80f4-b509487c4c5a', 'WIN', 0)
on conflict (prediction_id) do update set
  competition_id = excluded.competition_id,
  match_id = excluded.match_id,
  player_id = excluded.player_id,
  status = excluded.status,
  penalty_vnd = excluded.penalty_vnd,
  settled_at = now();

commit;

-- Warnings:
-- - filled missing datetime row 73 match 63: 12/17/2022 22:00:00
-- - filled missing datetime row 74 match 64: 12/18/2022 22:00:00